material or substance name,PC2D_pred,PC2D_std
METHANE,4781520.0,0.060603168
ETHANE,4623566.0,0.031861242
PROPANE,4117696.2,0.021280028
ISOBUTANE,3682914.5,0.013969033
n-BUTANE,3736298.8,0.011776003
"1,1,3-TRIMETHYLCYCLOHEXANE",2786667.2,0.011296157
n-PENTANE,3371957.5,0.011225825
ISOPENTANE,3358529.5,0.00859469
NEOPENTANE,3348388.2,0.015625356
METHYLCYCLOPROPANE,4491946.5,0.02537363
n-HEXANE,3044660.0,0.012144243
2-METHYLPENTANE,3045766.2,0.012795699
3-METHYLPENTANE,3081395.5,0.012837376
"2,2-DIMETHYLBUTANE",3090881.2,0.014540796
"2,3-DIMETHYLBUTANE",3086027.2,0.013220661
1-METHYL-4-ISOPROPYLCYCLOHEXANE,2610790.8,0.01293044
n-HEPTANE,2769657.5,0.008043082
2-METHYLHEXANE,2774183.2,0.008993999
3-METHYLHEXANE,2800991.0,0.007881002
3-ETHYLPENTANE,2841109.0,0.010308079
"2,2-DIMETHYLPENTANE",2804142.0,0.012995473
"2,3-DIMETHYLPENTANE",2854487.2,0.0105669955
"2,4-DIMETHYLPENTANE",2783437.2,0.010401045
"3,3-DIMETHYLPENTANE",2899720.8,0.016113905
"2,2,3-TRIMETHYLBUTANE",2934137.0,0.0121396985
n-HEXYLCYCLOHEXANE,2184563.8,0.016709166
n-OCTANE,2522968.8,0.0062057194
2-METHYLHEPTANE,2515542.2,0.0062644067
3-METHYLHEPTANE,2555609.8,0.0057714013
4-METHYLHEPTANE,2554193.8,0.00560812
3-ETHYLHEXANE,2587619.0,0.007409339
"2,2-DIMETHYLHEXANE",2571321.8,0.013231448
"2,3-DIMETHYLHEXANE",2619959.5,0.0099035995
"2,4-DIMETHYLHEXANE",2588223.8,0.007212397
"2,5-DIMETHYLHEXANE",2559414.5,0.01190433
"3,3-DIMETHYLHEXANE",2644923.5,0.011892476
"3,4-DIMETHYLHEXANE",2664549.8,0.008788315
2-METHYL-3-ETHYLPENTANE,2654911.0,0.011651956
3-METHYL-3-ETHYLPENTANE,2729928.8,0.013101473
"2,2,3-TRIMETHYLPENTANE",2733208.5,0.01001473
"2,2,4-TRIMETHYLPENTANE",2598173.0,0.010996025
"2,3,3-TRIMETHYLPENTANE",2787887.2,0.012451445
"2,3,4-TRIMETHYLPENTANE",2701041.2,0.011201083
"2,2,3,3-TETRAMETHYLBUTANE",2916714.0,0.018634146
n-NONANE,2313356.8,0.01073
"2,2,5-TRIMETHYLHEXANE",2410562.5,0.017440187
"3,3,5-TRIMETHYLHEPTANE",2274298.5,0.013504674
"2,4,4-TRIMETHYLHEXANE",2452217.8,0.012625451
"3,3-DIETHYLPENTANE",2542860.8,0.013279702
"2,2,3,3-TETRAMETHYLPENTANE",2723838.2,0.01728489
"2,2,3,4-TETRAMETHYLPENTANE",2572373.8,0.009260316
"2,2,4,4-TETRAMETHYLPENTANE",2424372.2,0.012812111
"2,3,3,4-TETRAMETHYLPENTANE",2678529.2,0.01447728
SQUALANE,747869.2,0.03909945
n-DECANE,2142310.5,0.012002007
"2,2,3,3-TETRAMETHYLHEXANE",2441714.2,0.016805798
"2,2,5,5-TETRAMETHYLHEXANE",2303039.2,0.021908263
1-METHYL-DECALIN,2766194.2,0.026417876
1-ETHYL-DECALIN,2559045.8,0.024374234
iso-BUTYLCYCLOHEXANE,2546258.0,0.008304273
tert-BUTYLCYCLOHEXANE,2582501.0,0.010212908
n-UNDECANE,1995897.2,0.012443869
n-DODECANE,1862274.8,0.01355533
n-TRIDECANE,1737415.8,0.015225373
n-TETRADECANE,1621917.9,0.016911494
n-PENTADECANE,1517217.1,0.01832013
n-HEXADECANE,1423584.9,0.019354582
n-HEPTADECANE,1340417.8,0.019941704
n-OCTADECANE,1266483.8,0.020168677
n-NONADECANE,1200468.4,0.020240914
"2,2-DIMETHYLOCTANE",2170072.2,0.009117837
n-EICOSANE,1141040.0,0.020421904
n-HENEICOSANE,1087084.2,0.020872077
n-DOCOSANE,1037635.5,0.021689164
n-TRICOSANE,991921.06,0.022862455
n-TETRACOSANE,949286.5,0.024343334
n-PENTACOSANE,909210.7,0.026027901
n-HEXACOSANE,871242.2,0.027811894
n-HEPTACOSANE,835038.4,0.029608449
n-OCTACOSANE,800296.2,0.031367093
n-NONACOSANE,766812.25,0.033098787
3-METHYLNONANE,2148503.8,0.009092966
2-METHYLNONANE,2129207.5,0.008527941
4-METHYLNONANE,2144442.5,0.009809659
5-METHYLNONANE,2148721.0,0.010795875
"2,2,4,4,6,8,8-HEPTAMETHYLNONANE",1499053.5,0.0293837
2-METHYLOCTANE,2304203.8,0.007946928
3-METHYLOCTANE,2327905.8,0.008972343
4-METHYLOCTANE,2337201.8,0.008758987
3-ETHYLHEPTANE,2358490.8,0.0105073
"2,2-DIMETHYLHEPTANE",2350553.2,0.011612474
3-METHYLDECANE,1996487.4,0.009542996
3-METHYLDODECANE,1736145.5,0.0140975
3-METHYLTRIDECANE,1620841.8,0.01515579
3-METHYLUNDECANE,1861205.8,0.011976642
CYCLOPROPANE,5385013.0,0.02530237
CYCLOBUTANE,4850106.5,0.027808977
CYCLOPENTANE,4403052.5,0.024001174
METHYLCYCLOPENTANE,3779032.0,0.017169274
ETHYLCYCLOPENTANE,3389829.2,0.01795035
"1,1-DIMETHYLCYCLOPENTANE",3305413.5,0.019432714
"cis-1,2-DIMETHYLCYCLOPENTANE",3228929.8,0.012729077
"trans-1,2-DIMETHYLCYCLOPENTANE",3228929.8,0.012729077
"cis-1,3-DIMETHYLCYCLOPENTANE",3212301.2,0.014144033
"trans-1,3-DIMETHYLCYCLOPENTANE",3212301.2,0.014144033
n-PROPYLCYCLOPENTANE,3059341.0,0.010944452
ISOPROPYLCYCLOPENTANE,3017093.5,0.010872169
1-METHYL-1-ETHYLCYCLOPENTANE,3031968.5,0.012467293
1-cis-2-trans-3-TRIMETHYLCYCLOPENTANE,2936138.5,0.011496362
"1,1,3-TRIMETHYLCYCLOPENTANE",2930627.2,0.01308984
1-cis-2-trans-4-TRIMETHYLCYCLOPENTANE,2912391.8,0.014009795
n-BUTYLCYCLOPENTANE,2782723.2,0.008698926
n-PENTYLCYCLOHEXANE,2374591.5,0.014195092
2-METHYLDECANE,1981326.5,0.010311181
2-METHYLUNDECANE,1848877.1,0.013136986
2-METHYLDODECANE,1726129.4,0.015097487
3-ETHYLDODECANE,1617643.6,0.014720508
2-METHYLTRIDECANE,1612848.4,0.016081318
"trans-2,n-HEXYL-DECAHYDRONAPHTHALENE",1823773.2,0.0142288385
trans-1-ETHYL-3-METHYLCYCLOPENTANE,2962775.5,0.0064003738
cis-1-ETHYL-3-METHYLCYCLOPENTANE,2962775.5,0.0064003738
n-OCTYLCYCLOHEXANE,1890335.4,0.01724979
CYCLOHEXANE,4017548.8,0.025097895
METHYLCYCLOHEXANE,3468542.8,0.0177367
ETHYLCYCLOHEXANE,3144296.0,0.013876654
"1,1-DIMETHYLCYCLOHEXANE",3061921.0,0.013844365
"cis-1,2-DIMETHYLCYCLOHEXANE",3013269.2,0.009331049
"trans-1,2-DIMETHYLCYCLOHEXANE",3013269.2,0.009331049
"cis-1,3-DIMETHYLCYCLOHEXANE",3000222.2,0.009329697
"trans-1,3-DIMETHYLCYCLOHEXANE",3000222.2,0.009329697
"cis-1,4-DIMETHYLCYCLOHEXANE",2995784.8,0.009247516
"trans-1,4-DIMETHYLCYCLOHEXANE",2995784.8,0.009247516
"1-trans-3,5-TRIMETHYLCYCLOHEXANE",2776157.5,0.009484723
n-PROPYLCYCLOHEXANE,2857259.8,0.009980624
ISOPROPYLCYCLOHEXANE,2816301.2,0.0074515077
"1,2,3,4-TETRAMETHYLCYCLOHEXANE",2690667.2,0.022851812
n-BUTYLCYCLOHEXANE,2589347.0,0.010455847
cis-DECAHYDRONAPHTHALENE,3100591.5,0.017946495
trans-DECAHYDRONAPHTHALENE,3100591.5,0.017946495
BICYCLOHEXYL,2665454.2,0.020492861
"1,1-DIETHYLCYCLOHEXANE",2634622.2,0.0094162095
n-DECYLCYCLOHEXANE,1652516.9,0.019254882
CYCLOHEPTANE,3731181.5,0.021671541
CYCLOOCTANE,3482257.5,0.018397363
"trans-1,4-DIETHYLCYCLOHEXANE",2612008.2,0.010642659
"2,3-DIMETHYLHEPTANE",2401501.2,0.013223576
"2,3-DIMETHYLNONANE",2021995.0,0.011045333
"2,3-DIMETHYLDECANE",1876275.8,0.01208103
"2,3-DIMETHYLUNDECANE",1746734.4,0.013786789
"2,3-DIMETHYLDODECANE",1629455.9,0.014598952
METHYLCYCLOBUTANE,4092289.5,0.022171734
"2,3,3-TRIMETHYLHEXANE",2529642.2,0.01446451
"2,6,10-TRIMETHYLDODECANE",1545344.0,0.017683448
"1,1-DIETHYLCYCLOPENTANE",2819784.2,0.011064683
ISOBUTYLCYCLOPENTANE,2734945.0,0.0069179814
CYCLODECANE,2985244.0,0.021839043
n-PENTYLCYCLOPENTANE,2545202.0,0.013219688
n-HEXYLCYCLOPENTANE,2329129.2,0.016469663
"2,6-DIMETHYLHEPTANE",2351259.5,0.012391579
"3,4-DIMETHYLHEPTANE",2435525.8,0.010712934
"2,2,3-TRIMETHYLHEXANE",2502850.2,0.013494867
"2,2,4-TRIMETHYLHEXANE",2428340.5,0.009977889
"2,2-DIMETHYL-3-ETHYLPENTANE",2507609.5,0.01405265
"2,4-DIMETHYL-3-ETHYLPENTANE",2489455.0,0.01834002
ETHYLENE,5212061.0,0.04297948
PROPYLENE,4584869.0,0.034240313
1-TRIACONTENE,759401.6,0.034735657
1-BUTENE,4018437.5,0.025497772
cis-2-BUTENE,4037386.5,0.029441144
trans-2-BUTENE,4037386.5,0.029441144
ISOBUTENE,4008543.5,0.030301597
"trans-2,2,4,6,6-PENTAMETHYL-3-HEPTENE",1997858.6,0.024506941
1-PENTENE,3570410.2,0.013494097
cis-2-PENTENE,3569239.0,0.0143035855
trans-2-PENTENE,3569239.0,0.0143035855
2-METHYL-1-BUTENE,3570856.2,0.019171195
3-METHYL-1-BUTENE,3596498.8,0.018465431
2-METHYL-2-BUTENE,3573963.2,0.02663583
1-HEXENE,3187369.8,0.012253827
cis-2-HEXENE,3199271.2,0.010799213
trans-2-HEXENE,3199271.2,0.010799213
cis-3-HEXENE,3195490.0,0.014713865
trans-3-HEXENE,3195490.0,0.014713865
2-METHYL-1-PENTENE,3188592.0,0.011514221
3-METHYL-1-PENTENE,3258624.5,0.014410764
4-METHYL-1-PENTENE,3213713.8,0.011571871
2-METHYL-2-PENTENE,3191625.0,0.01908134
3-METHYL-cis-2-PENTENE,3223004.2,0.017767798
4-METHYL-1-HEXENE,2927825.2,0.012256366
4-METHYL-cis-2-PENTENE,3204508.0,0.017292794
4-METHYL-trans-2-PENTENE,3204508.0,0.017292794
2-ETHYL-1-BUTENE,3231591.5,0.016576
"2,3-DIMETHYL-1-BUTENE",3270978.5,0.015677065
"3,3-DIMETHYL-1-BUTENE",3313401.5,0.020078568
"2,3-DIMETHYL-2-BUTENE",3256561.5,0.02695772
2-ETHYL-1-PENTENE,2913528.0,0.017083801
1-HEPTENE,2874105.5,0.013189678
cis-2-HEPTENE,2897227.5,0.013535945
trans-2-HEPTENE,2897227.5,0.013535945
trans-3-HEPTENE,2890017.0,0.0131280925
2-METHYL-1-HEXENE,2881276.5,0.013514484
3-ETHYL-1-PENTENE,2973891.8,0.020652853
3-METHYL-1-HEXENE,2928490.0,0.015216484
3-ETHYL-1-HEXENE,2689082.0,0.013874929
4-METHYL-1-HEPTENE,2652248.5,0.011186856
cis-2-NONENE,2412692.2,0.010580276
trans-2-NONENE,2412692.2,0.010580276
VINYLCYCLOHEXANE,3286528.8,0.014663645
1-ETHYLCYCLOHEXENE,3297583.0,0.01649069
"2,3,3-TRIMETHYL-1-BUTENE",3076266.0,0.019906731
cis-3-HEPTENE,2890017.0,0.0131280925
1-OCTENE,2613762.8,0.012174391
trans-2-OCTENE,2636640.2,0.0104417
1-METHYLCYCLOHEXENE,3688398.0,0.019140044
"1,7-OCTADIENE",2700930.2,0.019107498
"2,4,4-TRIMETHYL-1-PENTENE",2693558.2,0.014373272
"2,4,4-TRIMETHYL-2-PENTENE",2700781.0,0.019074908
2-ETHYL-1-HEXENE,2643100.2,0.015026741
1-NONENE,2392967.0,0.0122114085
1-DECENE,2215052.0,0.012508874
1-UNDECENE,2068932.8,0.011055949
1-DODECENE,1937523.4,0.01083907
1-TRIDECENE,1812454.4,0.012509236
1-TETRADECENE,1693715.1,0.014619255
1-PENTADECENE,1584004.9,0.016521154
1-HEXADECENE,1484807.0,0.017938906
1-OCTADECENE,1317463.6,0.01870124
6-METHYL-1-HEPTENE,2601361.2,0.011823901
CYCLOPENTENE,4762992.0,0.018023912
CYCLOHEXENE,4285211.5,0.016668394
trans-2-EICOSENE,1173861.2,0.019698368
trans-2-PENTADECENE,1573362.0,0.018471057
CYCLOHEPTENE,3930021.2,0.017434206
CYCLOOCTENE,3635969.2,0.0204481
cis-2-OCTENE,2636640.2,0.0104417
trans-3-OCTENE,2628934.8,0.012079454
cis-4-OCTENE,2628117.5,0.010066878
trans-4-OCTENE,2628117.5,0.010066878
cis-3-OCTENE,2628934.8,0.012079454
1-HEPTADECENE,1396263.1,0.018633468
1-NONADECENE,1247187.6,0.018502591
1-EICOSENE,1184095.2,0.018493261
VINYLCYCLOHEXENE,3423973.8,0.021021979
1-METHYLCYCLOPENTENE,4043336.2,0.016851151
3-METHYLCYCLOPENTENE,3950233.5,0.012019667
4-METHYLCYCLOPENTENE,4032530.5,0.013431586
"2,3-DIMETHYL-1-HEXENE",2708431.0,0.011504663
d-LIMONENE,2775162.2,0.01185999
TERPINOLENE,2801685.2,0.011834444
PROPENYL CYCLOHEXENE,3075911.0,0.016716039
1-DOCOSENE,1074914.4,0.019983653
1-TETRACOSENE,982381.75,0.02333155
1-HEXACOSENE,901158.44,0.027425218
1-OCTACOSENE,827589.2,0.0313032
METHYLENE CYCLOPENTANE,4050321.5,0.02164504
1-ETHYLCYCLOPENTENE,3584380.8,0.016739821
3-ETHYLCYCLOPENTENE,3557447.0,0.011349867
PROPADIENE,5078125.0,0.034995925
"1,2-BUTADIENE",4437899.5,0.03492689
"1,3-BUTADIENE",4402242.5,0.030378934
"1,2-PENTADIENE",3847544.5,0.024742227
"cis-1,3-PENTADIENE",3828861.8,0.025253804
"trans-1,3-PENTADIENE",3828861.8,0.025253804
"1,4-PENTADIENE",3790246.2,0.023896543
"2,3-PENTADIENE",3894127.5,0.03409667
ISOPRENE,3828639.0,0.026399022
"1,5-HEXADIENE",3327934.2,0.016147967
"3-METHYL-1,2-BUTADIENE",3878538.5,0.037687995
METHYLCYCLOPENTADIENE,4343161.0,0.018200886
"1,4-HEXADIENE",3396667.5,0.016292317
"trans,trans-2,4-HEXADIENE",3378772.0,0.021607036
CYCLOPENTADIENE,5153034.5,0.02153312
DICYCLOPENTADIENE,3174374.2,0.013689085
alpha-PHELLANDRENE,2756755.5,0.010127677
beta-PHELLANDRENE,2754330.0,0.009685999
"2,3-DIMETHYL-1,3-BUTADIENE",3456918.8,0.024831189
"cis,trans-2,4-HEXADIENE",3378772.0,0.021607036
"3-METHYL-1,4-PENTADIENE",3459177.8,0.021011867
"1,5,9-CYCLODODECATRIENE",2935976.0,0.026366318
"2,5-DIMETHYL-1,5-HEXADIENE",2756861.0,0.016615951
"2,5-DIMETHYL-2,4-HEXADIENE",2802653.0,0.019401792
"1,3-CYCLOHEXADIENE",4606348.5,0.013568363
"1,4-CYCLOHEXADIENE",4580302.0,0.015941864
"1,5-CYCLOOCTADIENE",3754483.0,0.023207206
"trans-1,3-HEXADIENE",3387305.5,0.017239353
"trans-2-METHYL-1,3-PENTADIENE",3396667.5,0.019381696
"1,9-DECADIENE",2291049.8,0.01956253
"1,3,5,7-CYCLOOCTATETRAENE",4194396.5,0.05086555
ACETYLENE,5832635.0,0.04855412
METHYLACETYLENE,5162492.5,0.033313286
ETHYLACETYLENE,4457483.0,0.03298733
DIMETHYLACETYLENE,4492636.0,0.028207656
1-PENTYNE,3974853.2,0.021030279
3-HEXYNE,3470316.2,0.027189523
2-HEXYNE,3470703.5,0.019180633
"3,3-DIMETHYL-1-BUTYNE",3651676.0,0.036602803
2-PENTYNE,3911434.5,0.02115164
1-HEXYNE,3576408.0,0.016614318
2-METHYL-1-BUTENE-3-YNE,4237614.0,0.028882898
1-OCTYNE,2897404.2,0.017687723
VINYLACETYLENE,4888906.0,0.034133222
3-METHYL-1-BUTYNE,3991777.5,0.02364138
1-PENTENE-3-YNE,4201154.0,0.02342478
1-PENTENE-4-YNE,4273853.0,0.0355238
DIPHENYLACETYLENE,2976808.8,0.02893082
1-NONYNE,2634199.8,0.017981214
1-DECYNE,2420846.8,0.019542214
BENZENE,5002705.5,0.03642491
TOLUENE,4217556.5,0.022685671
1-METHYLINDAN,3345126.2,0.016379707
ETHYLBENZENE,3671737.8,0.018218724
o-XYLENE,3670775.0,0.0194497
m-XYLENE,3618979.5,0.017289089
p-XYLENE,3618520.8,0.017605653
5-METHYLINDAN,3403428.0,0.017940141
n-PROPYLBENZENE,3214817.0,0.01702305
CUMENE,3197962.5,0.016017016
o-ETHYLTOLUENE,3262256.0,0.010013346
m-ETHYLTOLUENE,3221465.2,0.010778836
p-ETHYLTOLUENE,3214378.8,0.013400829
"1,2,3-TRIMETHYLBENZENE",3278689.8,0.017471725
"1,2,4-TRIMETHYLBENZENE",3232544.0,0.014378037
MESITYLENE,3185631.8,0.012442324
"3,5-DIISOPROPYLTOLUENE",2255205.8,0.016589602
n-BUTYLBENZENE,2876694.0,0.01864116
ISOBUTYLBENZENE,2843581.0,0.01547607
sec-BUTYLBENZENE,2878412.0,0.017001454
tert-BUTYLBENZENE,2902064.2,0.015637688
o-CYMENE,2897219.0,0.0123414295
m-CYMENE,2869824.8,0.010195813
p-CYMENE,2865550.0,0.012421313
o-DIETHYLBENZENE,2950248.2,0.01258322
m-DIETHYLBENZENE,2914217.2,0.011912427
p-DIETHYLBENZENE,2903747.2,0.013733659
"4,4'-DIISOPROPYLBIPHENYL",1934779.4,0.020068152
QUATERPHENYL,1872057.6,0.025150554
"1,2,3,4-TETRAMETHYLBENZENE",3031043.5,0.013677409
"1,2,3,5-TETRAMETHYLBENZENE",2984546.5,0.008547926
"1,2,4,5-TETRAMETHYLBENZENE",2992618.2,0.010987506
p-tert-BUTYL ETHYLBENZENE,2418553.0,0.008720983
"1,4-DI-tert-BUTYLBENZENE",2186014.2,0.026846983
"1,3,5-TRI-tert-BUTYLBENZENE",1681663.1,0.0435827
"1,3,5-TRIISOPROPYLBENZENE",1986035.0,0.020734634
"1,6-DIMETHYLINDAN",2993522.8,0.010466885
"1,1,5-TRIMETHYLINDAN",2739555.0,0.009956419
PENTAMETHYLBENZENE,2836606.5,0.012787603
"1,2,4,5-TETRAISOPROPYLBENZENE",1631483.5,0.02853231
m-DIISOPROPYLBENZENE,2414374.8,0.0094642285
p-DIISOPROPYLBENZENE,2418712.0,0.011990608
"1,2,4-TRIETHYLBENZENE",2442112.5,0.009657643
HEXAMETHYLBENZENE,2669954.8,0.02496863
"1,2,3-TRIETHYLBENZENE",2471300.0,0.014347975
n-HEPTYLBENZENE,2183624.5,0.018420532
"2,6-DIMETHYLTETRALIN",2804990.0,0.016619895
"1,2,3,5-TETRAETHYLBENZENE",2133842.5,0.0132791735
n-DECYLBENZENE,1785083.2,0.014657298
PENTAETHYLBENZENE,1902185.8,0.022257645
HEXAETHYLBENZENE,1686506.9,0.029052718
CYCLOHEXYLBENZENE,2932774.5,0.018881558
BIPHENYL,3330207.5,0.019394865
p-TERPHENYL,2511285.5,0.030913383
m-TERPHENYL,2540790.5,0.031080393
o-TERPHENYL,2568015.8,0.031336315
"1,1-DIPHENYLETHANE",2708973.8,0.013292285
DIPHENYLMETHANE,2937236.2,0.019022468
"1,2-DIPHENYLETHANE",2691470.5,0.015242417
TRIPHENYLMETHANE,2306883.8,0.020407438
"2,4-DIPHENYL-4-METHYLPENTENE-1",1991753.9,0.017147278
n-PENTYLBENZENE,2610601.5,0.01977142
n-HEXYLBENZENE,2375164.5,0.019156193
n-OCTYLBENZENE,2030780.1,0.016947588
n-NONYLBENZENE,1901286.1,0.015369992
n-UNDECYLBENZENE,1677797.6,0.014895123
n-TRIDECYLBENZENE,1486178.4,0.015458863
n-TETRADECYLBENZENE,1402501.0,0.015589697
n-DODECYLBENZENE,1578070.1,0.015320964
5-ETHYL-m-XYLENE,2894074.0,0.0072951694
2-ETHYL-m-XYLENE,2961089.0,0.010924644
2-ETHYL-p-XYLENE,2928250.0,0.006214401
4-ETHYL-m-XYLENE,2924566.0,0.0060652215
4-ETHYL-o-XYLENE,2927699.8,0.008404701
3-ETHYL-o-XYLENE,2962964.8,0.008390302
"2,3-DIMETHYL-2,3-DIPHENYLBUTANE",1988565.4,0.017263554
2-PHENYLBUTENE-1,2982025.5,0.017526949
cis-2-PHENYLBUTENE-2,3058617.2,0.010452389
trans-2-PHENYLBUTENE-2,3058617.2,0.010452389
1-METHYL-2-n-PROPYLBENZENE,2899156.5,0.0114232525
1-METHYL-3-n-PROPYLBENZENE,2871968.2,0.012888708
1-METHYL-4-n-PROPYLBENZENE,2865763.0,0.013335385
"1,1,2-TRIPHENYLETHANE",2086906.1,0.024711424
TETRAPHENYLMETHANE,1779038.2,0.026261583
"1,1,2,2-TETRAPHENYLETHANE",1666565.9,0.014402677
1-(4-ETHYLPHENYL)-2-PHENYLETHANE,2231096.8,0.019732684
"1,2-DIMETHYL-3-PROPYLBENZENE",2655511.0,0.009539925
"1,2,3-TRIMETHYL-4-ETHYLBENZENE",2743610.2,0.010729438
"1,2,4-TRIMETHYL-3-ETHYLBENZENE",2740399.2,0.0112245185
"1,2,4-TRIMETHYL-5-ETHYLBENZENE",2714179.0,0.008985097
1-(4-ETHYLPHENYL)-2-(4-ETHYLPHENYL)ETHANE,1929763.5,0.019240387
"2,2-DIPHENYL PROPANE",2464780.2,0.027143769
"2,4-DIISOPROPYLTOLUENE",2267390.0,0.0160705
"2,6-DIISOPROPYLTOLUENE",2264265.5,0.014472551
STYRENE,3894595.2,0.02284537
o-METHYLSTYRENE,3395540.2,0.017109035
m-METHYLSTYRENE,3351062.2,0.016804356
5-o-TOLYL-2-PENTENE,2495933.0,0.01741278
o-ETHYLSTYRENE,3049408.0,0.013024306
m-ETHYLSTYRENE,3004918.5,0.015363506
p-ETHYLSTYRENE,2986682.0,0.017608127
CORONENE,2050523.4,0.07654212
p-METHYLSTYRENE,3334561.2,0.017877964
alpha-METHYLSTYRENE,3345477.0,0.01655658
m-DIVINYLBENZENE,3106146.5,0.01629293
ETHYNYLBENZENE,4340548.0,0.033241875
4-ISOBUTYLSTYRENE,2433817.0,0.022219934
p-DIVINYLBENZENE,3068960.8,0.019317059
cis-1-PROPENYLBENZENE,3395342.5,0.019003104
trans-1-PROPENYLBENZENE,3395342.5,0.019003104
p-ISOPROPENYLSTYRENE,2809433.8,0.018099101
p-tert-BUTYLSTYRENE,2506141.5,0.014722272
"1,1-DIMETHYLINDAN",3024976.2,0.013250433
1-ETHYLINDAN,3042616.2,0.014133835
4-tert-BUTYLTOLUENE,2642815.5,0.012286934
"1,4-DIMETHYLTETRALIN",2802460.5,0.012740457
"1-tert-BUTYL-3,5-DIMETHYLBENZENE",2440082.5,0.013722799
(2-METHYLBUTYL)BENZENE,2586999.8,0.017651724
"2,5-DIISOPROPYLTOLUENE",2262752.2,0.01620526
NAPHTHALENE,4023150.2,0.018216614
1-METHYLNAPHTHALENE,3542513.5,0.023978684
2-METHYLNAPHTHALENE,3492101.8,0.02361097
1-ETHYLNAPHTHALENE,3240881.2,0.013295251
"1,2,3,4-TETRAHYDRONAPHTHALENE",3563480.8,0.02207199
"2,6-DIMETHYLNAPHTHALENE",3159114.2,0.009129892
1-PHENYLNAPHTHALENE,2863640.2,0.020755557
1-n-NONYLNAPHTHALENE,1733440.5,0.0152637195
1-n-DECYLNAPHTHALENE,1628556.4,0.015721615
1-n-BUTYLNAPHTHALENE,2628019.8,0.021222748
1-n-HEXYLNAPHTHALENE,2161875.8,0.024786113
"2,7-DIMETHYLNAPHTHALENE",3162662.0,0.009292401
"1-n-HEXYL-1,2,3,4-TETRAHYDRONAPHTHALENE",1952337.9,0.012918535
FLUORANTHENE,2748990.0,0.030301686
1-n-PROPYLNAPHTHALENE,2927395.2,0.01739297
2-ETHYLNAPHTHALENE,3176393.8,0.0127929095
1-METHYLINDENE,3476358.2,0.018605495
2-METHYLINDENE,3508348.0,0.016812034
"1,2,3-TRIMETHYLINDENE",2844899.2,0.010499985
METHYLCYCLOPENTADIENE DIMER,2771916.8,0.023636995
1-PHENYLINDENE,2836152.2,0.023095185
TRIPHENYLETHYLENE,2265501.2,0.01798664
TETRAPHENYLETHYLENE,1733916.6,0.017105738
cis-STILBENE,2851121.8,0.015504771
trans-STILBENE,2851121.8,0.015504771
"trans-3,5-DIMETHOXYSTILBENE",2211552.5,0.02786805
FLUORENE,3185066.5,0.029434688
TRIPHENYLENE,2542395.2,0.03495391
INDENE,4061864.2,0.017358633
ANTHRACENE,3093122.0,0.019818636
PHENANTHRENE,3137265.8,0.021746065
CHRYSENE,2489037.2,0.02659963
PYRENE,2831965.5,0.032908022
ACENAPHTHENE,3553300.2,0.019912343
ACENAPHTHALENE,3565520.5,0.030480132
ADAMANTANE,2913720.0,0.019047208
VINYLNORBORNENE,3241369.8,0.02653555
DIAMANTANE,2333282.2,0.024952007
BENZO[a]PYRENE,2268276.8,0.042956494
"1,3-DIMETHYLADAMANTANE",2680819.0,0.020167315
4-METHYLPHENANTHRENE,2901748.5,0.023052972
METHYLNORBORNENE,3436443.8,0.0092476765
ETHYLNORBORNENE,3107103.5,0.016999401
INDANE,3888683.0,0.021440702
alpha-TERPINENE,2750668.0,0.008512407
gamma-TERPINENE,2746503.0,0.008752654
2-NORBORNENE,3879389.2,0.01519517
5-ETHYLIDENE-2-NORBORNENE,3277967.8,0.011889408
BENZANTHRACENE,2406588.8,0.020633312
NAPHTHACENE,2464148.0,0.02104229
sec-BUTYLCYCLOHEXANE,2580506.8,0.007987768
PIMARIC ACID,1716244.4,0.027667271
ISOPIMARIC ACID,1727313.1,0.029412307
BICYCLO[2.2.1]HEPTANE,3650676.5,0.018725343
BICYCLO[2.2.2]OCTANE,3392381.0,0.021742828
TRIAMANTANE,1887046.4,0.034332037
TETRAMANTANE,1596513.5,0.030084286
1-METHYLTETRALIN,3130207.0,0.015737562
1-ETHYLTETRALIN,2852087.0,0.017159598
BENZO[b]FLUORANTHENE,2265833.8,0.040110976
CAMPHENE,2848759.8,0.019520426
alpha-PINENE,2845621.0,0.011403672
beta-PINENE,2840965.2,0.014101005
4-HYDROXY-2-PENTANONE,3925904.5,0.014951377
2-ETHOXY-1-PROPANOL,3660836.2,0.016312528
EUGENOL,3132100.0,0.028063655
PENTAETHYLENE GLYCOL MONOMETHYL ETHER,1955205.4,0.024787053
NITROUS OXIDE,6461818.0,0.12906483
NITROGEN DIOXIDE,7279851.5,0.1326162
OXYGEN,4755920.5,0.1294279
NITROGEN TRIOXIDE,7546127.0,0.09642595
NITROGEN,3384628.5,0.1417184
NITROGEN TETROXIDE,7691380.5,0.11201808
CARBON MONOXIDE,3601221.5,0.1273795
CARBON DIOXIDE,6630744.5,0.105907515
SULFUR DIOXIDE,6995165.0,0.079466306
SULFUR TRIOXIDE,7301823.5,0.08706387
FLUORINE,5051515.5,0.06366374
CHLORINE,7859619.5,0.058086764
BROMINE,9087855.0,0.09042287
OZONE,5285422.0,0.18147
ARSINE,6264060.0,0.06178963
FORMALDEHYDE,6278132.0,0.07583224
ACETALDEHYDE,5536291.5,0.042784695
PROPANAL,4737017.5,0.0378638
"1,2,3,6-TETRAHYDROBENZALDEHYDE",3917119.5,0.018150229
BUTANAL,4114293.5,0.028458968
2-METHYLPROPANAL,4120501.0,0.02469077
PENTANAL,3626881.5,0.017328711
HEPTANAL,2997905.5,0.011575095
HEXANAL,3279890.8,0.01117858
OCTANAL,2770767.2,0.0142890345
NONANAL,2579161.0,0.015415762
CYCLOHEXANECARBOXALDEHYDE,3698898.8,0.016543051
2-ETHYLHEXANAL,2691190.8,0.0071547916
GLYOXAL,6016922.0,0.08427836
2-METHYLHEXANAL,2946640.8,0.00780142
3-METHYLHEXANAL,2962097.5,0.0111991055
2-METHYL-2-PENTENAL,3418075.2,0.021652423
2-ETHYL-2-HEXENAL,2765904.0,0.01894319
DECANAL,2402147.2,0.019533107
UNDECANAL,2226652.2,0.023435999
DODECANAL,2053388.0,0.025443804
TRIDECANAL,1889129.6,0.02597765
2-METHYLBUTYRALDEHYDE,3684260.0,0.009036941
3-METHYLBUTYRALDEHYDE,3709418.5,0.014532008
GLYCOL ALDEHYDE,6123921.0,0.055262223
ACROLEIN,4962117.5,0.04105009
cis-CROTONALDEHYDE,4344502.5,0.030052442
trans-CROTONALDEHYDE,4344502.5,0.030052442
METHACROLEIN,4380870.5,0.028449405
2-PHENYLPROPIONALDEHYDE,3310268.5,0.011345053
o-TOLUALDEHYDE,3834387.2,0.01677841
p-TOLUALDEHYDE,3765810.8,0.015995136
BENZALDEHYDE,4484849.5,0.040031772
SALICYLALDEHYDE,4818677.5,0.02397529
p-HYDROXYBENZALDEHYDE,4774585.0,0.02203287
TEREPHTHALDEHYDE,3795636.0,0.04452338
m-TOLUALDEHYDE,3787753.2,0.014702879
2-METHYL OCTANAL,2506657.8,0.010742527
2-METHYLHEPTANAL,2703620.8,0.014203207
PARALDEHYDE,3135614.8,0.023159485
ACETONE,4671277.5,0.029917685
METHYL ETHYL KETONE,4096920.8,0.02414582
3-PENTANONE,3667891.5,0.012097801
METHYL ISOBUTYL KETONE,3310303.2,0.008278373
3-METHYL-2-PENTANONE,3327436.2,0.0074451347
5-HEXEN-2-ONE,3462151.2,0.012851032
3-HEPTANONE,2920624.8,0.012680374
4-HEPTANONE,2915076.0,0.013432625
3-HEXANONE,3265160.2,0.011847597
2-PENTANONE,3663406.5,0.012324992
METHYL ISOPROPYL KETONE,3721572.5,0.011197631
2-HEXANONE,3276708.0,0.008664156
2-HEPTANONE,2939391.0,0.008274172
5-METHYL-2-HEXANONE,2951861.0,0.007329779
MESITYL OXIDE,3523376.0,0.014057098
"3,3-DIMETHYL-2-BUTANONE",3374762.5,0.013959768
DIISOBUTYL KETONE,2469968.8,0.014499823
DIISOPROPYL KETONE,2965588.5,0.012154836
2-PYRROLIDONE,5851522.5,0.026586657
N-METHYL-2-PYRROLIDONE,4560714.0,0.023820993
ETHYL ISOAMYL KETONE,2667178.2,0.009237089
5-NONANONE,2429246.2,0.011991994
2-NONANONE,2463314.0,0.011428467
ANTHRAQUINONE,2997905.5,0.028947378
ACETYLACETONE,3903683.5,0.012686197
ISOPHORONE,3038191.5,0.01576123
CYCLOPENTANONE,4695077.5,0.02073822
CYCLOHEXANONE,4175343.0,0.016683074
2-OCTANONE,2674787.0,0.0066350666
BENZOPHENONE,2954635.2,0.021149516
ACETOPHENONE,3759649.5,0.012042326
beta-PROPIOLACTONE,6070964.5,0.05474783
gamma-BUTYROLACTONE,5490971.5,0.045248687
epsilon-CAPROLACTONE,4298571.0,0.028182073
gamma-VALEROLACTONE,4425537.5,0.020508017
ETHYL ISOPROPYL KETONE,3307744.0,0.009025647
METHYL ISOPROPENYL KETONE,3878168.8,0.017705902
2-CYCLOHEXYL CYCLOHEXANONE,2649925.0,0.02272211
QUINONE,5296826.0,0.057698864
DIKETENE,5277665.5,0.049783874
KETENE,5574857.5,0.068221174
METHANOL,7803648.0,0.085551046
ETHANOL,5859066.5,0.048032604
1-PROPANOL,4961446.0,0.036331475
ISOPROPANOL,4644837.5,0.03169313
1-BUTANOL,4311664.0,0.03180466
2-METHYL-1-PROPANOL,4334037.5,0.028352324
2-BUTANOL,4204637.0,0.030540098
2-METHYL-2-PROPANOL,3888349.2,0.025629718
1-PENTANOL,3817253.5,0.019796656
2-PENTANOL,3751076.0,0.0130906785
2-METHYL-2-BUTANOL,3827051.2,0.016267696
2-METHYL-1-BUTANOL,3825230.8,0.016150225
"2,2-DIMETHYL-1-PROPANOL",3842235.2,0.018739624
1-HEXANOL,3407549.0,0.017806787
2-HEXANOL,3364030.0,0.011820227
3-HEXANOL,3386210.5,0.011640777
2-METHYL-1-PENTANOL,3405288.0,0.010804149
3-METHYL-1-PENTANOL,3416755.2,0.01203079
3-METHYL-3-PENTANOL,3474906.0,0.022350477
3-PENTANOL,3810811.2,0.013718728
2-ETHYL-1-HEXANOL,2778149.2,0.013477353
2-METHYL-1-HEXANOL,3055308.2,0.015762575
3-METHYL-1-BUTANOL,3836790.2,0.01671056
3-METHYL-2-BUTANOL,3791931.2,0.01536477
1-HEPTANOL,3063632.5,0.01567197
2-HEPTANOL,3021432.5,0.016194783
3-HEPTANOL,3044842.8,0.015267998
5-METHYL-1-HEXANOL,3043347.5,0.020366795
4-METHYL-2-PENTANOL,3354150.8,0.010215257
"o,p-BISPHENOL A",2934803.0,0.016358502
1-OCTANOL,2777794.2,0.010824833
2-OCTANOL,2742914.2,0.011522989
1-NONANOL,2544236.2,0.010698883
2-NONANOL,2514022.0,0.007833721
1-DECANOL,2342394.2,0.012533673
1-UNDECANOL,2158221.5,0.0132170785
8-METHYL-1-NONANOL,2309230.2,0.009915202
1-DODECANOL,1990331.5,0.01388558
1-TRIDECANOL,1839348.6,0.014866008
1-TETRADECANOL,1704778.2,0.016150728
1-PENTADECANOL,1585390.6,0.017289784
1-HEXADECANOL,1480055.4,0.018228699
1-HEPTADECANOL,1387491.9,0.019034434
1-OCTADECANOL,1306333.6,0.019643253
2-ETHYL-1-BUTANOL,3478348.0,0.01769859
1-EICOSANOL,1171794.4,0.02042559
1-NONADECANOL,1234965.0,0.020048443
2-METHYL-1-HEPTANOL,2755693.8,0.012152671
CYCLOHEXANOL,4401629.5,0.0119891735
1-METHYLCYCLOHEXANOL,3877928.2,0.021394724
cis-2-METHYLCYCLOHEXANOL,3735023.0,0.012925247
trans-2-METHYLCYCLOHEXANOL,3735023.0,0.012925247
cis-3-METHYLCYCLOHEXANOL,3722122.5,0.014635511
trans-3-METHYLCYCLOHEXANOL,3722122.5,0.014635511
cis-4-METHYLCYCLOHEXANOL,3715270.8,0.016518535
trans-4-METHYLCYCLOHEXANOL,3715270.8,0.016518535
L-MENTHOL,2817346.2,0.025715852
SITOSTEROL,1120928.0,0.030917179
AGATHADIOL,1669961.2,0.029897673
alpha-TERPINEOL,2910698.2,0.016121618
beta-TERPINEOL,2947509.2,0.018321224
2-BUTYL-NONAN-1-OL,1819006.8,0.011829576
2-METHYL-1-UNDECANOL,1968459.1,0.01181733
TETRAHYDROFURFURYL ALCOHOL,4686466.5,0.023546511
ALLYL ALCOHOL,5359488.0,0.04467313
2-PHENYL-2-PROPANOL,3560695.5,0.022759046
2-BUTYL-OCTAN-1-OL,1964056.2,0.011651766
"2,3-XYLENOL",4421567.5,0.03148501
p-ISOPROPENYL PHENOL,3783814.2,0.031145098
"2,4-XYLENOL",4344238.0,0.027195893
4-METHYL-CYCLOHEXANE-METHANOL,3383431.5,0.02022775
"2,5-XYLENOL",4368787.5,0.030654594
"p,alpha-DIMETHYLBENZYL ALCOHOL",3506946.5,0.022975847
"2,6-XYLENOL",4405921.5,0.03147126
"3,4-XYLENOL",4350457.0,0.029662907
"3,5-XYLENOL",4288568.0,0.023408696
PROPARGYL ALCOHOL,5791750.5,0.04596428
BENZYL ALCOHOL,4607196.5,0.021576706
PHENOL,5469882.5,0.027392982
o-CRESOL,4888626.5,0.024197469
m-CRESOL,4833285.5,0.020595679
p-CRESOL,4811188.0,0.021700663
o-ETHYLPHENOL,4316625.5,0.027469952
p-HYDROQUINONE,5836792.0,0.033336964
p-ETHYLPHENOL,4209455.5,0.024260176
p-tert-BUTYLPHENOL,3251065.8,0.022075823
BISPHENOL A,2939581.8,0.023324251
NONYLPHENOL,2014862.9,0.024521131
ETHYLENE GLYCOL,7242886.0,0.044243336
DIETHYLENE GLYCOL,4822737.0,0.032543905
TRIETHYLENE GLYCOL,3509900.8,0.034408752
TETRAETHYLENE GLYCOL,2887870.5,0.031795133
"1,3-DI-TERT-BUTYL GLYCERIN",2125045.0,0.019900883
XYLITOL,5679414.0,0.04287668
STYRENE GLYCOL,4225415.0,0.021432647
TETRAPROPYLENE GLYCOL,1841087.5,0.025940118
PENTAPROPYLENE GLYCOL,1430906.4,0.030942287
"2,2,4,4-TETRAMETHYL-1,3-CYCLOBUTANEDIOL",3296837.8,0.023492716
"1,2-PROPYLENE GLYCOL",5806871.5,0.032395177
"1,3-PROPYLENE GLYCOL",6024271.0,0.035395674
DIPROPYLENE GLYCOL,3524733.5,0.020049
NEOPENTYL GLYCOL,4246308.0,0.016427359
"2-BUTYNE-1,4-DIOL",5585772.5,0.041717805
TRIPROPYLENE GLYCOL,2526211.8,0.029536532
"1,4-PENTANEDIOL",4266034.5,0.021309694
"2-BUTYL-2-ETHYL-1,3-PROPANEDIOL",2640022.0,0.027833434
"2-METHYL-1,3-PROPANEDIOL",5120321.0,0.025971696
"1,2-BUTANEDIOL",4872299.0,0.024686573
"1,3-BUTANEDIOL",4921774.5,0.029560385
HEXYLENE GLYCOL,3607429.5,0.019531222
ISOBUTYLENE GLYCOL,4807996.0,0.029451063
1-tert-BUTYL GLYCERIN,3056016.8,0.01964857
"1,2,6-HEXANETRIOL",3893652.2,0.03128613
"1,2-PENTANEDIOL",4203695.0,0.0155357
GLYCEROL,6474846.0,0.04783337
"1,2,3-BUTANETRIOL",5345705.5,0.035018634
MONO-TERT-BUTYLHYDROQUINONE,3441609.5,0.02684071
p-tert-BUTYLCATECHOL,3456417.8,0.028519535
"2,2,4-TRIMETHYL-1,3-PENTANEDIOL",2841631.8,0.028628591
"2-METHYL-1,3-PENTANEDIOL",3650349.5,0.016529107
"2,3-BUTANEDIOL",4735125.0,0.030057209
"cis-2-BUTENE-1,4-DIOL",5248353.0,0.0351758
"trans-2-BUTENE-1,4-DIOL",5248353.0,0.0351758
"1,4-BUTANEDIOL",5063809.5,0.032798648
"1,5-PENTANEDIOL",4326575.0,0.025804333
"1,6-HEXANEDIOL",3754643.8,0.03210004
"1,2-BENZENEDIOL",5753215.5,0.03874219
"1,3-BENZENEDIOL",5867773.0,0.032900855
PENTAERYTHRITOL,5115703.0,0.05597878
TRIMETHYLOLPROPANE,3973519.5,0.045616355
"1,2,3-BENZENETRIOL",5730873.5,0.055583403
INOSITOL,5484136.5,0.057299454
SORBITOL,5612326.5,0.052132506
FORMIC ACID,6732524.5,0.09078541
ACETIC ACID,5948280.5,0.056410566
PROPIONIC ACID,4941090.0,0.046483926
n-DECANOIC ACID,2322924.8,0.009796111
OXALIC ACID,6937743.5,0.08124418
n-BUTYRIC ACID,4209624.5,0.03173053
2-METHYLBUTYRIC ACID,3720358.8,0.016660344
n-PENTANOIC ACID,3719461.2,0.021825776
n-NONANOIC ACID,2523608.8,0.010581634
ISOBUTYRIC ACID,4229273.5,0.030658208
ISOVALERIC ACID,3768351.0,0.015815543
n-HEXANOIC ACID,3353280.8,0.017454932
2-METHYLHEXANOIC ACID,3037890.2,0.009106782
"1,4-CYCLOHEXANEDICARBOXYLIC ACID",3576926.8,0.03026887
n-OCTANOIC ACID,2748460.2,0.013423417
n-UNDECANOIC ACID,2137416.8,0.009996842
CYCLOPENTYLACETIC ACID,3701993.8,0.026345631
DILACTIC ACID,3384215.5,0.024673525
n-DODECANOIC ACID,1968855.2,0.010227041
n-TRIDECANOIC ACID,1819839.8,0.011653977
n-TETRADECANOIC ACID,1689473.8,0.013668003
n-HEXADECANOIC ACID,1475054.5,0.01728555
cis-CROTONIC ACID,4485901.5,0.039581276
trans-CROTONIC ACID,4485901.5,0.039581276
2-METHYLOCTANOIC ACID,2522995.0,0.009286191
n-OCTADECANOIC ACID,1308316.1,0.020126998
ACRYLIC ACID,5293094.0,0.058276687
METHACRYLIC ACID,4453650.0,0.042504925
OLEIC ACID,1350996.5,0.019801248
LINOLEIC ACID,1401428.8,0.021604728
BENZOIC ACID,4515552.5,0.028134953
o-TOLUIC ACID,3951778.2,0.018989922
p-TOLUIC ACID,3906208.2,0.024074756
SALICYLIC ACID,4741609.5,0.026821902
ADIPIC ACID,3613664.8,0.02965986
MALEIC ACID,5008902.0,0.049816333
PHTHALIC ACID,3849178.0,0.02085916
ISOPHTHALIC ACID,3836739.0,0.022557583
TEREPHTHALIC ACID,3808660.8,0.024527486
PERACETIC ACID,6085317.0,0.07110124
ACETIC ANHYDRIDE,4120190.5,0.03944275
PROPIONIC ANHYDRIDE,3113855.2,0.014124119
BUTYRIC ANHYDRIDE,2621679.0,0.012744123
PALUSTRIC ACID,1714564.5,0.022973338
SUCCINIC ANHYDRIDE,6243418.0,0.05819352
GLUTARIC ANHYDRIDE,5451618.5,0.055422142
PHTHALIC ANHYDRIDE,4735102.5,0.043145366
MALEIC ANHYDRIDE,6751112.5,0.07140028
TRIMELLITIC ANHYDRIDE,3990216.5,0.03445028
METHYL FORMATE,5610592.5,0.057600833
ETHYL FORMATE,4729353.0,0.036045812
n-PROPYL FORMATE,3980251.2,0.024803719
n-BUTYL FORMATE,3484889.0,0.015277297
ISOBUTYL FORMATE,3563379.0,0.013098111
n-PENTYL FORMATE,3116160.2,0.012053578
n-OCTYL FORMATE,2429476.0,0.0069657518
n-NONYL FORMATE,2247652.0,0.009146582
n-DECYL FORMATE,2073025.0,0.01257262
VINYL FORMATE,4896694.0,0.048965555
METHYL ACETATE,4586662.5,0.032104507
ETHYL ACETATE,3922865.5,0.01639144
n-PROPYL ACETATE,3453412.8,0.013882014
n-BUTYL ACETATE,3103564.5,0.013924148
ISOBUTYL ACETATE,3133934.8,0.0061557735
ISOPENTYL ACETATE,2828435.2,0.006343264
ALLYL ACETATE,3716589.2,0.017704668
ISOPROPYL ACETATE,3519198.2,0.009007398
sec-BUTYL ACETATE,3116885.5,0.009061792
VINYL ACETATE,4193564.0,0.027565006
METHYL PROPIONATE,3926428.8,0.021742135
ETHYL PROPIONATE,3421121.0,0.016889716
n-PROPYL PROPIONATE,3055906.0,0.017148977
n-BUTYL PROPIONATE,2794640.5,0.013064352
n-PROPYL n-BUTYRATE,2778377.2,0.015276905
VINYL PROPIONATE,3599007.0,0.02295924
METHYL n-BUTYRATE,3462204.0,0.017064592
ETHYL n-BUTYRATE,3063369.8,0.017126543
n-PROPYL ISOBUTYRATE,2816215.5,0.010683463
ETHYL CAPRYLATE,2148288.5,0.01190057
METHYL ACRYLATE,4244571.0,0.038810123
ETHYL ACRYLATE,3616944.0,0.024499185
n-PROPYL ACRYLATE,3188233.2,0.018336136
n-BUTYL ACRYLATE,2898032.0,0.014813057
n-BUTYL NONANOATE,1701521.5,0.0136011215
n-BUTYL VALERATE,2355514.8,0.011341682
ETHYL ISOVALERATE,2830105.2,0.00975875
METHYL METHACRYLATE,3685754.0,0.02431886
ETHYL METHACRYLATE,3225695.0,0.018130273
n-PROPYL METHACRYLATE,2914359.0,0.012770611
DIOCTYL PHTHALATE,1154649.8,0.023615101
DIISOOCTYL PHTHALATE,1137953.6,0.022447325
"1,2-BENZENEDICARBOXYLIC ACID, HEPTYL, NONYL ESTER",1141238.0,0.027788369
n-PENTYL ACETATE,2815426.0,0.012798888
2-ETHYLHEXYL ACETATE,2170126.0,0.013831513
BENZYL ACETATE,3163521.8,0.016588774
ISOBUTYL ISOBUTYRATE,2601507.5,0.013703515
ISOPENTYL ISOVALERATE,2222123.2,0.018817961
METHYL OLEATE,1215094.1,0.02193773
n-HEXYL ACETATE,2580420.8,0.010956017
BENZYL BENZOATE,2533891.8,0.025229407
n-BUTYL BENZOATE,2586452.0,0.019641064
ETHYLENE CARBONATE,6214797.0,0.061401393
n-HEPTYL ACETATE,2370197.8,0.009982702
n-OCTYL ACETATE,2179120.5,0.009111065
n-NONYL ACETATE,2005722.0,0.008341355
n-DECYL ACETATE,1849917.6,0.00918504
DIISODECYL PHTHALATE,958302.4,0.034864232
DI-n-HEPTYL PHTHALATE,1248444.4,0.025221456
METHYL SALICYLATE,3911285.2,0.021368781
DI-n-NONYL PHTHALATE,1047980.1,0.03228194
DI-n-PROPYL PHTHALATE,1971141.6,0.027065625
DIISOBUTYL PHTHALATE,1770639.5,0.021572232
DIMETHYL ISOPHTHALATE,2696321.0,0.019902216
DI-n-DECYL PHTHALATE,963100.56,0.037940558
DI-n-UNDECYL PHTHALATE,884017.5,0.043635357
DI-n-HEXYL PHTHALATE,1375433.1,0.02307378
DIMETHYL TEREPHTHALATE,2680433.0,0.020682551
DI-n-OCTYL TEREPHTHALATE,1134305.5,0.02837948
n-BUTYL STEARATE,1030497.7,0.025584608
DIBUTYL SEBACATE,1250651.4,0.02374824
n-BUTYL n-BUTYRATE,2568062.5,0.011399172
2-ETHYLHEXYL ACRYLATE,2074140.2,0.021096166
ETHYLENE GLYCOL DIACETATE,3150424.8,0.017217133
ISOBUTYL METHACRYLATE,2689300.0,0.009477177
n-BUTYL METHACRYLATE,2674508.8,0.022827495
METHYL BENZOATE,3647297.5,0.017659694
ETHYL BENZOATE,3133749.2,0.013023241
DIETHYL CARBONATE,3203793.0,0.023347128
DIETHYL OXALATE,3041522.5,0.019385092
DIETHYL MALONATE,2721431.5,0.028075768
METHYL DECANOATE,2023995.6,0.011438717
ISOPROPYL MYRISTATE,1308342.2,0.017026838
"DIMETHYL-1,4-CYCLOHEXANEDICARBOXYLATE",2468468.5,0.016613545
TRI-n-HEPTYL TRIMELLITATE,897937.06,0.037399974
"1,2-BENZENE DICARBOXYLIC ACID, HEPTYL, UNDECYL ESTER",1047059.1,0.032637917
2-METHYLTETRAHYDROFURAN,4056208.5,0.01639686
DIMETHYL ETHER,5103774.0,0.041362084
DIETHYL ETHER,3740969.2,0.021053366
DIISOPROPYL ETHER,2978805.5,0.013011772
DI-n-BUTYL ETHER,2486391.8,0.0046142023
METHYL tert-BUTYL ETHER,3399168.8,0.018837318
DI-sec-BUTYL ETHER,2528757.2,0.014213144
METHYL ETHYL ETHER,4276882.5,0.033265997
METHYL n-PROPYL ETHER,3754443.5,0.023443567
ISOPROPYL BUTYL ETHER,2713635.5,0.009657006
METHYL ISOBUTYL ETHER,3343018.5,0.014975804
METHYL ISOPROPYL ETHER,3749370.0,0.021983026
DI-n-HEXYL ETHER,1829680.6,0.013453816
METHYL n-BUTYL ETHER,3363311.8,0.013785137
DIVINYL ETHER,4148187.5,0.03541588
ETHYL PROPYL ETHER,3316835.2,0.012549759
DINONYL ETHER,1244113.4,0.016453302
PHTHALAN,4114450.2,0.030974668
ANETHOLE,2930784.0,0.011155917
"1,4-DIOXANE",4994716.0,0.04329298
TRIOXANE,5592995.0,0.051886927
DI-tert-BUTYL ETHER,2494436.0,0.017843865
DI-n-OCTYL ETHER,1397269.0,0.01639599
DI-n-PENTYL ETHER,2116538.2,0.009918924
METHYL sec-BUTYL ETHER,3371278.8,0.010545497
METHYL tert-PENTYL ETHER,3087025.2,0.016536983
tert-BUTYL ETHYL ETHER,3004399.8,0.012645877
METHYL n-PENTYL ETHER,3047169.5,0.0055183885
ETHYL tert-PENTYL ETHER,2773855.2,0.009677867
METHYLAL,4284153.0,0.040340867
ACETAL,2930993.5,0.0060947794
ISOPROPYL ISOBUTYL ETHER,2713433.8,0.01149065
ETHYL ISOBUTYL ETHER,2993129.0,0.011463392
"1,2-EPOXY-3-PHENOXYPROPANE",3260697.8,0.039739005
TRIETHYL ORTHOFORMATE,2609981.5,0.018888539
METHYL HYDROPEROXIDE,8326658.0,0.09209308
ETHYL HYDROPEROXIDE,6145955.5,0.053958893
"3,5-DIMETHYLBENZOFURAN",3509465.8,0.028474048
"1,2-EPOXY-2-METHYLPROPANE",4264330.5,0.030136362
ETHYLENE OXIDE,6441907.0,0.055899527
"1,2-PROPYLENE OXIDE",5041326.5,0.03291606
"1,3-PROPYLENE OXIDE",5601460.5,0.031803314
ETHYL VINYL ETHER,3993768.8,0.027076622
DI-n-PROPYL ETHER,2990002.0,0.011031556
BUTYL VINYL ETHER,3125917.2,0.014927626
n-BUTYL ETHYL ETHER,2996404.8,0.0101523595
BIS(alpha-METHYLBENZYL) ETHER,2142063.2,0.025045881
n-PROPYLBENZENE HYDROPEROXIDE,3256695.0,0.023782123
n-BUTYLBENZENE HYDROPEROXIDE,2934428.0,0.019957347
TETRAHYDROPYRAN,4469709.0,0.024428433
ALLYL ETHER,3212806.8,0.01972107
TRIETHYLENE GLYCOL DIMETHYL ETHER,2406164.2,0.01641166
"1,2-DIMETHOXYETHANE",3745109.8,0.03165252
DIETHYLENE GLYCOL DIMETHYL ETHER,2934677.0,0.015086994
TETRAETHYLENE GLYCOL DIMETHYL ETHER,1987090.4,0.017050592
DIETHYLENE GLYCOL DIETHYL ETHER,2459684.8,0.011652831
DIETHYLENE GLYCOL DI-n-BUTYL ETHER,1787713.8,0.015062554
BENZYL ETHYL ETHER,3032986.2,0.0120199425
ANISOLE,4146075.5,0.022928927
PHENETOLE,3490896.5,0.010727987
DIBENZYL ETHER,2536679.8,0.020968504
ALLYL GLYCIDYL ETHER,3647725.2,0.023006286
DIPHENYL ETHER,3109092.8,0.018434994
1-METHYL-3-(METHYLETHOXY)BENZENE,2745201.5,0.016866911
"2,3,4,5,2',3',4',5'-OCTAHYDRO-BIFURYL-(3,3')",3474034.8,0.04431177
"1,1-DIMETHOXYETHANE",3682893.5,0.021971414
PENTAETHYLENE GLYCOL DIMETHYL ETHER,1653155.1,0.01788844
METHYL VINYL ETHER,4770588.5,0.046870794
"1,2-EPOXYBUTANE",4358612.5,0.028165033
CUMENE HYDROPEROXIDE,3358526.2,0.016846204
t-BUTYL HYDROPEROXIDE,4234544.0,0.03160904
CYCLOHEXYL HYDROPEROXIDE,4256269.5,0.016967628
DICUMYL PEROXIDE,1944012.4,0.025512798
p-MENTHANE HYDROPEROXIDE,2759988.8,0.025744794
"2,5-DIHYDROFURAN",5455176.0,0.03047476
FURAN,5795906.0,0.05151863
TETRAHYDROFURAN,5013963.5,0.025579568
DIBENZOFURAN,3540446.2,0.024613021
BENZOYL PEROXIDE,2522417.5,0.023142926
DI-t-BUTYL PEROXIDE,2485709.0,0.031953797
n-BUTYLHYDROPEROXIDE,4341835.5,0.030918527
m-DIISOPROPYLBENZENE HYDROPEROXIDE,2588401.5,0.03531158
2-METHYLBENZOFURAN,3958742.0,0.026808832
p-DIISOPROPYLBENZENE HYDROPEROXIDE,2575806.0,0.016386779
ALLYL-TERT-BUTYLPEROXIDE,2798940.0,0.04217484
1-tert-BUTOXY-2-[2-(tert-BUTOXY)PROPOXY]PROPANE,1580154.2,0.022820067
"1,2-DIMETHOXYPROPANE",3312289.5,0.015428791
sec-BUTYL-tert-BUTYL ETHER,2517647.0,0.013599714
ISOBUTYL-tert-BUTYL ETHER,2518312.2,0.017584424
"2-METHYL-1,3-DIOXOLANE",4768392.0,0.02905448
DIMETHYL PEROXIDE,5085452.5,0.06910619
"2,5-DIMETHYLTETRAHYDROFURAN",3472832.2,0.011925978
"2,5-DIMETHYLFURAN",4244283.5,0.02630448
"1,3-DIOXOLANE",5671344.0,0.04858205
"2,3-BENZOFURAN",4594301.0,0.032339208
"1,3-DIMETHOXYPROPANE",3344096.0,0.022787409
CARBON TETRACHLORIDE,4453811.5,0.031482153
METHYL CHLORIDE,6229079.5,0.062824
ETHYL CHLORIDE,4992658.5,0.046034668
VINYL CHLORIDE,5685510.5,0.042196605
"1,4-DICHLORO-trans-2-BUTENE",3707805.8,0.020379039
"cis-1,3-DICHLOROPROPENE",4392001.5,0.021418246
"trans-1,3-DICHLOROPROPENE",4392001.5,0.021418246
"1,4-DICHLOROBUTANE",3526973.2,0.01860228
"1,5-DICHLOROPENTANE",3230322.0,0.018179711
METHYL MERCURY CHLORIDE,9291646.0,0.06394734
DICHLOROMETHANE,5951134.5,0.044204403
"1,1,1,3,3-PENTACHLOROPROPANE",3414243.8,0.030006148
CHLOROFORM,5224034.5,0.027664674
"1,1-DICHLOROETHANE",4904896.5,0.029497594
"1,2-DICHLOROETHANE",5020379.5,0.025812896
"1,1,2-TRICHLOROETHANE",4562836.5,0.015930643
HEXACHLOROETHANE,3407913.2,0.04070925
"1,2-DICHLOROPROPANE",4240140.5,0.018713601
"1,1,1-TRICHLOROETHANE",4378761.0,0.018553378
"1,1,1,2-TETRACHLOROETHANE",4054773.8,0.014285879
"1,1,2,2-TETRACHLOROETHANE",4176844.8,0.019224068
ISOPROPYL CHLORIDE,4297116.0,0.034384493
PROPARGYL CHLORIDE,4784138.0,0.04645933
"1,2,3-TRICHLOROPROPANE",3962163.5,0.013867201
ISOBUTYL CHLORIDE,3833462.2,0.022747071
tert-BUTYL CHLORIDE,3850099.5,0.024422718
"1,2-DICHLOROBUTANE",3715756.0,0.014644438
"2,3-DICHLOROBUTANE",3796809.2,0.017764015
TRICHLOROETHYLENE,4721151.5,0.029575793
TETRACHLOROETHYLENE,4133351.2,0.026498035
3-CHLOROPROPENE,4533917.5,0.034852885
CHLOROCYCLOHEXANE,3814447.5,0.025940241
"HEXACHLORO-1,3-BUTADIENE",2906060.5,0.028649827
BENZYL CHLORIDE,3847978.0,0.028872753
3-CHLORO-o-XYLENE,3504692.8,0.017806314
4-CHLORO-o-XYLENE,3472170.0,0.017130347
MONOCHLOROBENZENE,4486676.0,0.029061725
o-DICHLOROBENZENE,4113559.5,0.029917046
m-DICHLOROBENZENE,4120155.8,0.029068997
p-DICHLOROBENZENE,4119311.0,0.028531747
HEXACHLOROBENZENE,2858295.5,0.027735844
BENZOTRICHLORIDE,3409837.8,0.021177322
o-CHLOROTOLUENE,3886536.8,0.025926275
p-CHLOROTOLUENE,3846564.8,0.02510545
"2,4-DICHLOROTOLUENE",3629189.2,0.02189077
"cis-1,2-DICHLOROETHYLENE",5324941.0,0.039830435
"trans-1,2-DICHLOROETHYLENE",5324941.0,0.039830435
HEXACHLOROCYCLOPENTADIENE,3082835.8,0.03441906
CHLOROPRENE,4255660.5,0.024051087
PROPYL CHLORIDE,4283425.5,0.034462612
n-BUTYL CHLORIDE,3764834.5,0.025358668
sec-BUTYL CHLORIDE,3838104.2,0.019952444
1-CHLOROPENTANE,3317119.5,0.026806438
1-CHLORONAPHTHALENE,3651268.5,0.032136515
PENTACHLOROETHANE,3745124.2,0.030652182
"1,1-DICHLOROETHYLENE",5265825.5,0.037131187
"1,2,4-TRICHLOROBENZENE",3789061.0,0.024181444
"1,4-DICHLORO-cis-2-BUTENE",3707805.8,0.020379039
CYANOGEN CHLORIDE,5899110.0,0.042174548
2-CHLOROPROPENE,4583374.0,0.032838333
m-CHLOROBENZOYL CHLORIDE,3726629.8,0.02693784
"3,4-DICHLORO-1-BUTENE",3826719.2,0.020679694
"(Z)-1,3-DICHLORO-2-BUTENE",3797345.0,0.015977226
BENZYL DICHLORIDE,3594691.8,0.020213533
CHLOROFLUOROMETHANE,5523713.5,0.031360816
DICHLORODIFLUOROMETHANE,4136525.5,0.028799862
TRICHLOROFLUOROMETHANE,4211961.5,0.027509665
"1,4-DIBROMOBENZENE",4395647.5,0.04341817
CHLORODIFLUOROMETHANE,4872666.0,0.022049278
CHLOROTRIFLUOROMETHANE,3787955.5,0.027239
"2-CHLORO-1,1,1-TRIFLUOROETHANE",3829855.5,0.021533128
"1,2-DICHLOROTETRAFLUOROETHANE",3232830.8,0.029502496
PENTAFLUOROETHYL METHYL ETHER,3044602.0,0.03157819
"1,2-DIBROMOTETRAFLUOROETHANE",3285795.5,0.031603396
"2-CHLORO-1,1-DIFLUOROETHYLENE",4427116.0,0.02175978
METHYL FLUORIDE,5846033.5,0.04235688
DIFLUOROMETHANE,5266117.0,0.04191406
TRIFLUOROMETHANE,4836420.5,0.046586514
CARBON TETRAFLUORIDE,3803031.0,0.025005024
ETHYL FLUORIDE,4792956.5,0.03171508
"1,1,1-TRIFLUOROETHANE",3928983.2,0.033660065
"1,1,1,3,3,3-HEXAFLUOROPROPANE",3190888.8,0.029747142
"HEXAFLUORO-1,3-BUTADIENE",3029858.2,0.02594063
DECAFLUOROBUTANE,2303865.2,0.022651616
PERFLUORO-n-HEXANE,1839438.0,0.03962236
"1,1,1,2,2,3,4,5,5,5-DECAFLUOROPENTANE",2242834.2,0.03212387
PERFLUORO-n-OCTANE,1455977.2,0.052366186
PERFLUORO-n-NONANE,1300134.4,0.058982182
PERFLUORO-n-DECANE,1168512.2,0.062480934
"1,1-DIFLUOROETHYLENE",4579673.5,0.051332813
TETRAFLUOROETHYLENE,4038954.5,0.030811124
PERFLUORO-n-DODECANE,958290.5,0.060657218
BROMODIFLUOROMETHANE,4919175.0,0.018806344
"1,3-DIFLUOROBENZENE",4373965.5,0.026822653
"1,2-DIFLUOROBENZENE",4315844.0,0.03226641
"1,1-DIFLUOROETHANE",4522059.5,0.03241385
BROMOMETHANE,6642719.5,0.060063947
BROMOETHANE,5301783.5,0.04455811
PENTAFLUOROETHANE,3644411.8,0.023431672
"1,1,2,2-TETRABROMOETHANE",4451701.5,0.07073891
1-BROMOPROPANE,4538109.5,0.03124435
2-BROMOPROPANE,4527920.0,0.03212722
"1,2-DIBROMOPROPANE",4664742.0,0.024824968
"1,3-DIBROMOPROPANE",4644686.5,0.022808954
1-BROMOBUTANE,3973921.0,0.023092415
1-BROMOHEPTANE,2817848.8,0.0160294
"1,1-DIBROMOETHANE",5428640.5,0.04244865
"1,2-DIBROMOETHANE",5492804.0,0.030920357
m-DIBROMOBENZENE,4381179.0,0.04200715
"1,1,1-TRICHLOROTRIFLUOROETHANE",3331652.5,0.03511599
BROMOBENZENE,4545256.0,0.02762097
METHYL IODIDE,6424134.0,0.0639977
ETHYL IODIDE,5107981.0,0.046734344
n-PROPYL IODIDE,4314312.5,0.035383657
ISOPROPYL IODIDE,4343409.0,0.032713465
"1,4-DIFLUOROBENZENE",4374879.5,0.027836127
IODOBENZENE,4464255.5,0.031382605
DIIODOMETHANE,5964060.0,0.06538091
"1,1-DICHLOROTETRAFLUOROETHANE",3329839.0,0.028060375
"2,2-DICHLORO-1,1,1-TRIFLUOROETHANE",3628348.2,0.02796026
DICHLOROFLUOROMETHANE,4890944.0,0.021689644
1-BROMONAPHTHALENE,3708541.2,0.01959052
TRIBROMOMETHANE,5959085.5,0.06771385
HEXAFLUOROPROPYLENE,3048686.8,0.03201927
"1,4-BUTANEDIISOCYANATE",3025515.8,0.021927731
METHYLAMINE,7101617.0,0.09808225
DIMETHYLAMINE,5221021.0,0.030261163
TRIMETHYLAMINE,4049074.2,0.02324733
ETHYLAMINE,5533799.5,0.054077912
2-METHYL-2-AMINOBUTANE,3572661.5,0.025558932
TRIETHYLAMINE,2955159.2,0.018533224
DI-n-PROPYLAMINE,3083076.8,0.026224917
"N,N-DIMETHYL-n-BUTYLAMINE",2947509.2,0.0123462565
"N,N-DIETHYLMETHYLAMINE",3252796.5,0.018434897
DIETHYLAMINE,3850896.0,0.017099304
n-PROPYLAMINE,4700656.0,0.03317952
n-BUTYLAMINE,4081707.0,0.02219417
n-PENTYLAMINE,3598330.8,0.024629036
ISOBUTYLAMINE,4082256.0,0.022481853
CYCLOPROPYLAMINE,6050867.0,0.06226184
HYDRAZINE,12380941.0,0.20883255
DIISOBUTYLAMINE,2580066.2,0.014631352
ISOPROPYLAMINE,4462161.5,0.028167758
n-TETRADECYLAMINE,1632960.6,0.013920188
PYRROLE,6586275.5,0.039562277
METHYL DIETHANOLAMINE,3983392.0,0.022347633
MONOETHANOLAMINE,6946112.0,0.06308068
DIETHANOLAMINE,4840398.5,0.036537696
TRIETHANOLAMINE,3301570.0,0.061077613
sec-BUTYLAMINE,4013347.8,0.02023156
tert-BUTYLAMINE,3797059.0,0.018981205
CYCLOHEXYLAMINE,4067159.2,0.03068277
DEHYDROABIETYLAMINE,1719547.2,0.026383288
HEXAMETHYLENEDIAMINE,3354739.2,0.023074001
"2,4-DIAMINOTOLUENE",4378406.0,0.03380578
BENZYLAMINE,4448175.0,0.035713065
TRIETHYLENEDIAMINE,3853041.8,0.025536528
"1,3-DIPHENYLTRIAZENE",2904220.8,0.028615607
o-TOLUIDINE,4366497.0,0.018422956
m-TOLUIDINE,4336505.5,0.01883827
p-TOLUIDINE,4307800.5,0.019899696
TRIETHYLENETETRAMINE,3197953.2,0.03763403
ALLYLAMINE,5113581.5,0.036879595
ETHYLENEDIAMINE,6186047.0,0.07463748
ETHYLENEIMINE,7193193.0,0.07279459
DIISOPROPYLAMINE,3056917.5,0.019545741
DI-n-BUTYLAMINE,2544403.8,0.018134493
PIPERIDINE,4662736.5,0.022317812
p-NITRODIPHENYLAMINE,2811299.5,0.02464797
p-AMINODIPHENYLAMINE,3243274.5,0.021095574
QUINOLINE,4329600.5,0.025641836
FORMANILIDE,4351929.5,0.02653949
N-AMINOETHYL PIPERAZINE,3802730.0,0.025885524
HEXAMETHYLENETETRAMINE,3681018.8,0.028817631
"1,2-PROPANEDIAMINE",5253916.5,0.066285565
"N,N-DIETHYLANILINE",2753195.5,0.02316869
N-METHYLPYRROLE,5148981.5,0.031721365
PYRAZINE,5707730.5,0.03673729
DIPHENYLAMINE,3199698.5,0.025714299
PHENYLHYDRAZINE,4928735.5,0.04608366
MELAMINE,5626087.5,0.06659307
QUINALDINE,3741454.0,0.020450996
NITROMETHANE,5900994.5,0.06823275
NITROETHANE,4956494.5,0.041063115
1-NITROPROPANE,4257178.5,0.03245946
2-NITROPROPANE,4261822.0,0.040976133
HYDRACRYLONITRILE,4737893.5,0.04984278
MORPHOLINE,5463542.5,0.027518718
PYRROLIDINE,5273851.0,0.025792478
N-METHYLPYRROLIDINE,4178004.2,0.026094757
TETRANITROMETHANE,2687305.2,0.08496192
1-NITROBUTANE,3706805.2,0.02837146
HYDROGEN CYANIDE,5026565.0,0.08103022
ACETONITRILE,5072558.5,0.043682113
PROPIONITRILE,4286028.5,0.038360737
ACRYLONITRILE,4470911.0,0.047771793
METHACRYLONITRILE,3923580.2,0.033028387
SUCCINONITRILE,3440746.5,0.019735087
ADIPONITRILE,2868552.2,0.019231055
o-NITROTOLUENE,3700461.8,0.016275685
p-NITROTOLUENE,3676257.8,0.014805486
m-NITROTOLUENE,3691462.8,0.0153929
GLUTARONITRILE,3077938.5,0.012861735
BUTYRONITRILE,3806758.0,0.032487996
VALERONITRILE,3461481.2,0.025059808
MALONONITRILE,3942556.0,0.03555712
HEXANENITRILE,3204477.2,0.017508918
ISOBUTYRONITRILE,3820312.5,0.03423317
trans-CROTONITRILE,4011044.5,0.02780477
BENZONITRILE,4283131.5,0.019936323
PYRIDINE,5395360.5,0.026710004
ANILINE,5307525.5,0.032144003
"2,4-TOLUENE DIISOCYANATE",3056185.8,0.01895287
HEXAMETHYLENEIMINE,4219347.0,0.02465323
N-METHYLANILINE,4368309.0,0.034844115
"N,N-DIMETHYLANILINE",3568946.5,0.018127652
2-METHYLPYRIDINE,4622014.0,0.01292258
cis-CROTONITRILE,4011044.5,0.02780477
CYANOGEN,4216438.5,0.061588414
METHYL MERCAPTAN,6530597.0,0.046034332
ETHYL MERCAPTAN,5228141.0,0.03826463
n-PROPYL MERCAPTAN,4495332.0,0.030435512
tert-BUTYL MERCAPTAN,3931401.0,0.026261704
ISOBUTYL MERCAPTAN,3970042.0,0.018360976
sec-BUTYL MERCAPTAN,3975926.5,0.01406842
n-HEXYL MERCAPTAN,3080085.2,0.008926963
n-NONYL MERCAPTAN,2368046.8,0.018587574
n-OCTYL MERCAPTAN,2562926.8,0.015947059
ISOPROPYL MERCAPTAN,4458980.0,0.03306978
CYCLOHEXYL MERCAPTAN,4168627.0,0.029972937
BENZYL MERCAPTAN,4130396.0,0.027001696
METHYL ETHYL SULFIDE,4364144.5,0.039056756
METHYL n-PROPYL SULFIDE,3859551.0,0.027660623
METHYL t-BUTYL SULFIDE,3475572.2,0.01769966
METHYL t-PENTYL SULFIDE,3205382.0,0.018466376
DI-n-PROPYL SULFIDE,3065485.5,0.013797552
DIETHYL SULFIDE,3941311.8,0.02417001
ETHYL n-OCTYL SULFIDE,2194436.0,0.012130586
DIMETHYL SULFIDE,5062520.5,0.054630946
THIOPHENE,5706849.0,0.030782383
BENZOTHIOPHENE,4297739.0,0.038402006
2-MERCAPTOBENZOTHIAZOLE,4128750.0,0.02991801
DIETHYL DISULFIDE,3831649.0,0.019964594
UNDECYL MERCAPTAN,2034100.5,0.013254183
n-DECYL MERCAPTAN,2195614.8,0.017320612
n-PENTYL MERCAPTAN,3436457.2,0.014210451
DIMETHYL DISULFIDE,5104412.0,0.050598897
DI-n-PROPYL DISULFIDE,3046905.0,0.0133213485
"4,6-DIMETHYLDIBENZOTHIOPHENE",2986443.0,0.025594464
DI-n-OCTYL SULFIDE,1421707.1,0.022074288
DICYCLOHEXYL SULFIDE,2627122.5,0.03067653
"3-ETHYL-2,5-DIMETHYLTHIOPHENE",3286287.2,0.0213651
2-METHYL BENZOTHIOPHENE,3820800.5,0.026749635
THIAINDAN,4047251.8,0.030780567
2-METHYL THIAINDAN,3579789.5,0.025165161
n-DODECYL MERCAPTAN,1882200.9,0.008949158
tert-OCTYL MERCAPTAN,2577594.8,0.019783257
n-HEPTYL MERCAPTAN,2796018.8,0.010934849
DIALLYL SULFIDE,3295304.0,0.033295106
n-BUTYL MERCAPTAN,3944801.0,0.018916896
PHENYL MERCAPTAN,4824604.5,0.02999927
TETRAHYDROTHIOPHENE,4990449.5,0.019572852
DIMETHYL SULFOXIDE,4967904.0,0.05969302
SULFOLANE,5640991.5,0.05138532
3-METHYL SULFOLANE,4318030.0,0.061549522
DI-n-PROPYL SULFONE,3219456.2,0.034245826
DI-n-BUTYL SULFONE,2515883.0,0.030221216
CARBONYL FLUORIDE,4920413.5,0.029751426
ACETYL CHLORIDE,5334054.0,0.05638687
CHLOROACETIC ACID,5659641.0,0.04607548
CHLOROACETYL CHLORIDE,4907647.5,0.03911014
DICHLOROACETYL CHLORIDE,4460949.5,0.019838842
TRICHLOROACETYL CHLORIDE,4029209.2,0.031931847
BENZOYL CHLORIDE,4010061.5,0.028255913
p-CHLOROBENZOTRIFLUORIDE,3058144.8,0.031009551
"2,4-DICHLOROBENZOTRIFLUORIDE",2869830.0,0.029795043
o-CHLOROANILINE,4672658.5,0.028763564
FLUOROBENZENE,4612468.0,0.023980098
CHLOROMETHYL METHYL ETHER,5120193.5,0.038257334
"3-CHLORO-1,2-PROPANEDIOL",5233399.0,0.03939475
"1,3-DICHLORO-2-PROPANOL",4414922.5,0.028940551
HEXAFLUOROBENZENE,3307804.0,0.036942642
"2,3-DICHLORO-1-PROPANOL",4453268.0,0.025543256
DI(2-CHLOROETHYL)ETHER,3518473.5,0.017521106
TRIETHYL ALUMINUM,7724761.0,0.12317597
3-(METHYLMERCAPTO)PROPANAL,3870273.0,0.025882347
TRIISOBUTYL ALUMINUM,1812800.1,0.023030711
TRIFLUOROACETIC ACID,3674182.8,0.046626918
6-AMINOHEXANOL,3535989.2,0.033082947
GLYCINE,7028138.0,0.06162619
3-MERCAPTOPROPIONIC ACID,4923661.5,0.03800242
o-CHLOROBENZOIC ACID,4118536.8,0.03319902
4-METHOXYPHENYLACETIC ACID,3418101.0,0.026221171
"N,N-DIMETHYLFORMAMIDE",4611614.0,0.036954384
UREA,8102833.5,0.09708252
2-METHACRYLAMIDE,4913459.5,0.047482375
ACRYLAMIDE,5758677.5,0.044894397
epsilon-CAPROLACTAM,4533070.0,0.031751882
alpha-EPICHLOROHYDRIN,5259426.5,0.029392725
ACETONE CYANOHYDRIN,4116220.2,0.025013603
TRI-n-BUTYL BORATE,1751506.8,0.06326623
TRIPHENYLPHOSPHINE,6979878.5,0.15030056
NITROBENZENE,4216394.5,0.027882295
GLYCOLIC ACID,6748846.5,0.058703616
ACETALDOL,4468809.5,0.028404053
FURFURAL,5270684.0,0.054181516
alpha-HYDROXYISOBUTYRIC ACID,4689980.5,0.04234938
o-NITROANISOLE,3665307.5,0.022142962
CARBONYL SULFIDE,6375295.5,0.060119968
PHOSGENE,5463902.5,0.054026723
ACETOMETHOXANE,2746301.5,0.025112415
ETHYLENE GLYCOL DIACRYLATE,2694429.0,0.022779806
PROPYLENE GLYCOL MONOMETHYL ETHER ACETATE,3044015.2,0.016288104
DIPROPYLENE GLYCOL MONOMETHYL ETHER ACETATE,2267407.2,0.01638751
METHOXYDIHYDROPYRAN,3968308.8,0.014074026
SULFURIC ACID,6819230.0,0.0945319
PHOSPHORIC ACID,4740755.5,0.080710225
NITRIC ACID,6901462.0,0.13369411
HYDROGEN CHLORIDE,9919679.0,0.12072888
HYDROGEN FLUORIDE,6248309.0,0.073034264
HYDROGEN BROMIDE,8252213.5,0.044220176
HYDROGEN IODIDE,8108593.0,0.06539638
AMMONIA,10176828.0,0.12387595
WATER,18910178.0,0.1301573
HYDROGEN SULFIDE,8040451.0,0.07868754
PHOSPHORUS (WHITE),7541752.5,0.12135408
PHOSPHORUS TRICHLORIDE,5250340.5,0.0878565
PHOSPHORUS OXYCHLORIDE,5090241.5,0.11699545
VANADIUM TETRACHLORIDE,5202884.0,0.042894308
ANTIMONY TRICHLORIDE,4676679.5,0.046866965
DICHLOROSILANE,4473939.5,0.028378097
TRICHLOROSILANE,4014132.2,0.02362126
TETRACHLOROSILANE,3546925.2,0.03664819
CARBON DISULFIDE,6721541.0,0.062343508
BORON TRIFLUORIDE,4854229.5,0.033286925
GALLIUM TRICHLORIDE,3870000.0,0.05335194
SULFURYL CHLORIDE,4673372.0,0.05495096
THIONYL CHLORIDE,5053698.0,0.05670777
BORON TRICHLORIDE,3907240.0,0.044891052
HEXAMETHYLDISILAZANE,2012161.2,0.043066677
HEXAMETHYLDISILOXANE,1938966.9,0.025254093
HEXAMETHYLCYCLOTRISILOXANE,1753057.6,0.04330038
TETRAFLUOROSILANE,3707738.8,0.032473333
NITROSYL FLUORIDE,3205608.2,0.17818998
DODECAMETHYLPENTASILOXANE,1000705.1,0.06137747
METHYL VINYL DICHLOROSILANE,3274677.5,0.026006924
NITROGEN TRIFLUORIDE,4190098.5,0.037674457
[3-(MERCAPTO)PROPYL]TRIETHOXYSILANE,1851273.1,0.035257287
3-(TRIMETHOXYSILYL)-1-PROPANETHIOL,2269588.2,0.022635661
BIS[3-(TRIETHOXYSILYL)PROPYL]DISULFIDE,1017278.6,0.035682693
DISILANE,3708817.2,0.13436976
PHOSPHINE,6173553.0,0.07637479
SILANE,4756129.0,0.056067124
TETRAMETHYLSILANE,2902797.5,0.032752987
NITROSYL CHLORIDE,7842720.5,0.09423691
OCTAMETHYLCYCLOTETRASILOXANE,1348679.4,0.05481935
TETRAFLUOROHYDRAZINE,3832613.8,0.03906995
HYDROGEN PEROXIDE,17226848.0,0.29294893
DEUTERIUM OXIDE,18545766.0,0.16979328
IODINE,10970098.0,0.07680832
GLUTARALDEHYDE,3691547.2,0.028134052
n-TRIACONTANE,734414.06,0.03484708
3-OCTANONE,2653291.0,0.008680783
4-OCTANONE,2643428.2,0.011527923
3-NONANONE,2435574.5,0.0097418595
4-NONANONE,2434114.0,0.00970232
2-CYCLOHEXENE-1-ONE,4475599.0,0.018077971
"2,6,8-TRIMETHYL-4-NONANONE",1954280.8,0.02061992
"2,3-DIMETHYLOCTANE",2190929.2,0.0114612
"2,4-DIMETHYLOCTANE",2175397.2,0.009431056
"2,5-DIMETHYLOCTANE",2184180.5,0.011614887
"2,6-DIMETHYLOCTANE",2191146.8,0.012505152
"2,7-DIMETHYLOCTANE",2152885.0,0.0096997805
m-ETHYLPHENOL,4238091.0,0.023543116
"2,6-DI-tert-BUTYL-p-CRESOL",2099282.2,0.0320671
2-PHENYLETHANOL,3891346.8,0.019109221
"2,6-DIMETHYL-4-HEPTANOL",2528549.8,0.020602964
1-PHENYL-1-PROPANOL,3470597.5,0.022467833
1-PHENYL-2-PROPANOL,3431096.2,0.019354524
2-PHENYL-1-PROPANOL,3512854.2,0.019610418
3-PHENYL-1-PROPANOL,3370234.0,0.018042946
beta-CHOLESTEROL,1223902.6,0.028689831
alpha-METHYLBENZYL ALCOHOL,3956529.8,0.0182354
p-TOLUALCOHOL,4031361.8,0.025042638
o-TOLUALCOHOL,4121417.2,0.022651663
m-TOLUALCOHOL,4045195.0,0.02057311
p-tert-OCTYLPHENOL,2216567.2,0.021467239
p-tert-AMYLPHENOL,2924922.8,0.024914572
p-CUMYLPHENOL,2712774.0,0.022535007
DINONYLPHENOL,1186286.8,0.029560156
"2,4-PENTANEDIOL",4158632.8,0.025244733
3-METHYL-trans-2-PENTENE,3223004.2,0.017767798
5-METHYL-1-HEXENE,2893577.2,0.011499528
"DECAN-1,10-DIOL",2511055.2,0.025100261
"1,4-CYCLOHEXANEDIMETHANOL",3845157.0,0.031511195
NEOABIETIC ACID,1717402.0,0.023263222
2-METHYL-1-OCTENE,2379447.2,0.013185868
2-METHYL-1-HEPTENE,2606606.0,0.01289489
TRIMELLITIC ACID,3409935.5,0.026788315
TRILACTIC ACID,2408873.5,0.03160384
LINOLENIC ACID,1453728.1,0.025890995
ABIETIC ACID,1721114.0,0.022814432
AZELAIC ACID,2733268.5,0.014048658
NEOPENTANOIC ACID,3798171.0,0.015618451
n-PENTADECANOIC ACID,1575431.1,0.015595533
2-ETHYL HEXANOIC ACID,2773651.8,0.015258893
n-HEPTANOIC ACID,3022556.8,0.014538434
NEOHEXANOIC ACID,3447341.8,0.016564868
NEOHEPTANOIC ACID,3091686.2,0.014946082
DEHYDROABIETIC ACID,1780596.4,0.025344405
n-HEPTADECANOIC ACID,1386480.0,0.018788433
n-NONADECANOIC ACID,1239309.0,0.021382576
n-EICOSANIC ACID,1177946.6,0.022560226
FUMARIC ACID,5008902.0,0.049816333
PIMELIC ACID,3227836.8,0.026666412
SUBERIC ACID,2948389.0,0.016346728
CINNAMIC ACID,3442082.0,0.019312415
ACETOXYACETIC ACID,4320621.0,0.027927907
SEBACIC ACID,2530098.2,0.019817295
CITRACONIC ACID,4330224.0,0.02811895
ITACONIC ACID,4223304.0,0.03166081
2-ETHYL BUTYRIC ACID,3394238.5,0.012370025
SUCCINIC ACID,4698814.0,0.033883847
GLUTARIC ACID,4050290.5,0.021651145
PYROMELLITIC ACID,3244017.0,0.039667774
IBUPROFEN,2414273.5,0.01891461
1-METHYL-4-VINYLCYCLOHEXENE,3040710.5,0.018574039
"2,6-NAPHTHALENEDICARBOXYLIC ACID",3053490.8,0.028716898
METHYL MALEIC ANHYDRIDE,5572736.0,0.058477283
sec-BUTYL FORMATE,3519909.8,0.011626229
tert-BUTYL FORMATE,3616033.5,0.01185741
n-HEXYL FORMATE,2839202.0,0.012070079
n-HEPTYL FORMATE,2622044.0,0.010200019
"1,2-HEXADIENE",3399013.5,0.020375755
CYCLOHEXYL FORMATE,3541338.0,0.026526816
tert-BUTYL ACETATE,3168361.5,0.009429841
METHYL ISOBUTYRATE,3486930.2,0.017703673
ETHYL ISOBUTYRATE,3096342.2,0.01427517
ISOPROPYL ACRYLATE,3254717.2,0.014275214
BENZYL FORMATE,3477270.0,0.027594978
n-HEXADECYL METHACRYLATE,1165223.9,0.022550216
ALLYL METHACRYLATE,3032518.0,0.011339365
"DIMETHYL-2,6-NAPHTHALENEDICARBOXYLATE",2397243.0,0.018658224
CYCLOHEXYL ACETATE,3143495.2,0.016872408
PROPYLENE CARBONATE,5071595.5,0.044699717
GLYCERYL TRIACETATE,2291172.2,0.030088924
n-NONYL n-UNDECYL PHTHALATE,962888.4,0.038024276
DIISONONYL PHTHALATE,1043550.1,0.028335584
DIETHYL PHTHALATE,2275500.5,0.02214223
DI-n-BUTYL PHTHALATE,1729617.8,0.018224102
DIMETHYL PHTHALATE,2703309.0,0.021400403
DIETHYL SUCCINATE,2442865.0,0.02755156
DIHEXYL ADIPATE,1251902.0,0.02389641
ETHYLIDENE DIACETATE,3016365.8,0.025962248
DIALLYL MALEATE,2419217.2,0.03423366
DIBUTYL MALEATE,1895158.5,0.019194022
ISOBUTYL ACRYLATE,2916046.5,0.010007767
METHYL DODECANOATE,1719712.9,0.013266676
DIETHYL MALEATE,2573817.0,0.018524857
DIMETHYL MALEATE,3260250.0,0.03438955
DIPROPYL MALEATE,2188811.8,0.016189685
sec-BUTYL ACRYLATE,2934996.0,0.011261422
VINYL PIVALATE,2958715.0,0.022334887
DIMETHYL CARBONATE,4362971.0,0.04548284
n-PROPYL BENZOATE,2802880.0,0.026345428
DIISOBUTYL ETHER,2509071.0,0.016190244
1-HEPTYNE,3206651.0,0.018795494
ETHYL ISOPROPYL ETHER,3335630.0,0.009017306
ETHYL n-HEXYL ETHER,2479385.2,0.0047341352
"1,3-DIOXANE",5041283.5,0.041744344
ETHYLAL,3244384.8,0.016439622
"1,2-DIETHOXYETHANE",2972987.2,0.009591248
"2,3-DIHYDROFURAN",5468797.5,0.023682665
1-ETHYL-2-ISOPROPYLBENZENE,2634175.0,0.019004015
"1,1-DICHLOROPROPANE",4186276.0,0.02193154
"1,3-DICHLOROPROPANE",4210118.0,0.014291081
"2,3-DICHLOROPROPENE",4455859.5,0.02321022
n-PENTADECYLBENZENE,1326915.5,0.016151223
n-HEXADECYLBENZENE,1258704.1,0.01731121
n-HEPTADECYLBENZENE,1196925.8,0.019075304
n-OCTADECYLBENZENE,1140578.6,0.021316621
"1,2,3-TRICHLOROBENZENE",3779054.0,0.024707071
"1,3,5-TRICHLOROBENZENE",3815499.2,0.024425864
"1,3-DICHLOROHEXAFLUOROPROPANE",2663965.2,0.03105762
"1,2-DICHLOROHEXAFLUOROCYCLOBUTANE",2676507.0,0.038223803
"3,3,3-TRIFLUOROPROPENE",3613368.8,0.02960914
"1,1,2-TRIFLUOROETHANE",4682624.0,0.0322711
PERFLUORO-n-PENTANE,2052526.8,0.032519694
PERFLUORO-n-HEXADECANE,664250.8,0.060831744
PERFLUOROMETHYLCYCLOPENTANE,2148710.5,0.017017294
PERFLUORO-n-HEPTANE,1638197.0,0.04567713
"1,1,1,3,3-PENTAFLUOROPROPANE",3534832.5,0.024185518
"1,1,2,2,3-PENTAFLUOROPROPANE",3697720.5,0.030394722
"1,1,1,2,2-PENTAFLUOROPROPANE",3226572.0,0.026887015
"1,1,1,2,3,3,3-HEPTAFLUOROPROPANE",2940554.5,0.021484071
"1,1,1,2,3,3-HEXAFLUOROPROPANE",3203939.8,0.01798244
BENZOTRIFLUORIDE,3297438.5,0.06002373
DIBROMOMETHANE,6497783.0,0.05726827
2-BROMOBUTANE,4043490.2,0.018789405
BROMOCHLOROMETHANE,6446559.5,0.04801765
HALOTHANE,3649005.8,0.031659838
BROMOTRICHLOROMETHANE,4801933.0,0.04397792
"1,2-DIFLUOROETHANE",4770675.0,0.026138656
"2,2-DICHLORO-1,1,2-TRIFLUOROETHANE",3811891.0,0.026564268
PENTACHLOROFLUOROETHANE,3384122.0,0.03244726
"1,2-DICHLORO-1,1,2-TRIFLUOROETHANE",3657468.5,0.029520663
"2-CHLORO-1,1,1,2-TETRAFLUOROETHANE",3631644.0,0.022295749
"1,1-DICHLORO-1-FLUOROETHANE",4256302.0,0.027159296
"1,1,1,2-TETRAFLUOROETHANE",4004665.2,0.03025231
HEXAFLUOROACETONE,2908833.2,0.024238592
OCTAFLUOROPROPANE,2654288.0,0.023525905
OCTAFLUORO-2-BUTENE,2516142.0,0.027169118
OCTAFLUOROCYCLOBUTANE,2778501.8,0.02320428
"1,1,2-TRICHLOROTRIFLUOROETHANE",3322280.2,0.026639728
"1,1,2,2-TETRACHLORODIFLUOROETHANE",3376819.8,0.025924684
"1,1,1,2-TETRACHLORODIFLUOROETHANE",3350141.8,0.032957245
"1,1,1-TRICHLOROFLUOROETHANE",4063867.2,0.020390294
"1,1,2,2-TETRAFLUOROETHANE",4400219.0,0.02176241
p-BROMOTOLUENE,3938129.0,0.02420203
n-HEXYL IODIDE,2986314.8,0.02244313
n-BUTYL IODIDE,3764981.5,0.02371104
BROMOCHLORODIFLUOROMETHANE,4189726.5,0.022879478
BROMOTRIFLUOROMETHANE,4059296.8,0.031192604
DIBROMODIFLUOROMETHANE,4103153.2,0.03195558
BROMOTRIFLUOROETHYLENE,4171999.8,0.027265599
CHLOROTRIFLUOROETHYLENE,4190833.8,0.033459347
CHLOROPENTAFLUOROETHANE,3313885.2,0.022587279
HEXAFLUOROETHANE,3146743.5,0.0317854
VINYL BROMIDE,6133746.0,0.043579165
"1-CHLORO-1,1-DIFLUOROETHANE",4122085.2,0.029369548
VINYL FLUORIDE,5016273.5,0.03123582
n-HEXYLAMINE,3244088.0,0.02802025
n-HEPTYLAMINE,2947630.0,0.022246704
n-OCTYLAMINE,2678835.8,0.014823439
n-NONYLAMINE,2440170.8,0.014163785
n-DECYLAMINE,2232441.8,0.015734883
n-DODECYLAMINE,1893285.1,0.016480768
N-ETHYL-2-METHYLALLYLAMINE,3221268.2,0.024837054
PENTAETHYLENE HEXAMINE,2104600.2,0.054284073
TRIALLYLAMINE,2524506.5,0.029305192
TRI-n-BUTYLAMINE,1812115.6,0.016598955
DIETHYLENETRIAMINE,4228938.5,0.047225215
TETRAETHYLENEPENTAMINE,2565025.0,0.03180818
TRIPROPYLAMINE,2266957.8,0.01267918
VINYLACETONITRILE,3868992.5,0.04081382
AMINOCAPRONITRILE,3183657.5,0.024399666
n-BUTYL ISOCYANATE,3446891.2,0.02117596
CYCLOHEXYL ISOCYANATE,3590642.0,0.021671852
o-ETHYLANILINE,3773407.2,0.01831693
o-PHENYLENEDIAMINE,5052387.0,0.04306486
PROPYLENEIMINE,5232865.0,0.041871198
m-PHENYLENEDIAMINE,5082233.0,0.041807625
"N,N'-DI-tert-BUTYLETHYLENEDIAMINE",2184218.0,0.018365493
CYCLOPENTYLAMINE,4575176.5,0.032502227
DICYCLOHEXYLAMINE,2502270.0,0.023813121
N-METHYLCYCLOHEXYLAMINE,3558743.2,0.019878734
N-AMINOETHYL ETHANOLAMINE,4503854.0,0.040999882
cis-DICYANO-1-BUTENE,3008390.8,0.02011779
trans-DICYANO-1-BUTENE,3008390.8,0.02011779
"1,4-DICYANO-2-BUTENE",2928758.0,0.014580076
"DIPHENYLMETHANE-4,4'-DIISOCYANATE",2327372.8,0.03972948
"N,N'-DIPHENYL-p-PHENYLENEDIAMINE",2358571.8,0.016663186
o-NITRODIPHENYLAMINE,2868743.8,0.02495883
DIALLYLAMINE,3301970.0,0.022925891
m-DINITROBENZENE,3742382.2,0.020715348
o-DINITROBENZENE,3718666.8,0.027669558
p-DINITROBENZENE,3738112.8,0.01927317
"2,4-DINITROTOLUENE",3397338.0,0.034513995
"2,6-DINITROTOLUENE",3403479.8,0.039585114
"3,4-DINITROTOLUENE",3394902.0,0.037138876
"1,3,5-TRINITROBENZENE",3391303.8,0.044709034
"2,4,6-TRINITROTOLUENE",3129347.5,0.061888423
"2,5-DINITROTOLUENE",3401705.0,0.033908885
"3,5-DINITROTOLUENE",3397056.0,0.031761374
p-PHENYLENEDIAMINE,5060846.0,0.040425118
PHENYL ISOCYANATE,4263887.0,0.029390993
PIPERAZINE,5477801.5,0.03283254
PYRIDAZINE,5443529.5,0.03218071
PYRIMIDINE,5739477.0,0.03521396
PYRAZOLE,6974535.5,0.03823151
MALEONITRILE,3710087.2,0.03567388
FUMARONITRILE,3710087.2,0.03567388
"2,2'-IMINOBIS-ACETONITRILE",3646581.0,0.040004183
"2,2',2''-NITRILOTRIS-ACETONITRILE",2662324.8,0.03589161
PENTAERYTHRITOL TETRANITRATE,2204552.8,0.04515629
NITROGLYCERINE,2950510.0,0.05073099
o-NITROANILINE,4364032.0,0.036341548
p-NITROANILINE,4373264.5,0.037931953
m-NITROANILINE,4388711.0,0.038230527
HYDRAZOBENZENE,3130499.5,0.023311358
INDOLE,4683508.5,0.02382408
ISOQUINOLINE,4350847.0,0.031299043
p-AMINOAZOBENZENE,2964807.8,0.018232517
p-AMINODIPHENYL,3372864.5,0.021922033
"1,5-NAPHTHALENE DIISOCYANATE",2810473.5,0.02463662
DIBENZOPYRROLE,3527007.0,0.033994026
NICOTINONITRILE,4302233.5,0.039412428
"2,6-DIETHYLANILINE",3053450.0,0.02376437
METHYL ISOCYANATE,5474480.0,0.058083564
ACROLEIN CYANOHYDRIN,4344623.0,0.031236643
"2,4,6-TRIMETHYLPYRIDINE",3429509.5,0.012996634
"2,6-DIMETHYLPYRIDINE",3975771.0,0.014570972
3-METHYLPYRIDINE,4629368.0,0.013144754
METHYLGLUTARONITRILE,2988602.5,0.016523773
4-METHYLPYRIDINE,4625286.0,0.0137396045
"1,6-HEXAMETHYLENE DIISOCYANATE",2755801.5,0.029600197
ISOPHORONE DIISOCYANATE,2426042.2,0.040308833
THIACYCLOPROPANE,6494165.5,0.05903508
METHYL n-BUTYL SULFIDE,3416852.8,0.016143445
ETHYL t-BUTYL SULFIDE,3156719.5,0.012570362
TRIMETHYLENE SULFIDE,5660316.0,0.028273167
DIBENZOTHIOPHENE,3651686.2,0.03139276
tert-DODECYL MERCAPTAN,1897922.1,0.03439776
tert-NONYL MERCAPTAN,2339228.8,0.018778492
2-METHYLTHIOPHENE,4802840.0,0.023785759
3-METHYLTHIOPHENE,4754592.0,0.023280226
CAMPHOR,2886953.5,0.028245961
FORMAMIDE,8063511.5,0.0685286
N-METHYLFORMAMIDE,6021078.0,0.05511575
ACETAMIDE,6758681.0,0.0728058
DIACETONE ALCOHOL,3543253.5,0.008548052
FURFURYL ALCOHOL,5531684.5,0.035154317
"N,N-DIMETHYLACETAMIDE",3955602.0,0.023279905
ACETAMINOPHEN,4182177.8,0.028868897
BIS(DIFLUOROMETHYL)ETHER,4254829.0,0.027359445
p-METHOXYPHENOL,4621379.5,0.029951349
2-METHOXYETHANOL,5012242.5,0.047923427
2-ETHOXYETHANOL,4237876.5,0.035082925
2-BUTOXYETHANOL,3318091.0,0.018561859
2-(2-METHOXYETHOXY)ETHANOL,3672399.5,0.03204654
2-(2-ETHOXYETHOXY)ETHANOL,3270823.0,0.025313847
2-AMINOETHOXYETHANOL,4775955.5,0.031824775
ETHYLCHLOROACETATE,3770921.2,0.023189692
ACETALDOXIME,5930217.5,0.040303327
"2-(DIFLUOROMETHOXY)-1,1,1-TRIFLUOROETHANE",3504763.0,0.030160757
TRIETHYLENE GLYCOL MONOMETHYL ETHER,2967608.0,0.015977629
SUCCINIMIDE,6195730.5,0.04364443
4-CARBOXYBENZALDEHYDE,3769964.5,0.030837672
THIOGLYCOLIC ACID,5850674.5,0.060083777
2-HYDROXYETHYL METHACRYLATE,3498475.0,0.014825615
2-ACETOACETOXY ETHYL METHACRYLATE,2326028.0,0.02660961
METHYL LACTATE,4220791.5,0.033182003
2-METHOXY PROPANOL-1,4198290.0,0.026492864
TRIACETONE ALCOHOL,2726577.5,0.019147886
BENZAMIDE,4686681.5,0.038183138
alpha-METHYLBENZYL ALCOHOL FORMATE,3182525.0,0.015526627
2-FORMYL BENZOIC ACID,3832504.5,0.030531852
4-HYDROXYBUTYRALDEHYDE,4540659.5,0.028259283
m-CHLORONITROBENZENE,3945343.0,0.029906532
2-HYDROXYACETOPHENONE,4204982.0,0.022331096
4-HYDROXYACETOPHENONE,4181719.2,0.027663264
4-HYDROXYSTYRENE,4293089.5,0.017420959
ACETYLSALICYLIC ACID,3297080.0,0.027536878
p-PHENETIDINE,3638709.5,0.015057495
"2-METHYL-, 3-HYDROXY-2,2,4-TRIMETHYLPENTYL PROPANOATE",1922383.1,0.036432967
ACETOL,5317785.5,0.043749094
ISOAGATHOLAL,1632786.4,0.026180692
o-CHLOROPHENOL,4904658.0,0.030497015
m-CHLOROPHENOL,4903755.5,0.032204058
p-CHLOROPHENOL,4903063.0,0.03242345
PENTAFLUOROPHENOL,3833439.8,0.03568807
1-ISOPROPOXY-2-PROPANOL,3228754.2,0.012427742
2-CHLOROETHANOL,5742137.0,0.059214037
ISOPHTHALOYL CHLORIDE,3530749.2,0.027374497
4-FORMYLMORPHOLINE,4537135.5,0.028724654
CHLOROSULFONIC ACID,7089078.5,0.07475862
NITROGEN TRICHLORIDE,5965971.5,0.044758704
ALUMINUM CHLORIDE,2676208.2,0.05161811
TITANIUM TETRACHLORIDE,4847762.0,0.06350832
GERMANIUM TETRAHYDRIDE,5343667.0,0.06779164
DIMETHYLALUMINUM CHLORIDE,3243190.8,0.050192077
PERCHLORIC ACID,7528415.5,0.11992013
OCTAMETHYLTRISILOXANE,1489015.8,0.054483503
OCTADECAMETHYLOCTASILOXANE,612584.0,0.08397086
TETRAETHYL SILANE,2333903.2,0.030372225
HEXADECAMETHYLHEPTASILOXANE,726986.44,0.07376708
DIETHYLALUMINUM CHLORIDE,3165438.0,0.121337876
DIISOBUTYLALUMINUM CHLORIDE,2718616.8,0.07938345
3-ETHYL HEPTANAL,2490994.0,0.011452216
DIAMYL KETONE,2092865.4,0.012631466
DIACETYL,4248568.5,0.02603813
DIMETHYLKETENE,4321338.0,0.027968397
1-CYCLOHEXYLETHANONE,3316107.5,0.014841445
2-CYCLOHEXENYL CYCLOHEXANONE,2791172.5,0.023160364
3-METHYLCYCLOPENTANONE,3931843.8,0.020475522
METHYL GLYOXAL,5074910.0,0.055467136
trans-3-PENTEN-2-ONE,3861800.5,0.01513069
3-BUTEN-2-ONE,4335414.0,0.028593345
2-BUTYL-1-DECANOL,1690108.8,0.011997273
2-METHYL-1-TRIDECANOL,1691460.0,0.013978912
2-METHYL-DODECAN-1-OL,1821926.9,0.012933747
4-METHYL-1-OCTANOL,2509874.8,0.00741153
6-METHYL-1-OCTANOL,2517493.5,0.008037761
3-ETHYL-1-HEPTANOL,2521390.8,0.008235039
THYMOL,3331341.2,0.031909343
1-METHYL-3-HYDROXY-5-ISOPROPYL BENZENE,3259115.2,0.026876282
1-METHYL-3-HYDROXY-6-ISOPROPYL BENZENE,3266957.2,0.027449459
"1,2,3,6-TETRAHYDROBENZYL ALCOHOL",4093308.0,0.012695326
1-DOCOSANOL,1064053.1,0.021886492
CYCLOPENTANOL,4876055.0,0.01743865
OLEYL ALCOHOL,1351802.0,0.019362519
o-tert-BUTYLPHENOL,3299455.0,0.025347294
m-tert-BUTYLPHENOL,3261384.8,0.02038536
2-tert-BUTYL-6-PHENYL PHENOL,2463666.2,0.02116633
o-ISOPROPYLPHENOL,3770903.5,0.029464865
"cis-1,8-TERPIN",2996542.0,0.014173282
"trans-1,8-TERPIN",2996542.0,0.014173282
7-METHYL-1-OCTENE,2374904.0,0.010896644
ACETOACETIC ACID,4456629.0,0.028770208
m-TOLUIC ACID,3929096.0,0.020999499
OCTAHYDRO-PENTALENE-1-CARBOXYLIC ACID,3317297.0,0.030284457
DODECANEDIOIC ACID,2136314.2,0.02357197
TETRADECANEDIOIC ACID,1815812.5,0.027492061
2-METHYL-1-NONENE,2193170.2,0.01401477
8-METHYL-1-NONENE,2190849.8,0.011605023
cis-2-DECENE,2228851.0,0.011261722
trans-2-DECENE,2228851.0,0.011261722
cis-2-DODECENE,1937139.1,0.011930423
trans-2-DODECENE,1937139.1,0.011930423
CYCLOPROPANE CARBOXYLIC ACID,5370089.5,0.030571451
ERUCIC ACID,1103073.0,0.025022902
ISOSTEARIC ACID,1304279.8,0.020950997
MALONIC ACID,5637366.5,0.05481926
4-HYDROXYMETHYL BENZOIC ACID,4151567.5,0.02109254
ISOBUTYRIC ANHYDRIDE,2636587.5,0.016456235
"2,2,4-TRIMETHYL-1,3-PENTANEDIOL DIISOBUTYRATE",1412311.1,0.033389088
n-CROTYL ACETATE,3325396.2,0.013603586
sec-BUTENYL ACETATE,3325846.5,0.010408987
ETHYL TRIMETHYL ACETATE,2848034.5,0.014478172
DI(2-ETHYLHEXYL) TEREPHTHALATE,1145554.0,0.023274746
PHTHALIDE,4417719.0,0.03636531
ALLYL ACRYLATE,3361015.8,0.017927427
DIALLYL PHTHALATE,2106433.5,0.0198309
METHYL STEARATE,1177084.2,0.022027543
METHYL MYRISTATE,1488009.1,0.016579207
METHYL PALMITATE,1312234.8,0.019844556
ETHYL PHENYL ACETATE,2797597.5,0.014003778
METHYL EICOSANOATE,1069404.2,0.024153987
METHYL LINOLEATE,1256052.9,0.021738531
METHYL PALMITOLEATE,1359201.5,0.021097159
METHYL LINOLENATE,1298768.6,0.022210045
n-PENTYL n-BUTYRATE,2350093.5,0.011434577
ISOPENTYL BUTYRATE,2359282.5,0.012889031
ALLYLIDENE DIACETATE,2874097.5,0.019509247
ETHYL PALMITATE,1238840.0,0.020277167
ETHYL OLEATE,1156801.4,0.022122653
ETHYL STEARATE,1122159.1,0.022950204
METHYL CAPRYLATE,2399328.8,0.0093657775
METHYL ERUCATE,1007679.9,0.02620994
ISOPROPYL PALMITATE,1178528.8,0.020611295
ETHYL CAPRATE,1825172.0,0.010899869
ETHYL LAURATE,1576814.0,0.012910278
ETHYL MYRISTATE,1386427.0,0.016958393
ETHYL LINOLENATE,1225790.4,0.020994753
ETHYL LINOLEATE,1191813.8,0.021318348
ETHYL ERUCATE,968764.9,0.028396368
TRICAPRYLIN,869041.5,0.03305368
"1,6-HEXANEDIOL DIACRYLATE",1947928.2,0.026769359
2-(5H)-FURANONE,5910998.0,0.059860162
2-ETHYLHEXYL BENZOATE,1881177.9,0.024234863
DIBUTYL TEREPHTHALATE,1713227.4,0.018558266
DI-(2-ETHYLHEXYL) MALEATE,1190787.9,0.02428076
DIMETHYL GLUTARATE,2763736.8,0.022838715
MONOPALMITIN,1280451.4,0.027340401
DIPROPYL SUCCINATE,2063911.4,0.02482853
DIBUTYL SUCCINATE,1801410.4,0.023970816
DIISOBUTYL HEXAHYDROPHTHALATE,1628222.4,0.02222618
METHYL PENTADECANOATE,1394164.9,0.018340822
METHYL HEPTADECANOATE,1240426.5,0.021028865
DIMETHYL OXALATE,4123976.5,0.06951986
METHYL-E-CROTONATE,3681387.2,0.024091866
VINYLETHYLENE CARBONATE,4759573.0,0.04183432
DIMETHYL SUCCINATE,3079480.0,0.027005631
DIOCTYL ADIPATE,1042227.3,0.026496865
DI(2-ETHYLHEXYL) ADIPATE,1059010.6,0.026963005
"BENZENE-1,2,4-TRICARBOXYLIC ACID TRIMETHYL ESTER",2258063.5,0.024951572
DIMETHYLMALONATE,3577253.8,0.02299853
"2,4,6,8-TETRAOXANONANE",3030922.0,0.020501873
"2,4,6,8,10-PENTAOXAUNDECANE",2677030.2,0.017168703
"2,4,6-TRIOXAHEPTANE",3550949.5,0.026801178
"2,4,6,8,10,12-HEXAOXATRIDECANE",2377104.2,0.01746532
"1,3,5-TRIETHYLBENZENE",2428801.5,0.009954749
1-BROMODODECANE,1938641.5,0.023052275
"1,2-DIBROMODODECANE",1936686.4,0.018227894
TRIFLUOROIODOMETHANE,4042160.2,0.03702282
DIFLUOROMETHYL METHYL ETHER,4465354.5,0.026648954
DIFLUOROMETHYL TRIFLUOROMETHYL ETHER,3501368.5,0.03175342
"1,1,1,3,3-PENTAFLUOROBUTANE",3171880.8,0.02817678
METHYL NONAFLUORO-N-BUTYL ETHER,2237045.2,0.033987787
"2,3,3,3-TETRAFLUOROPROPENE",3497247.5,0.029415576
"trans-1,3,3,3-TETRAFLUOROPROPENE",3670824.0,0.029987702
"2,2,4,4-TETRAFLUOROPENTANE",3237511.0,0.025075138
1H-PERFLUORO-N-HEXANE,1921091.0,0.047345478
"trans-1-CHLORO-3,3,3-TRIFLUORO-1-PROPENE",3620995.8,0.029405873
"1,1,1,2-TETRAFLUORO-2-CHLOROPROPANE",3230125.0,0.024994338
"1,4-BIS(3-AMINOPROPYL)PIPERAZINE",2288912.0,0.022084035
CYCLOPROPANECARBOXAMIDE,5608420.0,0.035749346
CYCLOPROPYL CYANIDE,4513146.0,0.033357684
6-AMINOHEXANAMIDE,3456321.8,0.01958554
RDX,3911150.8,0.03889545
HMX,2676895.0,0.049335986
"1,5-PENTANEDIAMINE",3753441.0,0.030660344
HEXANAMIDE,3391384.8,0.019983415
"2,4-DIMETHYLANILINE",3687560.8,0.022456337
"1,3-DIMETHYL-5-NITROBENZENE",3325142.5,0.024781507
"2,6-DIETHYLNAPHTHALENE",2615695.2,0.016015984
"3-(N,N-DIMETHYLAMINO) PROPYLAMINE",3447118.0,0.025017705
4-[2-(2-AMINOETHOXY)ETHYL]MORPHOLINE,2804743.8,0.021521889
2-(N-MORPHOLINO)-2'-HYDROXYDIETHYLETHER,2948577.8,0.02175659
1-n-PENTYLNAPHTHALENE,2373486.5,0.024686988
8-METHYLQUINOLINE,3786698.2,0.020378405
TRI-n-OCTYLAMINE,968380.6,0.026384762
2-BUTOXIME,4171578.0,0.027116982
N-METHYLPIPERIDINE,3790720.0,0.019835811
IMIDAZOLE,7539631.0,0.060730092
DIAMYLAMINE,2124676.0,0.018334793
TRIAMYLAMINE,1493733.5,0.019143868
UNDECYLAMINE,2051268.4,0.016968548
NIACIN,4657056.5,0.039541136
L-PHENYLALANINE,3531678.5,0.018771617
TETRYL,2700714.0,0.056276456
DI-n-OCTYLAMINE,1401809.6,0.017205834
DI-2-ETHYLHEXYLAMINE,1451009.2,0.019449322
TETRAMETHYLETHYLENEDIAMINE,2818262.5,0.012468384
ETHYLDIETHANOLAMINE,3393271.0,0.030773045
2-AMINODIPHENYL,3464397.0,0.025339903
"1,2,3-TRIAZINE",5638281.0,0.03343495
"1,2,4-TRIAZINE",5721710.0,0.044998996
"1,3,5-TRIAZINE",5996883.0,0.055398352
1-METHYLIMIDAZOLE,5796912.0,0.040439762
"N,N-DIMETHYLCYCLOHEXYLAMINE",3058687.5,0.013755758
ACRIDINE,3302754.0,0.020102784
"1,3-PROPANEDIAMINE",5124737.0,0.04980348
"4,4'-DINITRODIPHENYLAMINE",2681271.5,0.040658627
"4,4'-DINITROTRIPHENYLAMINE",2033421.5,0.02049353
BENZIDINE,3405281.8,0.03357708
"2,6-TOLUENE DIISOCYANATE",3057538.0,0.015519512
N-ETHYLANILINE,3664835.5,0.025400996
DICYANDIAMIDE,5307505.0,0.07779972
DI-tert-BUTYL DISULFIDE,3180119.0,0.027233344
DI-tert-BUTYL SULFIDE,2645728.2,0.025118994
2-METHYLTHIACYCLOPENTANE,4138980.5,0.021228256
2-PENTANETHIOL,3538661.0,0.012625165
METHYL ISOPROPYL SULFIDE,3893986.0,0.027489867
PHENOTHIAZINE,3763976.0,0.0313002
2-ETHYL-TETRAHYDROTHIOPHENE,3776910.2,0.021397805
2-PROPYLBENZOTHIOPHENE,3150361.8,0.022066997
2-BUTYLBENZOTHIOPHENE,2846519.5,0.034137573
2-ETHYLTHIOPHENE,4181730.8,0.028626923
2-n-PROPYLTHIOPHENE,3733459.5,0.024125047
"2,5-DIMETHYLTHIOPHENE",4148998.5,0.023802431
ETHYL METHYL DISULFIDE,4461357.5,0.031704254
ETHYL PROPYL DISULFIDE,3370668.0,0.013336262
METHYL PHENYL SULFIDE,3938598.8,0.030049583
DI-n-BUTYL SULFIDE,2563775.2,0.011420695
"2,7-DIMETHYLBENZOTHIOPHENE",3457762.5,0.013671269
DIISOPENTYLSULFIDE,2290364.0,0.021206291
DIPHENYL DISULFIDE,3506040.0,0.032840263
4-METHYL DIBENZOTHIOPHENE,3288083.8,0.019673048
ETHYL PROPYL SULFIDE,3433525.0,0.012402105
METHYL PENTYL SULFIDE,3075585.2,0.0102177225
2-ETHYLBENZOTHIOPHENE,3455916.5,0.015230193
"2,3-DIMETHYLBENZOTHIOPHENE",3464942.2,0.014101353
ETHYL n-PENTYL SULFIDE,2775890.2,0.015029255
"2,3,5-TRIMETHYLTHIOPHENE",3648087.2,0.020145925
DIISOPROPYL SULFIDE,3185558.8,0.01646123
"2,3-DIMETHYLTHIOPHENE",4150411.2,0.02740047
"3,4-DIMETHYLTHIOPHENE",4152311.8,0.030212015
3-ETHYLBENZOTHIOPHENE,3503249.5,0.02180774
"3,5-DIMETHYLBENZOTHIOPHENE",3495320.0,0.01981424
ETHYL TERT-BUTYL DISULFIDE,2956540.8,0.052521873
DI-n-BUTYL DISULFIDE,2640560.8,0.021183496
ETHYL ISOPROPYL SULFIDE,3533329.5,0.011566835
n-BUTYL ETHYL SULFIDE,3071885.8,0.015441506
PROPYL ISOPROPYL SULFIDE,3140801.5,0.013329989
"2,6-DIMETHYL-1-BENZOTHIOPHENE",3446092.2,0.0145551665
"3,7-DIMETHYL-1-BENZOTHIOPHENE",3518916.5,0.020800082
3-ETHYLTHIOPHENE,4173360.8,0.029003
ETHYLENE GLYCOL 2-ETHYLHEXYL ETHER,2261337.0,0.0085892165
PROPYLENE GLYCOL ETHYL ETHER ACETATE,2725272.5,0.013808362
DIPROPYLENE GLYCOL t-BUTYL ETHER,2199844.0,0.015764723
DICHLOROACETIC ACID,5222929.0,0.04177894
PROPYLENE GLYCOL MONOMETHYL ETHER,4141977.0,0.023861399
DIPROPYLENE GLYCOL MONOMETHYL ETHER,2842854.5,0.017721603
PROPYLENE GLYCOL 1-tert-BUTYL ETHER,2888041.5,0.015948849
TRIPROPYLENE GLYCOL MONOMETHYL ETHER,2182071.2,0.02075123
PROPYLENE GLYCOL 2-tert-BUTYL ETHER,2839191.2,0.013610199
DIETHYLENE GLYCOL MONOPROPYL ETHER,2965783.5,0.016505878
p-CHLOROANILINE,4656986.0,0.027150424
TRIETHYLENE GLYCOL n-BUTYL ETHER,2306793.8,0.0186168
TRIETHYLENE GLYCOL MONOETHYL ETHER,2730517.2,0.013979843
PROPYLENE GLYCOL MONOALLYL ETHER,3460920.0,0.019036967
"2,3-EPOXY-1-PROPANOL",5760215.5,0.03505668
2-HEXOXYETHANOL,2727415.0,0.00727537
2-(2-HEXOXYETHOXY)ETHANOL,2322647.8,0.014795722
MONOOLEIN,1193527.8,0.028937655
DIPROPYLENE GLYCOL n-PROPYL ETHER,2404705.0,0.013727625
PROPYLENE GLYCOL n-PROPYL ETHER,3236452.2,0.011974653
DIETHYLENE GLYCOL MONOBUTYL ETHER ACETATE,2161952.0,0.020159079
3-HYDROXY-2-METHYL PROPIONALDEHYDE,4536236.0,0.030099275
HYDROXYACETONITRILE,5627783.5,0.0506897
AMINOACETONITRILE,5542181.5,0.05645584
PHENYLACETONITRILE,3593135.8,0.025524214
"N,N-DIETHYLHYDROXYLAMINE",4067062.2,0.032902844
DI-n-BUTYL SULFATE,3173060.8,0.08738677
CROTYL GLYCOL ETHER,3524031.2,0.015315795
sec-BUTENYL GLYCOL ETHER,3455939.5,0.018383102
SUCROSE,3173448.0,0.037807945
ETHYLENE GLYCOL DINITRATE,4135634.8,0.06768525
DIETHYLSULFITE,3884928.0,0.035676993
N-METHYLTHIOPYRROLIDONE,4387422.0,0.029571136
PENTAFLUOROETHYL TRIFLUOROVINYL ETHER,2574799.0,0.029261187
TRIFLUOROMETHYL TRIFLUOROVINYL ETHER,3038901.2,0.022878366
DIPROPYLENE GLYCOL MONOETHYL ETHER,2595439.0,0.015914246
TRIPROPYLENE GLYCOL MONOETHYL ETHER,1973306.6,0.021363188
1-ETHOXY-2-PROPANOL,3633577.2,0.015237205
1-tert-BUTOXY-2-[2-(HYDROXY)PROPOXY]PROPANE,2258061.5,0.018849647
"N,N'-BIS(2-HYDROXYETHYL)ETHYLENEDIAMINE",3489964.2,0.04822446
METHYL GLYCOLATE,5178943.5,0.05125401
METHANESULFONYL CHLORIDE,5283396.0,0.058952745
tert-BUTYL METHACRYLATE,2732132.2,0.015050673
TRIMETHYL INDIUM,3419887.8,0.08338915
TRIETHYL GALLIUM,2524911.0,0.027655922
TIN(IV) CHLORIDE,3739663.5,0.028368423
ARSENIC (III) CHLORIDE,5040154.0,0.03478081
TETRAETHOXYSILANE,1995701.1,0.07545186
gamma-AMINOPROPYLTRIETHOXYSILANE,1919387.9,0.026382986
HEXADECAMETHYLCYCLOOCTASILOXANE,686481.06,0.062533274
(3-METHYLACRYLOXYPROPYL)TRICHLOROSILANE,2147790.8,0.031058948
METHYL CHLOROSILANE,4165829.2,0.032680012
METHYL DICHLOROSILANE,3941631.0,0.031310074
METHYL TRICHLOROSILANE,3548955.5,0.03570343
VINYLTRICHLOROSILANE,3333982.5,0.033431817
3-(TRIETHOXYSILYL)PROPIONITRILE,1843468.4,0.037938405
TRIS(2-METHOXYETHOXY)VINYLSILANE,1725426.5,0.021131653
METHYL SILICATE,2853795.8,0.0779759
3-CHLOROPROPYLTRIMETHOXYSILANE,2229663.2,0.025838835
SULFUR DICHLORIDE,6522797.5,0.0713534
HYDROGEN SELENIDE,7561975.5,0.059153292
"[3-(2,3-EPOXYPROXY)PROPYL]TRIMETHOXYSILANE",1866949.6,0.0435202
3-CHLOROPROPYLTRICHLOROSILANE,2860084.2,0.031912904
METHYLTRIACETOXYSILANE,1747270.9,0.039557867
ETHYLTRIACETOXYSILANE,1694164.0,0.04194034
METHYLGERMANIUM TRICHLORIDE,3899411.5,0.029906992
BORON TRIBROMIDE,4862458.0,0.056277223
TRIETHYL ESTER PHOSPHOROUS ACID,5054942.0,0.09496484
PHOSPHORUS TRIFLUORIDE,4241864.0,0.046039153
GERMANIUM TETRAFLUORIDE,4410840.5,0.029465012
GERMANIUM TETRACHLORIDE,3906606.5,0.031490754
TRIMETHYLALUMINUM,4223501.5,0.05691006
TRIMETHYLGALLIUM,3714686.0,0.02950725
TETRAETHYL LEAD,2287864.2,0.049804863
ETHYL ALUMINUM DICHLORIDE,2147246.0,0.1010464
3-CHLOROPROPYLDIMETHYLCHLOROSILANE,2700170.5,0.024017416
(3-GLYCIDOXYPROPYL)METHYLDIETHOXYSILANE,1683250.0,0.03632101
PHOSPHORUS PENTAFLUORIDE,3563912.5,0.030902892
"(3,3,3-TRIFLUOROPROPYL)METHYLDICHLOROSILANE",2526481.5,0.025490709
BIS[3-(TRIMETHOXYSILYL)PROPYL]DISULFIDE,1316830.5,0.03949679
MERCURY DICHLORIDE,10878917.0,0.06766023
METHYL SILANE,4504520.0,0.044574186
DIMETHYL SILANE,3754375.5,0.036478072
TRIMETHYL SILANE,3206571.8,0.0287987
TRIMETHYLCHLOROSILANE,3245805.5,0.026503451
DIMETHYLDICHLOROSILANE,3491668.5,0.034581475
DECAMETHYLCYCLOPENTASILOXANE,1096406.9,0.061407484
DODECAMETHYLCYCLOHEXASILOXANE,931842.25,0.060176075
DIPHENYLDICHLOROSILANE,2388297.8,0.027798379
ETHYLTRICHLOROSILANE,3260697.8,0.038373575
DICHLORODIETHYLSILANE,2955331.0,0.030527683
DIMETHYLMERCURY,6485228.5,0.051500987
HEXACHLOROSILANE,2696778.8,0.035315704
HEXACHLORODISILOXANE,2835327.2,0.08026213
TRISILANE,3635851.0,0.03981056
ETHYLBENZENE HYDROPEROXIDE,3763556.2,0.020206429
"2,6-DIAMINOTOLUENE",4403792.0,0.03417037
ACETOVANILLONE,3453571.0,0.02060789
VANILLIN,4019648.8,0.029095376
DIGLYCOLIC ACID,4587165.0,0.03994113
LEVULINIC ACID,3881117.8,0.02324112
MALIC ACID,5280223.0,0.04211404
GUAIACOL,4687454.5,0.02597262
ETHYLENE GLYCOL MONOPROPYL ETHER,3711496.0,0.021297079
2-(2-BUTOXYETHOXY)ETHANOL,2746403.8,0.009852065
m-CHLOROANILINE,4667964.5,0.028007118
4-CHLORO-3-NITROBENZOTRIFLUORIDE,2759743.8,0.026970271
"3,4-DICHLOROPHENYL ISOCYANATE",3582918.2,0.01832674
ETHYLENEDIAMINETETRAACETIC ACID,2303507.2,0.041211404
3-NITROBENZOTRIFLUORIDE,2850597.0,0.032584373
TRICHLOROACETALDEHYDE,4503682.5,0.023194933
TRICHLOROACETIC ACID,4715981.0,0.034398604
CHLOROACETALDEHYDE,5422338.5,0.047372244
DICHLOROACETALDEHYDE,4979781.0,0.040659726
"1-CHLORO-2,4-DINITROBENZENE",3558278.5,0.028413827
p-DIMETHYLAMINOBENZALDEHYDE,3182069.8,0.021192668
ETHYL CHLOROFORMATE,4270459.5,0.024092132
METHOXYACETIC ACID,4935358.0,0.0404407
METHYL CHLOROFORMATE,5125665.5,0.04034482
TETRACHLOROTHIOPHENE,3752449.8,0.031815965
"3,4-DICHLOROANILINE",4225431.5,0.024905028
"1,2-DICHLORO-4-NITROBENZENE",3610072.2,0.019859634
DEXTROSE,5339984.0,0.05626251
o-CHLORONITROBENZENE,3936146.5,0.029363552
p-CHLORONITROBENZENE,3942766.2,0.030280054
TRIETHYL PHOSPHATE,6092854.5,0.14395702
TRIMETHYL PHOSPHATE,7262232.0,0.1495932
HYDROXYLAMINE,16226953.0,0.21844622
CYCLOHEXANONE OXIME,4408733.5,0.019580739
CARBAMYL CHLORIDE,7398117.5,0.08437328
VINYLTRIMETHOXYSILANE,2622591.8,0.05545176
TRIMETHOXYSILANE,2972383.5,0.025501413
DIMETHYLDIMETHOXYSILANE,2703455.8,0.032419313
PHENYLTRICHLOROSILANE,2977686.5,0.034343608
PHENYLMETHYLDICHLOROSILANE,2885197.5,0.027137052
TRIMETHYL SILANOL,3565217.8,0.047730893
DECAMETHYLTETRASILOXANE,1196403.0,0.06109121
PYRUVIC ACID,5258719.5,0.060444366
SULFAMIC ACID,8173973.5,0.12941411
BIS(CHLOROMETHYL)ETHER,4839789.0,0.047565907
BIS(CYANOETHYL)ETHER,2836533.5,0.029347153
3-AMINO-1-PROPANOL,5648431.0,0.041991264
1-AMINO-2-PROPANOL,5597135.5,0.048940245
METHYL CHLOROACETATE,4444511.0,0.031209756
ETHYL THIOLACETATE,4024512.5,0.020811012
ACETOACETANILIDE,3041815.5,0.025985733
OXAZOLE,6372749.0,0.05640774
ACETANILIDE,3728080.0,0.017816842
8-HYDROXYQUINOLINE,4431788.0,0.021867096
LACTONITRILE,4759319.0,0.030987073
LYSINE,3586733.5,0.029998634
DIMETHYL SULFATE,6931534.0,0.059075594
DIETHYL SULFATE,6267310.5,0.06581923
L-GLUTAMIC ACID,4537971.0,0.02968111
ASCORBIC ACID,5329295.0,0.045666616
6-HYDROXYHEXANOIC ACID,3657988.2,0.029007947
CITRIC ACID,4658553.5,0.0494044
LACTIC ACID,5639157.0,0.050127346
TARTARIC ACID,5931440.0,0.06142937
HYDROXYCAPROIC ACID,3606676.0,0.009481762
ETHYL LACTATE,3589046.5,0.021341443
2-ETHOXYETHYL ACETATE,3080725.5,0.014898379
DIETHYLENE GLYCOL ETHYL ETHER ACETATE,2567819.8,0.024638927
METHYL ACETOACETATE,3737802.2,0.0148079945
ETHYL ACETOACETATE,3244821.2,0.0138213895
METHYL CYANOACETATE,3890393.5,0.036691085
ETHYL CYANOACETATE,3412030.2,0.027964996
3-METHOXYPROPIONITRILE,3794141.2,0.03901125
ISOXAZOLE,6164845.5,0.044036932
"1,4-BENZENEDICARBOXYLIC ACID,BIS(2,3-DIHYDROXYPROPYL)ESTER",2802273.5,0.03260287
ETHYL HYDROGEN SULFATE,8227483.5,0.04967623
TEREPHTHALOYL CHLORIDE,3551264.0,0.029931162
PERFLUOROBUTANOIC ACID,2605766.0,0.022449536
TRIDECAFLUOROHEPTANOIC ACID,1891669.9,0.035541154
1-CHLORO-2-PROPANOL,4703678.5,0.03273573
ACRYLOXY PROPIONIC ACID,3411548.8,0.028741328
n-TETRASILANE,3148361.5,0.034383107
n-PENTASILANE,2777889.5,0.029748
PENTAMETHYLDISILOXANE,2060642.6,0.042744946
PENTACHLORODISILANE,2916116.0,0.027415525
"1,2-BIS(METHYLDICHLOROSILYL) METHANE",2366344.5,0.035334006
"1,2-BIS(DIMETHYLCHLOROSILYL) METHANE",2199565.2,0.024915012
CHLOROTRIETHYLSILANE,2594622.0,0.019632284
TRIETHYL SILANE,2695845.2,0.044821117
TRIMETHYLARSINE,3579991.0,0.034643378
PROPANESULFONYL CHLORIDE,4115760.5,0.04533409
ETHANESULFONYL CHLORIDE,4780681.0,0.03876274
tert-BUTYLFORMAMIDE,3717418.8,0.027001312
CAFFEINE,2984620.5,0.0231775
N-METHYLACETAMIDE,4844730.0,0.041926764
THIODIGLYCOL,4591436.5,0.03982508
THIOUREA,7532976.0,0.11103021
DIMERCAPTOETHYL ETHER,3721685.8,0.02365353
2-MERCAPTOETHANOL,6078588.5,0.061400816
ETHYLTHIOETHANOL,4131834.2,0.02973495
"1,2-ETHANEDITHIOL",5200333.5,0.030506158
DIETHYLETHANOLAMINE,3196392.0,0.017946016
METHYLETHANOLAMINE,5273313.5,0.032437995
DIMETHYLETHANOLAMINE,4105889.5,0.026038693
DIISOPROPANOLAMINE,3595521.5,0.026460405
N-(2-HYDROXYETHYL)PIPERAZINE,4349108.5,0.036405955
3-METHOXYISOPROPYLAMINE,4154034.5,0.030073531
ETHYLENE GLYCOL MONOBUTYL ETHER ACETATE,2576911.5,0.011098366
ETHYL VANILLIN,3377840.8,0.023670353
2-HYDROXYETHYL ACRYLATE,3990551.8,0.029767605
2-HYDROXYPROPYL METHACRYLATE,3096809.0,0.008639694
ETHYL 3-ETHOXYPROPIONATE,2756461.2,0.011278317
BIS-(2-HYDROXYETHYL) TEREPHTHALATE,2531452.5,0.025680132
2-HYDROXYPROPYL ACRYLATE,3516702.5,0.013409938
DI-(2-CHLOROETHOXY)METHANE,3088067.5,0.022578642
SACCHARIN,5501024.0,0.047822244
1-METHYLVINYL ACETATE,3704925.0,0.008615929
2-PENTOXYETHANOL,2986773.2,0.013867353
1-CHLORO-3-PROPANOL,4835927.5,0.046520647
TRIFLUOROACETAMIDE,4615869.5,0.049710218
METHOXYACETONE,4096244.8,0.01906295
DILACTIDE (dl),3694414.2,0.024979211
STIGMASTEROL,1155940.0,0.030993061
2-(2-PENTOXYETHOXY)ETHANOL,2533526.8,0.010576583
METHYL-4-FORMYLBENZOATE,3241245.8,0.018271351
HYDROXYPIVALYL HYDROXYPIVALATE,2417157.8,0.020961119
TETRAETHYLENE GLYCOL MONOBUTYL ETHER,1857313.8,0.025049971
METHYL para-TOLUATE,3154772.2,0.010955986
PHENYL ACETATE,3631592.0,0.017299734
4-[(TETRAHYDRO-2-FURANYL)OXY]-1-BUTANOL,3052116.8,0.013704556
PROPYLENE GLYCOL n-BUTYL ETHER,2927057.8,0.015690904
DIPROPYLENE GLYCOL n-BUTYL ETHER,2217971.2,0.013681754
MONOBUTYL SULFATE,7432012.0,0.04236637
TRIETHYLENE GLYCOL BIS(2-ETHYLHEXANOATE),1027946.6,0.025973177
"4,6-DINITRO-o-sec-BUTYLPHENOL",2792605.0,0.04119134
TRIMETHYL BORATE,3395553.0,0.01825437
t-BUTYL ACETOACETATE,2718979.8,0.019134551
TRIETHYLENE GLYCOL n-PROPYL ETHER,2510255.5,0.014401763
TRIETHYLENE GLYCOL n-HEXYL ETHER,1906019.1,0.022569893
"1,3-DIMETHYL UREA",4753045.5,0.03995716
MONOMETHYL UREA,6421935.0,0.071713164
BIS-(2-AMINOETHYL)ETHER,4487219.5,0.04641072
4-(2-AMINOETHYL)MORPHOLINE,3785084.8,0.031670153
N-ETHYLMORPHOLINE,3647537.5,0.019374445
PROPYLENE GLYCOL alpha-METHYLBENZYL ETHER,2652673.5,0.02138825
2-(alpha-METHYLBENZYLOXY)-1-PROPANOL,2658747.0,0.023576401
METHYL-3-MERCAPTOPROPIONATE,3907497.2,0.022470592
HEPTAFLUOROPROPYL METHYL ETHER,2541260.5,0.028498037
1-METHOXY-2-PROPANOL PROPANOATE,2715416.8,0.016649071
MONOMETHYL TEREPHTHALATE,3253699.0,0.023409268
ETHYL LEVULINATE,2868538.5,0.016662735
4-(2-METHOXYETHYL)MORPHOLINE,3138325.0,0.016595798
4-(2-HYDROXYETHYL)MORPHOLINE,4021961.0,0.0135251125
PENTAFLUORO(TRIFLUOROMETHYL)SULFUR,3230765.8,0.05753979
BIS(TRIFLUOROMETHYL)SULFIDE,3172988.0,0.026959067
"2,4-DIMETHYL-1,3-DIOXOLANE-2-METHANOL",3542929.2,0.028983906
ACETOIN,4343028.0,0.028575167
"2-CHLORO-1,3-PROPANEDIOL",5391549.5,0.047778293
"1,3-DIMETHYL-2-IMIDAZOLIDINONE",4168722.8,0.024772702
N-ETHYL-2-PYRROLIDONE,3930100.2,0.0181966
ETHYL PHENYL CARBONATE,3007091.5,0.03039745
TRI-n-BUTYL PHOSPHATE,1561360.8,0.030352822
5-(HYDROXYMETHYL) FURFURAL,4722281.5,0.035314802
LEVOGLUCOSAN,4923061.0,0.036933504
D-GALACTOSE,5325637.0,0.0634149
D-MANNOSE,5325637.0,0.0634149
2-AMINO-2-METHYL-1-PROPANOL,4714600.5,0.045091722
L-ARABINOSE,5584328.5,0.05222463
D-XYLOSE,5575995.0,0.050590307
o-ANISIDINE,4350058.5,0.016117467
"N,N'-DI(2-HYDROXYETHYL)PIPERAZINE",3243026.8,0.051828932
TETRAETHYLENE GLYCOL MONOMETHYL ETHER,2438638.0,0.016342297
TETRAETHYLENE GLYCOL MONOETHYL ETHER,2220138.2,0.02048466
CELLOBIOSE,3315920.8,0.037953302
alpha-HYDROXYISOBUTYRAMIDE,4973464.0,0.05048029
METHYL alpha-HYDROXYISOBUTYRATE,3638504.5,0.02748422
METHYL alpha-METHOXYISOBUTYRATE,3002621.0,0.031473275
2-OXAZOLIDONE,6550219.5,0.04876418
SYRINGOL,3770374.8,0.02365221
"FURAN 2,5-DICARBOXYLIC ACID",4398360.5,0.038884044
N-NITROSODIMETHYLAMINE,4816403.0,0.05070245
3-HYDROXYBUTYROLACTONE,5663275.0,0.04004275
N-NITROSODIETHANOLAMINE,4242458.5,0.04057891
"2,4,6-TRINITROPHENOL",3510952.0,0.034660183
"2,4-DINITROPHENOL",3943951.0,0.026239317
"2,6-DINITROPHENOL",3927402.5,0.021552024
VANILLIC ACID,3925919.5,0.025146334
4-((2-HYDROXYETHOXY)CARBONYL) BENZOIC ACID,2968338.5,0.028652394
trans-ISOEUGENOL,3166371.2,0.025224034
"1,4-BENZENEDICARBOXYLIC ACID, 2-HYDROXYETHYL METHYL ESTER",2573912.8,0.026205838
5-METHYL FURFURAL,4449315.5,0.023694314
ISOSORBIDE,4745364.0,0.029253656
4-METHYLGUAIACOL,4083198.2,0.019936122
METHYL RICINOLEATE,1264896.6,0.019952942
SYRINGALDEHYDE,3290477.2,0.017925138
MALTOL,4924117.5,0.02999523
DIPHENYL CARBONATE,2650084.2,0.019998051
SALICYLIC ACID PHENYL ESTER,2869865.5,0.017975377
D-FRUCTOSE,5315636.0,0.07183478
DIETHYLENE GLYCOL DIBENZOATE,1827174.8,0.018018987
DIPROPYLENE GLYCOL DIBENZOATE,1642845.1,0.017771078
3-METHOXY-3-BUTEN-2-ONE,3810143.0,0.0131722735
"PIPERAZINE-2,5-DIONE",6532030.0,0.040544834
1-(2-HYDROXYETHYL) IMIDAZOLE,4683339.0,0.04590438
2-PENTANONE OXIME,3684299.0,0.020157719
"N,N-DIMETHYLOCTANAMIDE",2145090.8,0.024552371
TRIETHYLENE GLYCOL DIBENZOATE,1600174.9,0.025257774
"2,2-DIFLUOROETHYL ACETATE",3810288.2,0.03027121
1-HYDROXY-2-BUTANONE,4467863.5,0.03583066
"N,N,N'-TRIS(HYDROXYETHYL) ETHYLENEDIAMINE",2656430.5,0.026648777
"N,N'-BIS(2-(2-HYDROXYETHOXY) ETHYL) UREA",2375776.2,0.03899877
4-ACETOXY-2-BUTANONE,3281451.8,0.01508339
1-FORMYLPIPERIDINE,4143727.5,0.03005217
p-ANISIDINE,4295567.0,0.017002048
METHYL PHENYL CARBONATE,3433796.8,0.01604528
