material or substance name,PC2D_pred
METHANE,4684051.016976948
ETHANE,4840654.234238457
PROPANE,4220666.781346902
ISOBUTANE,3669614.9060723456
n-BUTANE,3758847.9551673178
"1,1,3-TRIMETHYLCYCLOHEXANE",2860696.067302284
n-PENTANE,3382735.4410424265
ISOPENTANE,3351983.9902743753
NEOPENTANE,3268223.7205675924
METHYLCYCLOPROPANE,4566813.51289696
n-HEXANE,3055722.3918057703
2-METHYLPENTANE,3053016.2903799
3-METHYLPENTANE,3115448.2841657703
"2,2-DIMETHYLBUTANE",3091716.0367482733
"2,3-DIMETHYLBUTANE",3135987.068346807
1-METHYL-4-ISOPROPYLCYCLOHEXANE,2633753.9834382012
n-HEPTANE,2799444.019308664
2-METHYLHEXANE,2759082.8431633003
3-METHYLHEXANE,2802411.614055896
3-ETHYLPENTANE,2869580.716617458
"2,2-DIMETHYLPENTANE",2794160.059152385
"2,3-DIMETHYLPENTANE",2894092.346872146
"2,4-DIMETHYLPENTANE",2778041.5673541566
"3,3-DIMETHYLPENTANE",2936915.565420569
"2,2,3-TRIMETHYLBUTANE",2949294.609252136
n-HEXYLCYCLOHEXANE,2151377.6839501034
n-OCTANE,2552936.3073956273
2-METHYLHEPTANE,2514554.136619727
3-METHYLHEPTANE,2545010.225090822
4-METHYLHEPTANE,2561167.5160999396
3-ETHYLHEXANE,2599025.5785389678
"2,2-DIMETHYLHEXANE",2541378.32928251
"2,3-DIMETHYLHEXANE",2623233.1807009005
"2,4-DIMETHYLHEXANE",2581277.817088096
"2,5-DIMETHYLHEXANE",2525808.096102946
"3,3-DIMETHYLHEXANE",2662805.6591290613
"3,4-DIMETHYLHEXANE",2682210.1520804837
2-METHYL-3-ETHYLPENTANE,2693063.134980329
3-METHYL-3-ETHYLPENTANE,2786605.4376159636
"2,2,3-TRIMETHYLPENTANE",2736628.7690590634
"2,2,4-TRIMETHYLPENTANE",2568971.663478855
"2,3,3-TRIMETHYLPENTANE",2803718.6059762626
"2,3,4-TRIMETHYLPENTANE",2716892.0938704363
"2,2,3,3-TETRAMETHYLBUTANE",2879349.31346324
n-NONANE,2311739.557115536
"2,2,5-TRIMETHYLHEXANE",2331470.8849176643
"3,3,5-TRIMETHYLHEPTANE",2296421.652319871
"2,4,4-TRIMETHYLHEXANE",2454999.004189007
"3,3-DIETHYLPENTANE",2638073.0254043867
"2,2,3,3-TETRAMETHYLPENTANE",2747224.403847348
"2,2,3,4-TETRAMETHYLPENTANE",2593624.115491708
"2,2,4,4-TETRAMETHYLPENTANE",2448171.305472479
"2,3,3,4-TETRAMETHYLPENTANE",2698274.4513304355
SQUALANE,700126.5074308526
n-DECANE,2131654.4565117215
"2,2,3,3-TETRAMETHYLHEXANE",2501690.9733212763
"2,2,5,5-TETRAMETHYLHEXANE",2230006.4686061903
1-METHYL-DECALIN,2794647.549025076
1-ETHYL-DECALIN,2499349.681028134
iso-BUTYLCYCLOHEXANE,2567005.159719688
tert-BUTYLCYCLOHEXANE,2630348.4840226094
n-UNDECANE,1968311.8804225205
n-DODECANE,1824668.5430206847
n-TRIDECANE,1706005.005411798
n-TETRADECANE,1581367.001118288
n-PENTADECANE,1472303.1131019653
n-HEXADECANE,1376151.2950934963
n-HEPTADECANE,1292184.966469803
n-OCTADECANE,1219378.1736012134
n-NONADECANE,1155167.8761462884
"2,2-DIMETHYLOCTANE",2155863.369205027
n-EICOSANE,1089117.5419537374
n-HENEICOSANE,1029155.0534399281
n-DOCOSANE,980626.63093243
n-TRICOSANE,934352.5124802145
n-TETRACOSANE,891419.2506844224
n-PENTACOSANE,854558.4027169619
n-HEXACOSANE,817898.464627035
n-HEPTACOSANE,784422.8835085885
n-OCTACOSANE,755322.8363165413
n-NONACOSANE,729739.141598476
3-METHYLNONANE,2146491.184193401
2-METHYLNONANE,2128365.6548020593
4-METHYLNONANE,2155457.864843032
5-METHYLNONANE,2145974.2237002645
"2,2,4,4,6,8,8-HEPTAMETHYLNONANE",1565246.7974315633
2-METHYLOCTANE,2308607.7827852415
3-METHYLOCTANE,2328935.2171986555
4-METHYLOCTANE,2340339.4817889687
3-ETHYLHEPTANE,2366747.1666983636
"2,2-DIMETHYLHEPTANE",2333607.7577084084
3-METHYLDECANE,1985188.417898885
3-METHYLDODECANE,1723660.639434584
3-METHYLTRIDECANE,1606826.8919983595
3-METHYLUNDECANE,1844799.5210765556
CYCLOPROPANE,5509478.525550023
CYCLOBUTANE,4928766.563033118
CYCLOPENTANE,4503551.883324268
METHYLCYCLOPENTANE,3812657.1595153823
ETHYLCYCLOPENTANE,3405424.553146966
"1,1-DIMETHYLCYCLOPENTANE",3275169.0696159797
"cis-1,2-DIMETHYLCYCLOPENTANE",3358839.4810486143
"trans-1,2-DIMETHYLCYCLOPENTANE",3358839.4810486143
"cis-1,3-DIMETHYLCYCLOPENTANE",3360930.61994578
"trans-1,3-DIMETHYLCYCLOPENTANE",3360930.61994578
n-PROPYLCYCLOPENTANE,3077886.321997542
ISOPROPYLCYCLOPENTANE,3041857.7766593397
1-METHYL-1-ETHYLCYCLOPENTANE,3010949.930744317
1-cis-2-trans-3-TRIMETHYLCYCLOPENTANE,2888988.0386171336
"1,1,3-TRIMETHYLCYCLOPENTANE",2879087.414865476
1-cis-2-trans-4-TRIMETHYLCYCLOPENTANE,2893661.951176369
n-BUTYLCYCLOPENTANE,2780687.3303150805
n-PENTYLCYCLOHEXANE,2342857.2426665286
2-METHYLDECANE,1973091.5227643773
2-METHYLUNDECANE,1835350.246783347
2-METHYLDODECANE,1716224.6432710278
3-ETHYLDODECANE,1600256.3025314757
2-METHYLTRIDECANE,1601010.616531515
"trans-2,n-HEXYL-DECAHYDRONAPHTHALENE",1808670.2024568259
trans-1-ETHYL-3-METHYLCYCLOPENTANE,2919996.9679614315
cis-1-ETHYL-3-METHYLCYCLOPENTANE,2919996.9679614315
n-OCTYLCYCLOHEXANE,1865298.2635416435
CYCLOHEXANE,4091870.070574525
METHYLCYCLOHEXANE,3477598.804706007
ETHYLCYCLOHEXANE,3171441.8680794016
"1,1-DIMETHYLCYCLOHEXANE",3015591.707732704
"cis-1,2-DIMETHYLCYCLOHEXANE",2968991.215706875
"trans-1,2-DIMETHYLCYCLOHEXANE",2968991.215706875
"cis-1,3-DIMETHYLCYCLOHEXANE",2975495.5162711395
"trans-1,3-DIMETHYLCYCLOHEXANE",2975495.5162711395
"cis-1,4-DIMETHYLCYCLOHEXANE",2944885.1505890875
"trans-1,4-DIMETHYLCYCLOHEXANE",2944885.1505890875
"1-trans-3,5-TRIMETHYLCYCLOHEXANE",2823185.8822652064
n-PROPYLCYCLOHEXANE,2860483.3001530515
ISOPROPYLCYCLOHEXANE,2857171.4542277614
"1,2,3,4-TETRAMETHYLCYCLOHEXANE",2596841.7124839188
n-BUTYLCYCLOHEXANE,2570115.0825219634
cis-DECAHYDRONAPHTHALENE,3175945.6426970707
trans-DECAHYDRONAPHTHALENE,3175945.6426970707
BICYCLOHEXYL,2661895.992281438
"1,1-DIETHYLCYCLOHEXANE",2625939.5866410136
n-DECYLCYCLOHEXANE,1639839.9192632749
CYCLOHEPTANE,3795892.9688568846
CYCLOOCTANE,3528237.6298243636
"trans-1,4-DIETHYLCYCLOHEXANE",2700923.942458923
"2,3-DIMETHYLHEPTANE",2384370.8007086776
"2,3-DIMETHYLNONANE",2015590.9948648047
"2,3-DIMETHYLDECANE",1880388.3552852778
"2,3-DIMETHYLUNDECANE",1758168.0575333307
"2,3-DIMETHYLDODECANE",1634813.8784165315
METHYLCYCLOBUTANE,4155206.663538207
"2,3,3-TRIMETHYLHEXANE",2529325.684902914
"2,6,10-TRIMETHYLDODECANE",1506834.2701896988
"1,1-DIETHYLCYCLOPENTANE",2836537.252195152
ISOBUTYLCYCLOPENTANE,2764878.1492179735
CYCLODECANE,3057700.810022189
n-PENTYLCYCLOPENTANE,2538546.0121888374
n-HEXYLCYCLOPENTANE,2320970.0899243667
"2,6-DIMETHYLHEPTANE",2320990.544997283
"3,4-DIMETHYLHEPTANE",2441230.9177790363
"2,2,3-TRIMETHYLHEXANE",2486742.0408419664
"2,2,4-TRIMETHYLHEXANE",2417616.278562973
"2,2-DIMETHYL-3-ETHYLPENTANE",2556560.316744327
"2,4-DIMETHYL-3-ETHYLPENTANE",2531125.336418181
ETHYLENE,5100734.518566046
PROPYLENE,4661582.36786315
1-TRIACONTENE,833768.7721029515
1-BUTENE,4046764.0538183884
cis-2-BUTENE,4143291.779079752
trans-2-BUTENE,4143291.779079752
ISOBUTENE,3997337.642042432
"trans-2,2,4,6,6-PENTAMETHYL-3-HEPTENE",2008224.2436355704
1-PENTENE,3581050.45195371
cis-2-PENTENE,3610171.074724605
trans-2-PENTENE,3610171.074724605
2-METHYL-1-BUTENE,3504725.7438524542
3-METHYL-1-BUTENE,3547495.9276556163
2-METHYL-2-BUTENE,3510483.1137170023
1-HEXENE,3222164.468831701
cis-2-HEXENE,3220673.6265005185
trans-2-HEXENE,3220673.6265005185
cis-3-HEXENE,3203773.2149399756
trans-3-HEXENE,3203773.2149399756
2-METHYL-1-PENTENE,3200770.2414200893
3-METHYL-1-PENTENE,3287147.4161054627
4-METHYL-1-PENTENE,3236428.498875782
2-METHYL-2-PENTENE,3179911.765454143
3-METHYL-cis-2-PENTENE,3230086.963193975
4-METHYL-1-HEXENE,2962976.531689252
4-METHYL-cis-2-PENTENE,3213170.721915852
4-METHYL-trans-2-PENTENE,3213170.721915852
2-ETHYL-1-BUTENE,3267962.11589509
"2,3-DIMETHYL-1-BUTENE",3294194.295067705
"3,3-DIMETHYL-1-BUTENE",3302565.2829516483
"2,3-DIMETHYL-2-BUTENE",3316587.1451759995
2-ETHYL-1-PENTENE,2930670.184052584
1-HEPTENE,2938259.580244874
cis-2-HEPTENE,2925491.6583155575
trans-2-HEPTENE,2925491.6583155575
trans-3-HEPTENE,2853822.2650715075
2-METHYL-1-HEXENE,2885197.7346999035
3-ETHYL-1-PENTENE,3013106.7943138406
3-METHYL-1-HEXENE,2954926.635787435
3-ETHYL-1-HEXENE,2657380.703091436
4-METHYL-1-HEPTENE,2628908.0113760293
cis-2-NONENE,2401893.6663088673
trans-2-NONENE,2401893.6663088673
VINYLCYCLOHEXANE,3314260.0265166205
1-ETHYLCYCLOHEXENE,3299705.9365324667
"2,3,3-TRIMETHYL-1-BUTENE",3121714.003928396
cis-3-HEPTENE,2853822.2650715075
1-OCTENE,2680155.667931234
trans-2-OCTENE,2660262.371293557
1-METHYLCYCLOHEXENE,3708766.8405494
"1,7-OCTADIENE",2745236.5410002572
"2,4,4-TRIMETHYL-1-PENTENE",2678918.217464253
"2,4,4-TRIMETHYL-2-PENTENE",2633643.504121615
2-ETHYL-1-HEXENE,2626037.0803277036
1-NONENE,2420104.8070415216
1-DECENE,2212935.043643636
1-UNDECENE,2044200.002612529
1-DODECENE,1888998.625299319
1-TRIDECENE,1767332.0834841882
1-TETRADECENE,1658138.9636640537
1-PENTADECENE,1566406.3817517676
1-HEXADECENE,1482680.6478268632
1-OCTADECENE,1340443.2672842203
6-METHYL-1-HEPTENE,2614146.7021459597
CYCLOPENTENE,4810542.28712581
CYCLOHEXENE,4391943.129829875
trans-2-EICOSENE,1185656.274787119
trans-2-PENTADECENE,1564786.1751992968
CYCLOHEPTENE,3998581.379651053
CYCLOOCTENE,3682762.8045312804
cis-2-OCTENE,2660262.371293557
trans-3-OCTENE,2627287.072506285
cis-4-OCTENE,2584093.832983503
trans-4-OCTENE,2584093.832983503
cis-3-OCTENE,2627287.072506285
1-HEPTADECENE,1408592.8910164055
1-NONADECENE,1282975.3454670932
1-EICOSENE,1227191.29719182
VINYLCYCLOHEXENE,3494354.3856826946
1-METHYLCYCLOPENTENE,4091322.600696042
3-METHYLCYCLOPENTENE,4052055.0417106724
4-METHYLCYCLOPENTENE,4124356.201452824
"2,3-DIMETHYL-1-HEXENE",2719382.061964323
d-LIMONENE,2821174.920233828
TERPINOLENE,2816039.1297022463
PROPENYL CYCLOHEXENE,3105488.3849737765
1-DOCOSENE,1114917.111970816
1-TETRACOSENE,1026902.986357839
1-HEXACOSENE,956115.4945197323
1-OCTACOSENE,894154.118740354
METHYLENE CYCLOPENTANE,4133482.6091567175
1-ETHYLCYCLOPENTENE,3590321.84597535
3-ETHYLCYCLOPENTENE,3577021.0154770594
PROPADIENE,5159558.929923096
"1,2-BUTADIENE",4443204.861933193
"1,3-BUTADIENE",4349771.311653056
"1,2-PENTADIENE",3834398.5388410087
"cis-1,3-PENTADIENE",3884652.589412416
"trans-1,3-PENTADIENE",3884652.589412416
"1,4-PENTADIENE",3753101.475449541
"2,3-PENTADIENE",3882620.986515441
ISOPRENE,3827978.469480506
"1,5-HEXADIENE",3333287.233758264
"3-METHYL-1,2-BUTADIENE",3828725.593211965
METHYLCYCLOPENTADIENE,4382745.173563403
"1,4-HEXADIENE",3396550.156683101
"trans,trans-2,4-HEXADIENE",3394896.586665684
CYCLOPENTADIENE,5119701.288357996
DICYCLOPENTADIENE,3094386.466819192
alpha-PHELLANDRENE,2803108.9697964448
beta-PHELLANDRENE,2808114.925432088
"2,3-DIMETHYL-1,3-BUTADIENE",3530685.4754521996
"cis,trans-2,4-HEXADIENE",3394896.586665684
"3-METHYL-1,4-PENTADIENE",3466920.523371424
"1,5,9-CYCLODODECATRIENE",2951954.183832645
"2,5-DIMETHYL-1,5-HEXADIENE",2759881.7182114488
"2,5-DIMETHYL-2,4-HEXADIENE",2762613.379351734
"1,3-CYCLOHEXADIENE",4684848.503766662
"1,4-CYCLOHEXADIENE",4715122.050437866
"1,5-CYCLOOCTADIENE",3858141.77437872
"trans-1,3-HEXADIENE",3364175.784985856
"trans-2-METHYL-1,3-PENTADIENE",3393287.233705886
"1,9-DECADIENE",2284723.5608310234
"1,3,5,7-CYCLOOCTATETRAENE",4340320.119420349
ACETYLENE,6090754.859884017
METHYLACETYLENE,5547632.538630383
ETHYLACETYLENE,4638163.623402192
DIMETHYLACETYLENE,4737790.400548393
1-PENTYNE,4111567.4622765384
3-HEXYNE,3492113.902563629
2-HEXYNE,3512072.2746350258
"3,3-DIMETHYL-1-BUTYNE",3667361.6975914384
2-PENTYNE,4011864.4503424363
1-HEXYNE,3611061.0456594173
2-METHYL-1-BUTENE-3-YNE,4337680.662631398
1-OCTYNE,2887235.307872639
VINYLACETYLENE,4961086.461317783
3-METHYL-1-BUTYNE,4064761.91179986
1-PENTENE-3-YNE,4344545.023503246
1-PENTENE-4-YNE,4311533.03753545
DIPHENYLACETYLENE,2794330.798801236
1-NONYNE,2612694.9311381993
1-DECYNE,2380146.9372033225
BENZENE,4936065.946759772
TOLUENE,4150026.105168669
1-METHYLINDAN,3392714.6694588996
ETHYLBENZENE,3650087.326610604
o-XYLENE,3664938.6933531305
m-XYLENE,3594755.652074815
p-XYLENE,3600650.492298796
5-METHYLINDAN,3474043.0501675485
n-PROPYLBENZENE,3213290.293043422
CUMENE,3209644.242793141
o-ETHYLTOLUENE,3224748.4302809155
m-ETHYLTOLUENE,3179386.7417484676
p-ETHYLTOLUENE,3192655.9724596045
"1,2,3-TRIMETHYLBENZENE",3321710.384371267
"1,2,4-TRIMETHYLBENZENE",3255289.501888689
MESITYLENE,3168469.3412899617
"3,5-DIISOPROPYLTOLUENE",2209193.174860456
n-BUTYLBENZENE,2895348.5362908966
ISOBUTYLBENZENE,2912064.1448634025
sec-BUTYLBENZENE,2906523.1887346343
tert-BUTYLBENZENE,2926145.25730576
o-CYMENE,2906784.9588485006
m-CYMENE,2858890.67500538
p-CYMENE,2863466.7403662694
o-DIETHYLBENZENE,2921464.084077526
m-DIETHYLBENZENE,2878378.133182934
p-DIETHYLBENZENE,2876531.5259774406
"4,4'-DIISOPROPYLBIPHENYL",1856714.6308060081
QUATERPHENYL,1894973.9337882204
"1,2,3,4-TETRAMETHYLBENZENE",3037065.172457025
"1,2,3,5-TETRAMETHYLBENZENE",2983591.729437519
"1,2,4,5-TETRAMETHYLBENZENE",2977570.8754951633
p-tert-BUTYL ETHYLBENZENE,2386831.3306874265
"1,4-DI-tert-BUTYLBENZENE",2272844.7994410344
"1,3,5-TRI-tert-BUTYLBENZENE",1657560.5344732143
"1,3,5-TRIISOPROPYLBENZENE",1958608.1265987612
"1,6-DIMETHYLINDAN",3046543.396000331
"1,1,5-TRIMETHYLINDAN",2730487.3471531174
PENTAMETHYLBENZENE,2860667.613804965
"1,2,4,5-TETRAISOPROPYLBENZENE",1563568.0376754666
m-DIISOPROPYLBENZENE,2345394.991104857
p-DIISOPROPYLBENZENE,2363361.7561576236
"1,2,4-TRIETHYLBENZENE",2375801.4713585437
HEXAMETHYLBENZENE,2756948.434589265
"1,2,3-TRIETHYLBENZENE",2407143.704599349
n-HEPTYLBENZENE,2154547.1359610935
"2,6-DIMETHYLTETRALIN",2827338.3860309185
"1,2,3,5-TETRAETHYLBENZENE",2075035.7774529934
n-DECYLBENZENE,1763853.2172027724
PENTAETHYLBENZENE,1885098.5411151268
HEXAETHYLBENZENE,1724658.091272799
CYCLOHEXYLBENZENE,2890190.9093134752
BIPHENYL,3357174.765882062
p-TERPHENYL,2735199.4321175586
m-TERPHENYL,2704914.6605904675
o-TERPHENYL,2766711.363051094
"1,1-DIPHENYLETHANE",2689687.1377788414
DIPHENYLMETHANE,2926569.5290959575
"1,2-DIPHENYLETHANE",2684058.9248887347
TRIPHENYLMETHANE,2247122.3272781814
"2,4-DIPHENYL-4-METHYLPENTENE-1",1983143.8189172992
n-PENTYLBENZENE,2612494.429962682
n-HEXYLBENZENE,2361179.4738553558
n-OCTYLBENZENE,2013229.077651611
n-NONYLBENZENE,1884604.5971828548
n-UNDECYLBENZENE,1648771.8693190373
n-TRIDECYLBENZENE,1477577.8129334836
n-TETRADECYLBENZENE,1400802.1055325165
n-DODECYLBENZENE,1556637.2150769203
5-ETHYL-m-XYLENE,2862163.6831121263
2-ETHYL-m-XYLENE,2955437.3166570617
2-ETHYL-p-XYLENE,2892927.538610736
4-ETHYL-m-XYLENE,2895040.3615358407
4-ETHYL-o-XYLENE,2888491.6235639323
3-ETHYL-o-XYLENE,2940579.683424181
"2,3-DIMETHYL-2,3-DIPHENYLBUTANE",1985076.3154903422
2-PHENYLBUTENE-1,2965449.678122785
cis-2-PHENYLBUTENE-2,3023661.7408938366
trans-2-PHENYLBUTENE-2,3023661.7408938366
1-METHYL-2-n-PROPYLBENZENE,2884938.2534224764
1-METHYL-3-n-PROPYLBENZENE,2863265.6903686393
1-METHYL-4-n-PROPYLBENZENE,2855944.646435548
"1,1,2-TRIPHENYLETHANE",2030446.1368292242
TETRAPHENYLMETHANE,1786973.7851868577
"1,1,2,2-TETRAPHENYLETHANE",1674103.3793587766
1-(4-ETHYLPHENYL)-2-PHENYLETHANE,2199264.4573558206
"1,2-DIMETHYL-3-PROPYLBENZENE",2676895.031414178
"1,2,3-TRIMETHYL-4-ETHYLBENZENE",2771989.043363201
"1,2,4-TRIMETHYL-3-ETHYLBENZENE",2776599.3317979984
"1,2,4-TRIMETHYL-5-ETHYLBENZENE",2726553.7674374008
1-(4-ETHYLPHENYL)-2-(4-ETHYLPHENYL)ETHANE,1914413.0056903525
"2,2-DIPHENYL PROPANE",2441039.3278751196
"2,4-DIISOPROPYLTOLUENE",2244961.3125700555
"2,6-DIISOPROPYLTOLUENE",2274402.8493430824
STYRENE,3894474.4321988244
o-METHYLSTYRENE,3417930.448475383
m-METHYLSTYRENE,3378580.2004045374
5-o-TOLYL-2-PENTENE,2502726.131837986
o-ETHYLSTYRENE,2988567.1413363004
m-ETHYLSTYRENE,2959771.5266906526
p-ETHYLSTYRENE,2960343.2745269006
CORONENE,1994566.635943224
p-METHYLSTYRENE,3373468.657332768
alpha-METHYLSTYRENE,3397730.872779216
m-DIVINYLBENZENE,3121312.9779001465
ETHYNYLBENZENE,4316957.940545733
4-ISOBUTYLSTYRENE,2402817.5382076357
p-DIVINYLBENZENE,3092396.6718892674
cis-1-PROPENYLBENZENE,3375114.069328801
trans-1-PROPENYLBENZENE,3375114.069328801
p-ISOPROPENYLSTYRENE,2771337.5106406813
p-tert-BUTYLSTYRENE,2475053.5669811144
"1,1-DIMETHYLINDAN",3116409.250909447
1-ETHYLINDAN,3038640.948826522
4-tert-BUTYLTOLUENE,2634373.1461539096
"1,4-DIMETHYLTETRALIN",2745135.3413568377
"1-tert-BUTYL-3,5-DIMETHYLBENZENE",2386401.2419256233
(2-METHYLBUTYL)BENZENE,2633351.922174155
"2,5-DIISOPROPYLTOLUENE",2255029.844955751
NAPHTHALENE,4060922.8779636775
1-METHYLNAPHTHALENE,3606472.3424052484
2-METHYLNAPHTHALENE,3530824.717886136
1-ETHYLNAPHTHALENE,3285434.924865352
"1,2,3,4-TETRAHYDRONAPHTHALENE",3635224.8900113003
"2,6-DIMETHYLNAPHTHALENE",3175917.663253217
1-PHENYLNAPHTHALENE,2734441.7783417087
1-n-NONYLNAPHTHALENE,1653670.4155885582
1-n-DECYLNAPHTHALENE,1562323.189438086
1-n-BUTYLNAPHTHALENE,2647393.9900843934
1-n-HEXYLNAPHTHALENE,2213364.5099159176
"2,7-DIMETHYLNAPHTHALENE",3177817.1970689064
"1-n-HEXYL-1,2,3,4-TETRAHYDRONAPHTHALENE",1904977.56072495
FLUORANTHENE,2693525.217939778
1-n-PROPYLNAPHTHALENE,2938345.754007339
2-ETHYLNAPHTHALENE,3201931.1642446606
1-METHYLINDENE,3472621.078914846
2-METHYLINDENE,3508183.9971486996
"1,2,3-TRIMETHYLINDENE",2802350.614503297
METHYLCYCLOPENTADIENE DIMER,2666031.2279752432
1-PHENYLINDENE,2758595.404398059
TRIPHENYLETHYLENE,2147632.73245718
TETRAPHENYLETHYLENE,1708139.6941938864
cis-STILBENE,2719170.185972327
trans-STILBENE,2719170.185972327
"trans-3,5-DIMETHOXYSTILBENE",2157926.1278674477
FLUORENE,3185148.505129019
TRIPHENYLENE,2721862.921415396
INDENE,3980961.388059777
ANTHRACENE,3013654.3627406354
PHENANTHRENE,3140395.639593769
CHRYSENE,2508106.497892006
PYRENE,2927651.581137493
ACENAPHTHENE,3668721.596967566
ACENAPHTHALENE,3377278.9836266674
ADAMANTANE,2923924.0039508073
VINYLNORBORNENE,3233788.8943764167
DIAMANTANE,2276259.8367575747
BENZO[a]PYRENE,2205435.408181319
"1,3-DIMETHYLADAMANTANE",2930165.441228325
4-METHYLPHENANTHRENE,2796856.9565710914
METHYLNORBORNENE,3489722.941245258
ETHYLNORBORNENE,3081777.012318023
INDANE,3866237.508630614
alpha-TERPINENE,2808027.9721534033
gamma-TERPINENE,2803989.7282602047
2-NORBORNENE,3917139.9287747247
5-ETHYLIDENE-2-NORBORNENE,3312776.4044540855
BENZANTHRACENE,2375998.950373591
NAPHTHACENE,2381519.1886995714
sec-BUTYLCYCLOHEXANE,2604308.5503423405
PIMARIC ACID,1691200.670455674
ISOPIMARIC ACID,1701127.3408694656
BICYCLO[2.2.1]HEPTANE,3692986.714795839
BICYCLO[2.2.2]OCTANE,3408962.532827385
TRIAMANTANE,1840170.301480545
TETRAMANTANE,1552011.7447506725
1-METHYLTETRALIN,3130792.0565331024
1-ETHYLTETRALIN,2830181.0026955833
BENZO[b]FLUORANTHENE,2210009.8956878586
CAMPHENE,2757635.7992720064
alpha-PINENE,2767351.2346984586
beta-PINENE,2807296.678831959
4-HYDROXY-2-PENTANONE,3949325.0026682676
2-ETHOXY-1-PROPANOL,3713270.4222243405
EUGENOL,3037296.7441686895
PENTAETHYLENE GLYCOL MONOMETHYL ETHER,1886991.6325648911
NITROUS OXIDE,7063591.357061199
NITROGEN DIOXIDE,9444872.425820373
OXYGEN,5047046.823591363
NITROGEN TRIOXIDE,7422766.636507503
NITROGEN,3455746.3643397954
NITROGEN TETROXIDE,9485113.898028662
CARBON MONOXIDE,3568998.5979589717
CARBON DIOXIDE,7305562.522851487
SULFUR DIOXIDE,7855334.10502007
SULFUR TRIOXIDE,8169250.184644258
FLUORINE,5155691.231908546
CHLORINE,7769402.800571511
BROMINE,10220260.025427118
OZONE,5690544.247135247
ARSINE,6555532.094779175
FORMALDEHYDE,6596447.652722793
ACETALDEHYDE,5636334.903025824
PROPANAL,4887412.576910683
"1,2,3,6-TETRAHYDROBENZALDEHYDE",4011917.2443029666
BUTANAL,4295303.801769231
2-METHYLPROPANAL,4195776.482798341
PENTANAL,3760880.096578539
HEPTANAL,3110188.134131076
HEXANAL,3399946.138708285
OCTANAL,2879883.6484473366
NONANAL,2661803.322203807
CYCLOHEXANECARBOXALDEHYDE,3673149.9468250847
2-ETHYLHEXANAL,2653345.335096978
GLYOXAL,6331381.965452098
2-METHYLHEXANAL,2893942.0659599584
3-METHYLHEXANAL,2909449.317256652
2-METHYL-2-PENTENAL,3370450.7876047906
2-ETHYL-2-HEXENAL,2653870.209551014
DECANAL,2514635.284321196
UNDECANAL,2362010.7737005358
DODECANAL,2260796.2330405037
TRIDECANAL,2126914.127527307
2-METHYLBUTYRALDEHYDE,3762346.4507364817
3-METHYLBUTYRALDEHYDE,3819974.34888199
GLYCOL ALDEHYDE,6587444.870450568
ACROLEIN,4984629.559169787
cis-CROTONALDEHYDE,4108190.359391591
trans-CROTONALDEHYDE,4108190.359391591
METHACROLEIN,4230459.433928707
2-PHENYLPROPIONALDEHYDE,3315698.7719861055
o-TOLUALDEHYDE,3821623.7717354167
p-TOLUALDEHYDE,3787628.766319784
BENZALDEHYDE,4552566.330302101
SALICYLALDEHYDE,4922586.4367670035
p-HYDROXYBENZALDEHYDE,4870229.035086779
TEREPHTHALDEHYDE,3770173.7945857486
m-TOLUALDEHYDE,3784558.293951048
2-METHYL OCTANAL,2495999.065999995
2-METHYLHEPTANAL,2690447.987750511
PARALDEHYDE,3087750.980536651
ACETONE,4705042.448801809
METHYL ETHYL KETONE,4154476.5190548613
3-PENTANONE,3740276.77103879
METHYL ISOBUTYL KETONE,3320966.560074849
3-METHYL-2-PENTANONE,3318236.1933088186
5-HEXEN-2-ONE,3458023.1557435365
3-HEPTANONE,2921234.8943201997
4-HEPTANONE,2908354.787594494
3-HEXANONE,3277063.082608691
2-PENTANONE,3722517.571311923
METHYL ISOPROPYL KETONE,3790018.833387338
2-HEXANONE,3287113.99174768
2-HEPTANONE,2944302.8698658664
5-METHYL-2-HEXANONE,2932005.2880778178
MESITYL OXIDE,3706438.49360748
"3,3-DIMETHYL-2-BUTANONE",3421034.1737599475
DIISOBUTYL KETONE,2476645.076842148
DIISOPROPYL KETONE,3024683.2619782775
2-PYRROLIDONE,6097074.764663472
N-METHYL-2-PYRROLIDONE,4628964.010150469
ETHYL ISOAMYL KETONE,2699355.730464672
5-NONANONE,2400632.4296979764
2-NONANONE,2472608.962751343
ANTHRAQUINONE,3112724.20797674
ACETYLACETONE,4018642.6155582382
ISOPHORONE,3087857.267950008
CYCLOPENTANONE,4695770.085278161
CYCLOHEXANONE,4246730.640305029
2-OCTANONE,2707605.1640970227
BENZOPHENONE,2982391.6688640146
ACETOPHENONE,3802325.303408123
beta-PROPIOLACTONE,6492575.7615311695
gamma-BUTYROLACTONE,5341958.0908879265
epsilon-CAPROLACTONE,4518219.827900406
gamma-VALEROLACTONE,4701950.812785533
ETHYL ISOPROPYL KETONE,3337856.376990197
METHYL ISOPROPENYL KETONE,3960222.4334692135
2-CYCLOHEXYL CYCLOHEXANONE,2789801.0907318466
QUINONE,5685174.819934532
DIKETENE,5030061.810692245
KETENE,5823798.421383351
METHANOL,8103378.114865156
ETHANOL,6097013.100961677
1-PROPANOL,5153783.859040952
ISOPROPANOL,4763290.048503243
1-BUTANOL,4427313.769431015
2-METHYL-1-PROPANOL,4376237.721093567
2-BUTANOL,4248532.553765498
2-METHYL-2-PROPANOL,3965393.9473029105
1-PENTANOL,3881285.6664771223
2-PENTANOL,3780189.7252471913
2-METHYL-2-BUTANOL,3809874.9462323333
2-METHYL-1-BUTANOL,3898826.814082146
"2,2-DIMETHYL-1-PROPANOL",3940217.159913248
1-HEXANOL,3430077.6001639697
2-HEXANOL,3339599.1135949357
3-HEXANOL,3384469.2019535415
2-METHYL-1-PENTANOL,3427355.9841768774
3-METHYL-1-PENTANOL,3448343.296200523
3-METHYL-3-PENTANOL,3514655.2143604257
3-PENTANOL,3799539.9187707077
2-ETHYL-1-HEXANOL,2788816.277023673
2-METHYL-1-HEXANOL,3044264.111116708
3-METHYL-1-BUTANOL,3893110.7478977386
3-METHYL-2-BUTANOL,3872259.9576658485
1-HEPTANOL,3088873.79169701
2-HEPTANOL,3014138.4054040783
3-HEPTANOL,3036894.665700788
5-METHYL-1-HEXANOL,3053295.3319666027
4-METHYL-2-PENTANOL,3418509.7315249336
"o,p-BISPHENOL A",2934591.8004276683
1-OCTANOL,2791314.09583088
2-OCTANOL,2762532.9128818074
1-NONANOL,2530905.3954510298
2-NONANOL,2521331.4488478987
1-DECANOL,2324507.526444394
1-UNDECANOL,2134507.5854206225
8-METHYL-1-NONANOL,2351081.4091693307
1-DODECANOL,1965326.5835115945
1-TRIDECANOL,1824040.3694903457
1-TETRADECANOL,1690243.2032471648
1-PENTADECANOL,1567483.6121111917
1-HEXADECANOL,1459239.8768933185
1-HEPTADECANOL,1363898.2340813836
1-OCTADECANOL,1289107.5172785062
2-ETHYL-1-BUTANOL,3512567.301476771
1-EICOSANOL,1154575.5838008232
1-NONADECANOL,1223208.5059873182
2-METHYL-1-HEPTANOL,2786786.2720991485
CYCLOHEXANOL,4339388.00357099
1-METHYLCYCLOHEXANOL,3929047.6549504036
cis-2-METHYLCYCLOHEXANOL,3804706.239206669
trans-2-METHYLCYCLOHEXANOL,3804706.239206669
cis-3-METHYLCYCLOHEXANOL,3784204.923617807
trans-3-METHYLCYCLOHEXANOL,3784204.923617807
cis-4-METHYLCYCLOHEXANOL,3773385.0670684143
trans-4-METHYLCYCLOHEXANOL,3773385.0670684143
L-MENTHOL,2813506.7308921944
SITOSTEROL,1118265.8245607028
AGATHADIOL,1613515.652050636
alpha-TERPINEOL,2947093.2923952807
beta-TERPINEOL,2989611.530828208
2-BUTYL-NONAN-1-OL,1821216.754480775
2-METHYL-1-UNDECANOL,1963050.9960939046
TETRAHYDROFURFURYL ALCOHOL,4637306.949062189
ALLYL ALCOHOL,5546543.209532893
2-PHENYL-2-PROPANOL,3549775.280469649
2-BUTYL-OCTAN-1-OL,1946661.2521830918
"2,3-XYLENOL",4601313.961446488
p-ISOPROPENYL PHENOL,3772728.302844231
"2,4-XYLENOL",4391012.24351442
4-METHYL-CYCLOHEXANE-METHANOL,3353294.961040266
"2,5-XYLENOL",4516399.922703119
"p,alpha-DIMETHYLBENZYL ALCOHOL",3488294.2262316155
"2,6-XYLENOL",4483554.053872129
"3,4-XYLENOL",4497044.597860132
"3,5-XYLENOL",4220872.986461814
PROPARGYL ALCOHOL,6198963.589565011
BENZYL ALCOHOL,4490017.585557843
PHENOL,5585271.099498099
o-CRESOL,4990282.968101349
m-CRESOL,4889035.479316456
p-CRESOL,4894021.871070688
o-ETHYLPHENOL,4318251.268721319
p-HYDROQUINONE,6040380.80800711
p-ETHYLPHENOL,4221843.186607661
p-tert-BUTYLPHENOL,3311558.4800388613
BISPHENOL A,2921191.4720400753
NONYLPHENOL,2053022.3689662956
ETHYLENE GLYCOL,8053874.857731704
DIETHYLENE GLYCOL,4929838.726565346
TRIETHYLENE GLYCOL,3592477.4168145475
TETRAETHYLENE GLYCOL,2850941.8234069897
"1,3-DI-TERT-BUTYL GLYCERIN",2170972.0638082847
XYLITOL,5958636.386866555
STYRENE GLYCOL,4078489.507351996
TETRAPROPYLENE GLYCOL,1706921.9863945644
PENTAPROPYLENE GLYCOL,1312602.138747817
"2,2,4,4-TETRAMETHYL-1,3-CYCLOBUTANEDIOL",3207937.7082342305
"1,2-PROPYLENE GLYCOL",6040726.477147215
"1,3-PROPYLENE GLYCOL",6458696.704023469
DIPROPYLENE GLYCOL,3459247.4970437177
NEOPENTYL GLYCOL,4271238.476214678
"2-BUTYNE-1,4-DIOL",5798568.796620708
TRIPROPYLENE GLYCOL,2525275.6645256737
"1,4-PENTANEDIOL",4389734.387306495
"2-BUTYL-2-ETHYL-1,3-PROPANEDIOL",2610769.816950566
"2-METHYL-1,3-PROPANEDIOL",5278391.287083484
"1,2-BUTANEDIOL",5105356.667020009
"1,3-BUTANEDIOL",5162903.277232204
HEXYLENE GLYCOL,3844372.2813967993
ISOBUTYLENE GLYCOL,5006306.139509392
1-tert-BUTYL GLYCERIN,2992305.907329807
"1,2,6-HEXANETRIOL",3894811.084438123
"1,2-PENTANEDIOL",4317312.951997638
GLYCEROL,7324364.69495728
"1,2,3-BUTANETRIOL",5464135.206686956
MONO-TERT-BUTYLHYDROQUINONE,3434426.038765183
p-tert-BUTYLCATECHOL,3330054.349228701
"2,2,4-TRIMETHYL-1,3-PENTANEDIOL",2734696.6290365825
"2-METHYL-1,3-PENTANEDIOL",3748709.3770113736
"2,3-BUTANEDIOL",4902269.901196238
"cis-2-BUTENE-1,4-DIOL",5300546.416708553
"trans-2-BUTENE-1,4-DIOL",5300546.416708553
"1,4-BUTANEDIOL",5416627.4619078
"1,5-PENTANEDIOL",4651090.350402097
"1,6-HEXANEDIOL",3990115.205870221
"1,2-BENZENEDIOL",6101235.153866496
"1,3-BENZENEDIOL",6067471.038625948
PENTAERYTHRITOL,4810061.102640601
TRIMETHYLOLPROPANE,3897937.831735795
"1,2,3-BENZENETRIOL",5509926.250505241
INOSITOL,5348389.678522344
SORBITOL,6462373.178728281
FORMIC ACID,5997713.358448026
ACETIC ACID,6024250.268037334
PROPIONIC ACID,4795518.408442318
n-DECANOIC ACID,2285311.053841426
OXALIC ACID,8042593.222199797
n-BUTYRIC ACID,4067476.085254656
2-METHYLBUTYRIC ACID,3755980.727619176
n-PENTANOIC ACID,3671007.53647141
n-NONANOIC ACID,2511331.2921608044
ISOBUTYRIC ACID,3947050.8239950747
ISOVALERIC ACID,3710104.718078079
n-HEXANOIC ACID,3338491.1434532553
2-METHYLHEXANOIC ACID,3059797.7260013474
"1,4-CYCLOHEXANEDICARBOXYLIC ACID",3714370.3112464356
n-OCTANOIC ACID,2764014.789438344
n-UNDECANOIC ACID,2092979.1385360446
CYCLOPENTYLACETIC ACID,3669758.893904646
DILACTIC ACID,3425327.244220651
n-DODECANOIC ACID,1932237.0470738783
n-TRIDECANOIC ACID,1788485.384173204
n-TETRADECANOIC ACID,1655056.7989477827
n-HEXADECANOIC ACID,1477672.3825949372
cis-CROTONIC ACID,4601034.610160945
trans-CROTONIC ACID,4601034.610160945
2-METHYLOCTANOIC ACID,2526589.638056245
n-OCTADECANOIC ACID,1317810.1150985195
ACRYLIC ACID,5550954.430394832
METHACRYLIC ACID,4326186.869797624
OLEIC ACID,1357778.6791230754
LINOLEIC ACID,1405244.110976983
BENZOIC ACID,4568954.76565696
o-TOLUIC ACID,3954555.4797387333
p-TOLUIC ACID,3925867.914003404
SALICYLIC ACID,5049108.698881764
ADIPIC ACID,3678165.385808391
MALEIC ACID,4897896.1548527
PHTHALIC ACID,3913031.421458655
ISOPHTHALIC ACID,3833084.964981643
TEREPHTHALIC ACID,3751823.547711598
PERACETIC ACID,6625025.7743076375
ACETIC ANHYDRIDE,4106733.333958515
PROPIONIC ANHYDRIDE,3179270.209486529
BUTYRIC ANHYDRIDE,2675699.9210291887
PALUSTRIC ACID,1699241.5864059725
SUCCINIC ANHYDRIDE,6641493.821879054
GLUTARIC ANHYDRIDE,5719916.664157748
PHTHALIC ANHYDRIDE,4723600.966868651
MALEIC ANHYDRIDE,7175951.448679674
TRIMELLITIC ANHYDRIDE,4041996.728505496
METHYL FORMATE,5991520.033954928
ETHYL FORMATE,4787953.8601655895
n-PROPYL FORMATE,4005352.0526429387
n-BUTYL FORMATE,3534505.4589092205
ISOBUTYL FORMATE,3716395.1611152985
n-PENTYL FORMATE,3145011.171201021
n-OCTYL FORMATE,2397083.9319300307
n-NONYL FORMATE,2188680.3076927634
n-DECYL FORMATE,2039636.5640556023
VINYL FORMATE,4968213.91417391
METHYL ACETATE,4701279.128749547
ETHYL ACETATE,3928001.968837217
n-PROPYL ACETATE,3437975.448578236
n-BUTYL ACETATE,3089847.376931352
ISOBUTYL ACETATE,3132761.5736409933
ISOPENTYL ACETATE,2817994.2561950167
ALLYL ACETATE,3732131.775371978
ISOPROPYL ACETATE,3508963.822729335
sec-BUTYL ACETATE,3102148.305440417
VINYL ACETATE,4108523.6877240064
METHYL PROPIONATE,3966328.0584403444
ETHYL PROPIONATE,3397162.416577085
n-PROPYL PROPIONATE,3026212.626005929
n-BUTYL PROPIONATE,2774052.143652171
n-PROPYL n-BUTYRATE,2748681.514604883
VINYL PROPIONATE,3650733.780607733
METHYL n-BUTYRATE,3433361.770713517
ETHYL n-BUTYRATE,3024540.764012488
n-PROPYL ISOBUTYRATE,2816787.761768801
ETHYL CAPRYLATE,2118318.208998722
METHYL ACRYLATE,4196993.090405912
ETHYL ACRYLATE,3682930.039560442
n-PROPYL ACRYLATE,3212020.70357261
n-BUTYL ACRYLATE,2845055.873303095
n-BUTYL NONANOATE,1655207.7674049991
n-BUTYL VALERATE,2333494.487636443
ETHYL ISOVALERATE,2826953.5411202083
METHYL METHACRYLATE,3793080.762466749
ETHYL METHACRYLATE,3227467.4865830285
n-PROPYL METHACRYLATE,2850250.154084122
DIOCTYL PHTHALATE,1051062.568366512
DIISOOCTYL PHTHALATE,1156758.9341264989
"1,2-BENZENEDICARBOXYLIC ACID, HEPTYL, NONYL ESTER",1155017.4827466072
n-PENTYL ACETATE,2795834.334474485
2-ETHYLHEXYL ACETATE,2166859.561473482
BENZYL ACETATE,3185533.5644683125
ISOBUTYL ISOBUTYRATE,2620268.977213784
ISOPENTYL ISOVALERATE,2203634.8496763012
METHYL OLEATE,1187792.8044138043
n-HEXYL ACETATE,2568967.3390343464
BENZYL BENZOATE,2551768.371420117
n-BUTYL BENZOATE,2578475.5632892745
ETHYLENE CARBONATE,6814321.27492032
n-HEPTYL ACETATE,2362493.680122651
n-OCTYL ACETATE,2148334.2947690003
n-NONYL ACETATE,1960920.3729806775
n-DECYL ACETATE,1824713.2635779595
DIISODECYL PHTHALATE,985163.6542780825
DI-n-HEPTYL PHTHALATE,1238622.1740135315
METHYL SALICYLATE,3970486.10378111
DI-n-NONYL PHTHALATE,1046406.3761189247
DI-n-PROPYL PHTHALATE,1909826.0956526217
DIISOBUTYL PHTHALATE,1772868.2917355094
DIMETHYL ISOPHTHALATE,2703252.2293621195
DI-n-DECYL PHTHALATE,967247.3710542291
DI-n-UNDECYL PHTHALATE,889635.7822388916
DI-n-HEXYL PHTHALATE,1343325.0688974578
DIMETHYL TEREPHTHALATE,2688694.511343991
DI-n-OCTYL TEREPHTHALATE,1164617.5453152417
n-BUTYL STEARATE,1079632.7150155837
DIBUTYL SEBACATE,1306743.6742235087
n-BUTYL n-BUTYRATE,2541139.2271230267
2-ETHYLHEXYL ACRYLATE,2061574.6319271256
ETHYLENE GLYCOL DIACETATE,3143216.0433868086
ISOBUTYL METHACRYLATE,2660890.715998615
n-BUTYL METHACRYLATE,2561219.348166041
METHYL BENZOATE,3639424.318858661
ETHYL BENZOATE,3156552.9133523535
DIETHYL CARBONATE,3116426.5312433
DIETHYL OXALATE,3092447.164673712
DIETHYL MALONATE,2751218.3336120853
METHYL DECANOATE,1976176.9156743442
ISOPROPYL MYRISTATE,1364883.83934515
"DIMETHYL-1,4-CYCLOHEXANEDICARBOXYLATE",2514774.7009502538
TRI-n-HEPTYL TRIMELLITATE,922168.1797573008
"1,2-BENZENE DICARBOXYLIC ACID, HEPTYL, UNDECYL ESTER",1045900.1808380889
2-METHYLTETRAHYDROFURAN,3962687.351432487
DIMETHYL ETHER,5382485.464334091
DIETHYL ETHER,3734142.8708326533
DIISOPROPYL ETHER,2963191.5096320803
DI-n-BUTYL ETHER,2467789.9511014093
METHYL tert-BUTYL ETHER,3411216.3463598355
DI-sec-BUTYL ETHER,2532133.8217845187
METHYL ETHYL ETHER,4382419.879044523
METHYL n-PROPYL ETHER,3813918.5494048563
ISOPROPYL BUTYL ETHER,2725766.701078874
METHYL ISOBUTYL ETHER,3415553.063031223
METHYL ISOPROPYL ETHER,3794781.8184047285
DI-n-HEXYL ETHER,1822268.8908505144
METHYL n-BUTYL ETHER,3385623.76289507
DIVINYL ETHER,4213664.593724006
ETHYL PROPYL ETHER,3353406.4320727466
DINONYL ETHER,1276412.3061278984
PHTHALAN,4216815.642338565
ANETHOLE,2923946.6371777486
"1,4-DIOXANE",5174560.326447279
TRIOXANE,5850994.237234265
DI-tert-BUTYL ETHER,2373695.7207408054
DI-n-OCTYL ETHER,1420405.0672054498
DI-n-PENTYL ETHER,2086879.9469753038
METHYL sec-BUTYL ETHER,3399202.6706091464
METHYL tert-PENTYL ETHER,3053053.1139094154
tert-BUTYL ETHYL ETHER,2949760.326255235
METHYL n-PENTYL ETHER,3038249.1508718673
ETHYL tert-PENTYL ETHER,2742225.645541704
METHYLAL,4488985.614647157
ACETAL,3088896.359320196
ISOPROPYL ISOBUTYL ETHER,2674816.717401868
ETHYL ISOBUTYL ETHER,3017494.7252940177
"1,2-EPOXY-3-PHENOXYPROPANE",3064620.1223600865
TRIETHYL ORTHOFORMATE,2655031.1532515064
METHYL HYDROPEROXIDE,9135643.746827463
ETHYL HYDROPEROXIDE,6546372.140751839
"3,5-DIMETHYLBENZOFURAN",3416945.2381358217
"1,2-EPOXY-2-METHYLPROPANE",4309845.406767995
ETHYLENE OXIDE,7114731.935993747
"1,2-PROPYLENE OXIDE",5010790.721506306
"1,3-PROPYLENE OXIDE",5802331.276933902
ETHYL VINYL ETHER,3995802.799515054
DI-n-PROPYL ETHER,3016466.4649182674
BUTYL VINYL ETHER,3134759.516294154
n-BUTYL ETHYL ETHER,3011355.552710201
BIS(alpha-METHYLBENZYL) ETHER,2028080.037069376
n-PROPYLBENZENE HYDROPEROXIDE,3278824.9102554563
n-BUTYLBENZENE HYDROPEROXIDE,2954041.875064727
TETRAHYDROPYRAN,4679104.737908336
ALLYL ETHER,3212642.6162018464
TRIETHYLENE GLYCOL DIMETHYL ETHER,2332582.595026826
"1,2-DIMETHOXYETHANE",3822080.247144965
DIETHYLENE GLYCOL DIMETHYL ETHER,2877943.7374232165
TETRAETHYLENE GLYCOL DIMETHYL ETHER,1950753.699592685
DIETHYLENE GLYCOL DIETHYL ETHER,2411148.6340949247
DIETHYLENE GLYCOL DI-n-BUTYL ETHER,1767061.3816654205
BENZYL ETHYL ETHER,3073999.3388838302
ANISOLE,4217842.438953269
PHENETOLE,3499439.2931943624
DIBENZYL ETHER,2546300.616046707
ALLYL GLYCIDYL ETHER,3670602.4958550325
DIPHENYL ETHER,3119529.8388692923
1-METHYL-3-(METHYLETHOXY)BENZENE,2750554.8925716793
"2,3,4,5,2',3',4',5'-OCTAHYDRO-BIFURYL-(3,3')",3636159.7106689857
"1,1-DIMETHOXYETHANE",3788861.0315029467
PENTAETHYLENE GLYCOL DIMETHYL ETHER,1663022.5784319728
METHYL VINYL ETHER,4718016.216930138
"1,2-EPOXYBUTANE",4384359.432802724
CUMENE HYDROPEROXIDE,3364301.216127709
t-BUTYL HYDROPEROXIDE,4340961.551044745
CYCLOHEXYL HYDROPEROXIDE,4256644.6568971705
DICUMYL PEROXIDE,2161675.216776662
p-MENTHANE HYDROPEROXIDE,2927189.1928485534
"2,5-DIHYDROFURAN",5475113.544777205
FURAN,5632484.157432093
TETRAHYDROFURAN,5153116.668912613
DIBENZOFURAN,3595774.069855373
BENZOYL PEROXIDE,2563259.874663961
DI-t-BUTYL PEROXIDE,2476795.6147155575
n-BUTYLHYDROPEROXIDE,4318899.73936584
m-DIISOPROPYLBENZENE HYDROPEROXIDE,2511730.41123139
2-METHYLBENZOFURAN,3766397.2359809265
p-DIISOPROPYLBENZENE HYDROPEROXIDE,2510236.3245576513
ALLYL-TERT-BUTYLPEROXIDE,2800976.5318561136
1-tert-BUTOXY-2-[2-(tert-BUTOXY)PROPOXY]PROPANE,1532127.6482190604
"1,2-DIMETHOXYPROPANE",3329585.1758381436
sec-BUTYL-tert-BUTYL ETHER,2474681.54596266
ISOBUTYL-tert-BUTYL ETHER,2381392.177522482
"2-METHYL-1,3-DIOXOLANE",4949841.805781089
DIMETHYL PEROXIDE,5309558.20438993
"2,5-DIMETHYLTETRAHYDROFURAN",3580672.1512289797
"2,5-DIMETHYLFURAN",4146845.587649994
"1,3-DIOXOLANE",5877140.251084969
"2,3-BENZOFURAN",4394620.243458385
"1,3-DIMETHOXYPROPANE",3338641.1184446355
CARBON TETRACHLORIDE,4593479.534287602
METHYL CHLORIDE,6579422.025881017
ETHYL CHLORIDE,5250658.847744302
VINYL CHLORIDE,5840563.36646744
"1,4-DICHLORO-trans-2-BUTENE",3792807.697062159
"cis-1,3-DICHLOROPROPENE",4585760.311885974
"trans-1,3-DICHLOROPROPENE",4585760.311885974
"1,4-DICHLOROBUTANE",3584209.4430784183
"1,5-DICHLOROPENTANE",3210080.4484110074
METHYL MERCURY CHLORIDE,9879219.952275166
DICHLOROMETHANE,6092369.904652901
"1,1,1,3,3-PENTACHLOROPROPANE",3287092.767089361
CHLOROFORM,5415979.703269118
"1,1-DICHLOROETHANE",5098341.686498324
"1,2-DICHLOROETHANE",5211128.612855528
"1,1,2-TRICHLOROETHANE",4561337.326436326
HEXACHLOROETHANE,3346248.8648966053
"1,2-DICHLOROPROPANE",4456842.379354987
"1,1,1-TRICHLOROETHANE",4362338.218035318
"1,1,1,2-TETRACHLOROETHANE",4003065.957843613
"1,1,2,2-TETRACHLOROETHANE",4117770.7553217704
ISOPROPYL CHLORIDE,4503947.533370722
PROPARGYL CHLORIDE,5085983.89798424
"1,2,3-TRICHLOROPROPANE",3896056.170465278
ISOBUTYL CHLORIDE,3938786.6701205387
tert-BUTYL CHLORIDE,3866091.713776325
"1,2-DICHLOROBUTANE",3700433.185204161
"2,3-DICHLOROBUTANE",3787623.8096353323
TRICHLOROETHYLENE,4874311.839876073
TETRACHLOROETHYLENE,4440406.290984897
3-CHLOROPROPENE,4671151.957527752
CHLOROCYCLOHEXANE,3840650.9089922695
"HEXACHLORO-1,3-BUTADIENE",2852451.9729265063
BENZYL CHLORIDE,3910674.003459639
3-CHLORO-o-XYLENE,3420762.7383326064
4-CHLORO-o-XYLENE,3392596.090875272
MONOCHLOROBENZENE,4465943.021246164
o-DICHLOROBENZENE,4131344.8011704218
m-DICHLOROBENZENE,4118952.362357193
p-DICHLOROBENZENE,4113345.068721525
HEXACHLOROBENZENE,2862608.426565689
BENZOTRICHLORIDE,3360398.462502172
o-CHLOROTOLUENE,3918166.9934096825
p-CHLOROTOLUENE,3897020.616002611
"2,4-DICHLOROTOLUENE",3631658.6765089137
"cis-1,2-DICHLOROETHYLENE",5375681.242566491
"trans-1,2-DICHLOROETHYLENE",5375681.242566491
HEXACHLOROCYCLOPENTADIENE,3013603.947691496
CHLOROPRENE,4310154.969106072
PROPYL CHLORIDE,4414786.791668017
n-BUTYL CHLORIDE,3795169.859204171
sec-BUTYL CHLORIDE,3947626.5682963906
1-CHLOROPENTANE,3383424.0091334744
1-CHLORONAPHTHALENE,3659907.4090025956
PENTACHLOROETHANE,3696860.0700763334
"1,1-DICHLOROETHYLENE",5265069.651418327
"1,2,4-TRICHLOROBENZENE",3920812.3836969347
"1,4-DICHLORO-cis-2-BUTENE",3792807.697062159
CYANOGEN CHLORIDE,6004701.391757931
2-CHLOROPROPENE,4703290.447295587
m-CHLOROBENZOYL CHLORIDE,3725642.404762089
"3,4-DICHLORO-1-BUTENE",3853142.8584046825
"(Z)-1,3-DICHLORO-2-BUTENE",3786275.5187707082
BENZYL DICHLORIDE,3600724.844149877
CHLOROFLUOROMETHANE,5635284.361172676
DICHLORODIFLUOROMETHANE,4133852.331675782
TRICHLOROFLUOROMETHANE,4348563.5612531565
"1,4-DIBROMOBENZENE",4530645.780508971
CHLORODIFLUOROMETHANE,5000566.175814098
CHLOROTRIFLUOROMETHANE,3870547.6507476917
"2-CHLORO-1,1,1-TRIFLUOROETHANE",3838336.3203611183
"1,2-DICHLOROTETRAFLUOROETHANE",3262647.8773890054
PENTAFLUOROETHYL METHYL ETHER,2915659.9292277326
"1,2-DIBROMOTETRAFLUOROETHANE",3335370.927348705
"2-CHLORO-1,1-DIFLUOROETHYLENE",4454089.590273661
METHYL FLUORIDE,5909307.910986718
DIFLUOROMETHANE,5648083.048118461
TRIFLUOROMETHANE,4897278.648885815
CARBON TETRAFLUORIDE,3762624.9283501334
ETHYL FLUORIDE,4935638.284580744
"1,1,1-TRIFLUOROETHANE",3777924.72558387
"1,1,1,3,3,3-HEXAFLUOROPROPANE",3202530.2053959933
"HEXAFLUORO-1,3-BUTADIENE",3114842.6068573454
DECAFLUOROBUTANE,2297935.835417459
PERFLUORO-n-HEXANE,1852726.4151091413
"1,1,1,2,2,3,4,5,5,5-DECAFLUOROPENTANE",2308002.8506108266
PERFLUORO-n-OCTANE,1484684.9107246157
PERFLUORO-n-NONANE,1377618.2845436188
PERFLUORO-n-DECANE,1179224.0939067423
"1,1-DIFLUOROETHYLENE",4526297.51894415
TETRAFLUOROETHYLENE,3967139.534079507
PERFLUORO-n-DODECANE,971189.8870300141
BROMODIFLUOROMETHANE,5140821.797486931
"1,3-DIFLUOROBENZENE",4348435.513715995
"1,2-DIFLUOROBENZENE",4290973.0383689115
"1,1-DIFLUOROETHANE",4534789.596449156
BROMOMETHANE,7028173.652340024
BROMOETHANE,5558343.079289622
PENTAFLUOROETHANE,3634133.9269829956
"1,1,2,2-TETRABROMOETHANE",4404061.337539999
1-BROMOPROPANE,4642753.7627223255
2-BROMOPROPANE,5019572.407669823
"1,2-DIBROMOPROPANE",4726727.3380997265
"1,3-DIBROMOPROPANE",4577575.724824844
1-BROMOBUTANE,4035109.076720712
1-BROMOHEPTANE,2874651.993154516
"1,1-DIBROMOETHANE",5868648.59894497
"1,2-DIBROMOETHANE",5560288.042558178
m-DIBROMOBENZENE,4530768.505444236
"1,1,1-TRICHLOROTRIFLUOROETHANE",3346621.7767107286
BROMOBENZENE,4635755.781579821
METHYL IODIDE,6561951.744112107
ETHYL IODIDE,4923059.4468778735
n-PROPYL IODIDE,4241810.762767064
ISOPROPYL IODIDE,4820972.365544504
"1,4-DIFLUOROBENZENE",4346501.783609828
IODOBENZENE,4560897.18186628
DIIODOMETHANE,5553045.349158531
"1,1-DICHLOROTETRAFLUOROETHANE",3272289.615892944
"2,2-DICHLORO-1,1,1-TRIFLUOROETHANE",3681453.7536308453
DICHLOROFLUOROMETHANE,5126809.343133104
1-BROMONAPHTHALENE,3752963.9975617123
TRIBROMOMETHANE,6057372.287124152
HEXAFLUOROPROPYLENE,3094549.3829586925
"1,4-BUTANEDIISOCYANATE",2973311.9241696475
METHYLAMINE,7635518.986913157
DIMETHYLAMINE,5314904.219461452
TRIMETHYLAMINE,4088858.287300419
ETHYLAMINE,5710105.959826878
2-METHYL-2-AMINOBUTANE,3667511.3910260135
TRIETHYLAMINE,3023527.4570797244
DI-n-PROPYLAMINE,3118658.198467679
"N,N-DIMETHYL-n-BUTYLAMINE",2932926.894081905
"N,N-DIETHYLMETHYLAMINE",3313405.6551806047
DIETHYLAMINE,3781058.4428562466
n-PROPYLAMINE,4790413.132380331
n-BUTYLAMINE,4154138.6174026043
n-PENTYLAMINE,3668236.072503412
ISOBUTYLAMINE,4202552.5774285495
CYCLOPROPYLAMINE,6415766.456716481
HYDRAZINE,14656318.267303597
DIISOBUTYLAMINE,2563395.4234275343
ISOPROPYLAMINE,4565034.338750165
n-TETRADECYLAMINE,1619442.0940883139
PYRROLE,6836553.847476999
METHYL DIETHANOLAMINE,4151995.5781834438
MONOETHANOLAMINE,7102318.884551524
DIETHANOLAMINE,4500802.570541022
TRIETHANOLAMINE,2862652.215738857
sec-BUTYLAMINE,4112375.6772481017
tert-BUTYLAMINE,3844925.478787676
CYCLOHEXYLAMINE,4026852.6528333277
DEHYDROABIETYLAMINE,1702119.9679515208
HEXAMETHYLENEDIAMINE,3478114.680862577
"2,4-DIAMINOTOLUENE",4531172.19698527
BENZYLAMINE,4383996.237450625
TRIETHYLENEDIAMINE,3908783.6278956826
"1,3-DIPHENYLTRIAZENE",2843504.741413477
o-TOLUIDINE,4481842.498227075
m-TOLUIDINE,4359000.413220825
p-TOLUIDINE,4365109.317638813
TRIETHYLENETETRAMINE,3282638.40034715
ALLYLAMINE,5231557.161515159
ETHYLENEDIAMINE,6706465.84767432
ETHYLENEIMINE,7698594.5835580565
DIISOPROPYLAMINE,3012315.852390152
DI-n-BUTYLAMINE,2621700.466609657
PIPERIDINE,4731342.926536254
p-NITRODIPHENYLAMINE,2825020.9048550194
p-AMINODIPHENYLAMINE,3211632.0975140263
QUINOLINE,4677557.539248542
FORMANILIDE,4218436.948503446
N-AMINOETHYL PIPERAZINE,3847618.989769813
HEXAMETHYLENETETRAMINE,3679164.9677080936
"1,2-PROPANEDIAMINE",5473528.0315688895
"N,N-DIETHYLANILINE",2827418.740061298
N-METHYLPYRROLE,5113095.838367019
PYRAZINE,5615842.285967992
DIPHENYLAMINE,3195014.9267973495
PHENYLHYDRAZINE,4910672.953413261
MELAMINE,5860500.200623872
QUINALDINE,3962616.2166416193
NITROMETHANE,6469414.027251624
NITROETHANE,5160407.199041481
1-NITROPROPANE,4346304.147861639
2-NITROPROPANE,4382173.8313219445
HYDRACRYLONITRILE,4889609.232643545
MORPHOLINE,5422672.999832839
PYRROLIDINE,5492930.147277461
N-METHYLPYRROLIDINE,4174306.3118224773
TETRANITROMETHANE,2703349.8859318024
1-NITROBUTANE,3753261.2452983577
HYDROGEN CYANIDE,5334973.965048953
ACETONITRILE,5013524.368472044
PROPIONITRILE,4246411.530636774
ACRYLONITRILE,4575418.515612502
METHACRYLONITRILE,3887051.9213436716
SUCCINONITRILE,3516187.9858371904
ADIPONITRILE,2899894.47885605
o-NITROTOLUENE,3666826.7153703007
p-NITROTOLUENE,3555980.3826886956
m-NITROTOLUENE,3627382.538616253
GLUTARONITRILE,3142347.125480388
BUTYRONITRILE,3844376.8964129286
VALERONITRILE,3541111.006672342
MALONONITRILE,4030797.2787411134
HEXANENITRILE,3271491.111802472
ISOBUTYRONITRILE,3720895.9861478587
trans-CROTONITRILE,3916498.483584884
BENZONITRILE,4192600.965304495
PYRIDINE,5394812.509118584
ANILINE,5547750.802167037
"2,4-TOLUENE DIISOCYANATE",3043043.100728121
HEXAMETHYLENEIMINE,4246695.877707593
N-METHYLANILINE,4763903.660611816
"N,N-DIMETHYLANILINE",3638204.1339559127
2-METHYLPYRIDINE,4625082.904288617
cis-CROTONITRILE,3916498.483584884
CYANOGEN,4374828.749694391
METHYL MERCAPTAN,7148504.637425264
ETHYL MERCAPTAN,5484931.748528286
n-PROPYL MERCAPTAN,4617184.840115789
tert-BUTYL MERCAPTAN,4036893.4446533723
ISOBUTYL MERCAPTAN,4065767.410759498
sec-BUTYL MERCAPTAN,4063515.180135941
n-HEXYL MERCAPTAN,3092038.506761629
n-NONYL MERCAPTAN,2312878.595319168
n-OCTYL MERCAPTAN,2522029.8073342196
ISOPROPYL MERCAPTAN,4651638.016894098
CYCLOHEXYL MERCAPTAN,4505999.396745258
BENZYL MERCAPTAN,4119980.721475474
METHYL ETHYL SULFIDE,4390845.179447897
METHYL n-PROPYL SULFIDE,3931223.759901815
METHYL t-BUTYL SULFIDE,3517798.7028300026
METHYL t-PENTYL SULFIDE,3163321.881974048
DI-n-PROPYL SULFIDE,3071947.323680574
DIETHYL SULFIDE,3957293.1515756357
ETHYL n-OCTYL SULFIDE,2309375.6873182734
DIMETHYL SULFIDE,5400297.788990303
THIOPHENE,5722834.052742399
BENZOTHIOPHENE,4475187.3039719425
2-MERCAPTOBENZOTHIAZOLE,4059441.057661382
DIETHYL DISULFIDE,3924149.225184222
UNDECYL MERCAPTAN,1993517.2367080636
n-DECYL MERCAPTAN,2139228.008225703
n-PENTYL MERCAPTAN,3479654.0418746555
DIMETHYL DISULFIDE,5335746.771010371
DI-n-PROPYL DISULFIDE,3063339.602276498
"4,6-DIMETHYLDIBENZOTHIOPHENE",2963042.9999924116
DI-n-OCTYL SULFIDE,1437508.3185234393
DICYCLOHEXYL SULFIDE,2643522.441302644
"3-ETHYL-2,5-DIMETHYLTHIOPHENE",3249755.3369910982
2-METHYL BENZOTHIOPHENE,3699058.4747351245
THIAINDAN,3928317.337541632
2-METHYL THIAINDAN,3625374.111649856
n-DODECYL MERCAPTAN,1881749.6891928257
tert-OCTYL MERCAPTAN,2585652.112940149
n-HEPTYL MERCAPTAN,2782294.8760351795
DIALLYL SULFIDE,3318241.0777060026
n-BUTYL MERCAPTAN,3996331.770770004
PHENYL MERCAPTAN,4785499.74111379
TETRAHYDROTHIOPHENE,5176179.740272482
DIMETHYL SULFOXIDE,5105978.995123854
SULFOLANE,5803198.016839492
3-METHYL SULFOLANE,4302803.5554856
DI-n-PROPYL SULFONE,3121927.0443022153
DI-n-BUTYL SULFONE,2545322.974253923
CARBONYL FLUORIDE,5593919.935633885
ACETYL CHLORIDE,5708706.361572362
CHLOROACETIC ACID,5767677.492280827
CHLOROACETYL CHLORIDE,5035274.871005033
DICHLOROACETYL CHLORIDE,4566823.790058869
TRICHLOROACETYL CHLORIDE,4251426.492353952
BENZOYL CHLORIDE,4064577.857760947
p-CHLOROBENZOTRIFLUORIDE,3029803.638123636
"2,4-DICHLOROBENZOTRIFLUORIDE",2807389.1960708755
o-CHLOROANILINE,4668540.973879775
FLUOROBENZENE,4555547.086000499
CHLOROMETHYL METHYL ETHER,5079016.503420897
"3-CHLORO-1,2-PROPANEDIOL",5203840.158394867
"1,3-DICHLORO-2-PROPANOL",4485067.851136297
HEXAFLUOROBENZENE,3286136.7380339745
"2,3-DICHLORO-1-PROPANOL",4519851.58533804
DI(2-CHLOROETHYL)ETHER,3565181.2553360653
TRIETHYL ALUMINUM,8156932.741478156
3-(METHYLMERCAPTO)PROPANAL,4018653.83765517
TRIISOBUTYL ALUMINUM,1760915.73404204
TRIFLUOROACETIC ACID,3341679.373000881
6-AMINOHEXANOL,3534472.3373976755
GLYCINE,6875611.668888021
3-MERCAPTOPROPIONIC ACID,5027492.846208665
o-CHLOROBENZOIC ACID,4085091.4954324258
4-METHOXYPHENYLACETIC ACID,3689978.3923069094
"N,N-DIMETHYLFORMAMIDE",4721218.545538154
UREA,8970744.39046341
2-METHACRYLAMIDE,5341878.899548536
ACRYLAMIDE,5966364.548278908
epsilon-CAPROLACTAM,4600513.474039203
alpha-EPICHLOROHYDRIN,5745985.666626662
ACETONE CYANOHYDRIN,4229728.694131063
TRI-n-BUTYL BORATE,1969694.503231278
TRIPHENYLPHOSPHINE,7777517.752978366
NITROBENZENE,4128870.1527570495
GLYCOLIC ACID,7337028.410228972
ACETALDOL,4591621.520448597
FURFURAL,5487219.648119198
alpha-HYDROXYISOBUTYRIC ACID,4901275.453162767
o-NITROANISOLE,3707030.3867402407
CARBONYL SULFIDE,6411569.208327756
PHOSGENE,5639454.224723078
ACETOMETHOXANE,2671615.627025626
ETHYLENE GLYCOL DIACRYLATE,2706651.3358189403
PROPYLENE GLYCOL MONOMETHYL ETHER ACETATE,3028230.7025403
DIPROPYLENE GLYCOL MONOMETHYL ETHER ACETATE,2269825.08130024
METHOXYDIHYDROPYRAN,3905943.687511207
SULFURIC ACID,6629973.760509617
PHOSPHORIC ACID,5087209.729741734
NITRIC ACID,6991739.413840098
HYDROGEN CHLORIDE,10198713.06587691
HYDROGEN FLUORIDE,6513063.049431951
HYDROGEN BROMIDE,8570001.965993403
HYDROGEN IODIDE,8353906.482528441
AMMONIA,11334526.310823126
WATER,21883732.12773509
HYDROGEN SULFIDE,8933290.771278488
PHOSPHORUS (WHITE),8311317.773796973
PHOSPHORUS TRICHLORIDE,5679768.754397967
PHOSPHORUS OXYCHLORIDE,5680877.114446818
VANADIUM TETRACHLORIDE,6010939.115167174
ANTIMONY TRICHLORIDE,4930176.643790449
DICHLOROSILANE,4662327.607105164
TRICHLOROSILANE,4158372.3550306084
TETRACHLOROSILANE,3586214.4243909335
CARBON DISULFIDE,7266053.733465574
BORON TRIFLUORIDE,4967482.909647152
GALLIUM TRICHLORIDE,3815481.4946794286
SULFURYL CHLORIDE,4644839.803116267
THIONYL CHLORIDE,4574653.6679541385
BORON TRICHLORIDE,3897753.2662106873
HEXAMETHYLDISILAZANE,1927696.6439277204
HEXAMETHYLDISILOXANE,1916849.729961733
HEXAMETHYLCYCLOTRISILOXANE,1780432.7984718408
TETRAFLUOROSILANE,3717605.6271964586
NITROSYL FLUORIDE,2873808.63511894
DODECAMETHYLPENTASILOXANE,945018.785545126
METHYL VINYL DICHLOROSILANE,3284661.1147211664
NITROGEN TRIFLUORIDE,4363900.564467589
[3-(MERCAPTO)PROPYL]TRIETHOXYSILANE,1860517.71626469
3-(TRIMETHOXYSILYL)-1-PROPANETHIOL,2320622.5860463562
BIS[3-(TRIETHOXYSILYL)PROPYL]DISULFIDE,1021317.2940860527
DISILANE,3949828.734387766
PHOSPHINE,6553101.855193181
SILANE,4854459.430278713
TETRAMETHYLSILANE,2849838.096202456
NITROSYL CHLORIDE,8984265.17354942
OCTAMETHYLCYCLOTETRASILOXANE,1318428.7759133303
TETRAFLUOROHYDRAZINE,3740396.652912079
HYDROGEN PEROXIDE,21522652.18522923
DEUTERIUM OXIDE,21243669.497637358
IODINE,11589092.968469305
GLUTARALDEHYDE,3646076.1323089055
n-TRIACONTANE,705732.6333690778
3-OCTANONE,2684590.176889655
4-OCTANONE,2665919.6521029156
3-NONANONE,2432785.533035566
4-NONANONE,2418515.3435636167
2-CYCLOHEXENE-1-ONE,4491935.797236126
"2,6,8-TRIMETHYL-4-NONANONE",1979541.8754948585
"2,3-DIMETHYLOCTANE",2180118.984989631
"2,4-DIMETHYLOCTANE",2177057.9812931255
"2,5-DIMETHYLOCTANE",2167515.338661034
"2,6-DIMETHYLOCTANE",2163753.0227977782
"2,7-DIMETHYLOCTANE",2135551.165019543
m-ETHYLPHENOL,4222352.390219171
"2,6-DI-tert-BUTYL-p-CRESOL",2104543.5022504036
2-PHENYLETHANOL,3838366.132341584
"2,6-DIMETHYL-4-HEPTANOL",2538636.1311692093
1-PHENYL-1-PROPANOL,3444176.6029708646
1-PHENYL-2-PROPANOL,3431037.585284546
2-PHENYL-1-PROPANOL,3490749.5484896223
3-PHENYL-1-PROPANOL,3435896.7541410853
beta-CHOLESTEROL,1247325.5899430506
alpha-METHYLBENZYL ALCOHOL,3839900.1696423884
p-TOLUALCOHOL,3890657.859481454
o-TOLUALCOHOL,3979019.4057301492
m-TOLUALCOHOL,3857050.0995609416
p-tert-OCTYLPHENOL,2204514.4866773523
p-tert-AMYLPHENOL,2968435.8116146633
p-CUMYLPHENOL,2817751.782792224
DINONYLPHENOL,1236352.077642504
"2,4-PENTANEDIOL",4231968.457646896
3-METHYL-trans-2-PENTENE,3230086.963193975
5-METHYL-1-HEXENE,2911205.431397389
"DECAN-1,10-DIOL",2445949.8025564067
"1,4-CYCLOHEXANEDIMETHANOL",3973372.603105579
NEOABIETIC ACID,1685197.3691058073
2-METHYL-1-OCTENE,2369164.6280243453
2-METHYL-1-HEPTENE,2603413.1477644197
TRIMELLITIC ACID,3479706.5653416356
TRILACTIC ACID,2391413.0071111387
LINOLENIC ACID,1447006.78719407
ABIETIC ACID,1679471.302040202
AZELAIC ACID,2720324.8122545583
NEOPENTANOIC ACID,3813468.1127729854
n-PENTADECANOIC ACID,1561283.5365672698
2-ETHYL HEXANOIC ACID,2777100.572156471
n-HEPTANOIC ACID,3030206.452187131
NEOHEXANOIC ACID,3429461.111441671
NEOHEPTANOIC ACID,3058856.418561168
DEHYDROABIETIC ACID,1756090.047119535
n-HEPTADECANOIC ACID,1385077.7938578038
n-NONADECANOIC ACID,1250760.4833494837
n-EICOSANIC ACID,1184045.3103643185
FUMARIC ACID,4897896.1548527
PIMELIC ACID,3245494.770348823
SUBERIC ACID,2961283.310145496
CINNAMIC ACID,3479932.880812573
ACETOXYACETIC ACID,4380464.7285218695
SEBACIC ACID,2501488.0315915905
CITRACONIC ACID,4284329.525734853
ITACONIC ACID,4233637.949373058
2-ETHYL BUTYRIC ACID,3420602.462704383
SUCCINIC ACID,4938084.011749572
GLUTARIC ACID,4228054.693653014
PYROMELLITIC ACID,3165124.4356371313
IBUPROFEN,2324117.320744785
1-METHYL-4-VINYLCYCLOHEXENE,3047045.868338568
"2,6-NAPHTHALENEDICARBOXYLIC ACID",3039623.7101752553
METHYL MALEIC ANHYDRIDE,5769864.4646498
sec-BUTYL FORMATE,3579208.2069518357
tert-BUTYL FORMATE,3638038.172061236
n-HEXYL FORMATE,2833244.310509489
n-HEPTYL FORMATE,2596340.2314785267
"1,2-HEXADIENE",3369405.48962075
CYCLOHEXYL FORMATE,3572937.399933828
tert-BUTYL ACETATE,3177248.7675853814
METHYL ISOBUTYRATE,3476491.946950305
ETHYL ISOBUTYRATE,3083610.967002502
ISOPROPYL ACRYLATE,3296064.749988757
BENZYL FORMATE,3538739.140106159
n-HEXADECYL METHACRYLATE,1209033.246924254
ALLYL METHACRYLATE,3036023.7084409655
"DIMETHYL-2,6-NAPHTHALENEDICARBOXYLATE",2464420.880256911
CYCLOHEXYL ACETATE,3143086.1872167904
PROPYLENE CARBONATE,5368276.016975578
GLYCERYL TRIACETATE,2318737.788128043
n-NONYL n-UNDECYL PHTHALATE,967227.6698579758
DIISONONYL PHTHALATE,1072436.281260329
DIETHYL PHTHALATE,2258691.5056508845
DI-n-BUTYL PHTHALATE,1679717.451365725
DIMETHYL PHTHALATE,2726497.6057280884
DIETHYL SUCCINATE,2351056.643259066
DIHEXYL ADIPATE,1314825.531823919
ETHYLIDENE DIACETATE,2984387.7761586215
DIALLYL MALEATE,2371556.072793573
DIBUTYL MALEATE,1885502.6350951376
ISOBUTYL ACRYLATE,2916113.8730078945
METHYL DODECANOATE,1678811.5467870927
DIETHYL MALEATE,2583849.09989511
DIMETHYL MALEATE,3283476.405868128
DIPROPYL MALEATE,2183378.386170895
sec-BUTYL ACRYLATE,2925728.618062586
VINYL PIVALATE,2974767.904973526
DIMETHYL CARBONATE,4691617.515062639
n-PROPYL BENZOATE,2826500.4226994165
DIISOBUTYL ETHER,2480048.9963170956
1-HEPTYNE,3209277.4176143934
ETHYL ISOPROPYL ETHER,3390551.947390225
ETHYL n-HEXYL ETHER,2473506.9773184117
"1,3-DIOXANE",5131415.487884294
ETHYLAL,3273886.043416505
"1,2-DIETHOXYETHANE",3067367.3779700682
"2,3-DIHYDROFURAN",5401695.9080457715
1-ETHYL-2-ISOPROPYLBENZENE,2667464.3788759015
"1,1-DICHLOROPROPANE",4315174.756511236
"1,3-DICHLOROPROPANE",4244515.354018171
"2,3-DICHLOROPROPENE",4456965.8728190465
n-PENTADECYLBENZENE,1331088.0863221423
n-HEXADECYLBENZENE,1269442.3162210225
n-HEPTADECYLBENZENE,1212129.8465473156
n-OCTADECYLBENZENE,1158037.3596155006
"1,2,3-TRICHLOROBENZENE",3953684.2439665706
"1,3,5-TRICHLOROBENZENE",3911776.3832865814
"1,3-DICHLOROHEXAFLUOROPROPANE",2590540.653256929
"1,2-DICHLOROHEXAFLUOROCYCLOBUTANE",2730196.1511288635
"3,3,3-TRIFLUOROPROPENE",3599772.4144098433
"1,1,2-TRIFLUOROETHANE",5031145.980502894
PERFLUORO-n-PENTANE,2054491.6229802503
PERFLUORO-n-HEXADECANE,635878.1511362363
PERFLUOROMETHYLCYCLOPENTANE,2172377.509414924
PERFLUORO-n-HEPTANE,1634366.5817254528
"1,1,1,3,3-PENTAFLUOROPROPANE",3632207.5004486516
"1,1,2,2,3-PENTAFLUOROPROPANE",3906652.560682038
"1,1,1,2,2-PENTAFLUOROPROPANE",3165791.687205949
"1,1,1,2,3,3,3-HEPTAFLUOROPROPANE",2945938.5360295246
"1,1,1,2,3,3-HEXAFLUOROPROPANE",3358014.374565297
BENZOTRIFLUORIDE,3264763.1034992
DIBROMOMETHANE,6980126.328214622
2-BROMOBUTANE,4396474.480440391
BROMOCHLOROMETHANE,6604361.340699505
HALOTHANE,3859945.5628708107
BROMOTRICHLOROMETHANE,4995103.356555966
"1,2-DIFLUOROETHANE",4530046.283843479
"2,2-DICHLORO-1,1,2-TRIFLUOROETHANE",3815407.4619380934
PENTACHLOROFLUOROETHANE,3318095.7990348362
"1,2-DICHLORO-1,1,2-TRIFLUOROETHANE",3666528.476046174
"2-CHLORO-1,1,1,2-TETRAFLUOROETHANE",3549938.417713776
"1,1-DICHLORO-1-FLUOROETHANE",4318127.580936899
"1,1,1,2-TETRAFLUOROETHANE",4054482.8213953255
HEXAFLUOROACETONE,2967066.581801101
OCTAFLUOROPROPANE,2661189.9035282275
OCTAFLUORO-2-BUTENE,2384238.958173469
OCTAFLUOROCYCLOBUTANE,2782344.7813489484
"1,1,2-TRICHLOROTRIFLUOROETHANE",3362247.1298204074
"1,1,2,2-TETRACHLORODIFLUOROETHANE",3345311.6981438827
"1,1,1,2-TETRACHLORODIFLUOROETHANE",3355216.6711478257
"1,1,1-TRICHLOROFLUOROETHANE",4043447.9755624644
"1,1,2,2-TETRAFLUOROETHANE",4623550.589648079
p-BROMOTOLUENE,4162503.650341891
n-HEXYL IODIDE,2946936.251677185
n-BUTYL IODIDE,3728970.308336338
BROMOCHLORODIFLUOROMETHANE,4223034.7919455385
BROMOTRIFLUOROMETHANE,3994087.284197407
DIBROMODIFLUOROMETHANE,4114647.4155998253
BROMOTRIFLUOROETHYLENE,4368580.229212824
CHLOROTRIFLUOROETHYLENE,4121735.340836033
CHLOROPENTAFLUOROETHANE,3179443.996954036
HEXAFLUOROETHANE,3058592.8358148625
VINYL BROMIDE,6732513.533994831
"1-CHLORO-1,1-DIFLUOROETHANE",4045278.144795188
VINYL FLUORIDE,5178010.190213752
n-HEXYLAMINE,3272069.191034553
n-HEPTYLAMINE,2949418.785883648
n-OCTYLAMINE,2679015.1809810274
n-NONYLAMINE,2437848.031971152
n-DECYLAMINE,2227974.67973745
n-DODECYLAMINE,1889264.106546679
N-ETHYL-2-METHYLALLYLAMINE,3185155.5250903387
PENTAETHYLENE HEXAMINE,2277847.4541538684
TRIALLYLAMINE,2463711.0932060224
TRI-n-BUTYLAMINE,1785821.061538395
DIETHYLENETRIAMINE,4349495.715432592
TETRAETHYLENEPENTAMINE,2588244.238798175
TRIPROPYLAMINE,2239277.549067685
VINYLACETONITRILE,3883817.8404436097
AMINOCAPRONITRILE,3118558.6062224954
n-BUTYL ISOCYANATE,3432889.5811870084
CYCLOHEXYL ISOCYANATE,3602505.056378521
o-ETHYLANILINE,3748425.298565019
o-PHENYLENEDIAMINE,5224549.582550426
PROPYLENEIMINE,5487434.150705805
m-PHENYLENEDIAMINE,5182013.191532295
"N,N'-DI-tert-BUTYLETHYLENEDIAMINE",2165194.8524271566
CYCLOPENTYLAMINE,4638048.69538382
DICYCLOHEXYLAMINE,2522952.2640609466
N-METHYLCYCLOHEXYLAMINE,3540251.3543123463
N-AMINOETHYL ETHANOLAMINE,4474989.506538195
cis-DICYANO-1-BUTENE,2951492.825544842
trans-DICYANO-1-BUTENE,2951492.825544842
"1,4-DICYANO-2-BUTENE",2917290.953883119
"DIPHENYLMETHANE-4,4'-DIISOCYANATE",2234898.482481989
"N,N'-DIPHENYL-p-PHENYLENEDIAMINE",2313157.940046843
o-NITRODIPHENYLAMINE,2899260.462092437
DIALLYLAMINE,3315906.714289622
m-DINITROBENZENE,3742570.534664016
o-DINITROBENZENE,3612070.623028333
p-DINITROBENZENE,3767451.7878880505
"2,4-DINITROTOLUENE",3386938.430351286
"2,6-DINITROTOLUENE",3402504.7902141507
"3,4-DINITROTOLUENE",3379486.729395818
"1,3,5-TRINITROBENZENE",3387264.3745274963
"2,4,6-TRINITROTOLUENE",3044733.65263936
"2,5-DINITROTOLUENE",3399142.6941346643
"3,5-DINITROTOLUENE",3418889.014811182
p-PHENYLENEDIAMINE,5159119.631937632
PHENYL ISOCYANATE,4100695.2313301824
PIPERAZINE,5467923.709466106
PYRIDAZINE,5371058.387140766
PYRIMIDINE,5639424.772871708
PYRAZOLE,7100041.296862117
MALEONITRILE,3730801.2089685774
FUMARONITRILE,3730801.2089685774
"2,2'-IMINOBIS-ACETONITRILE",3699118.907592082
"2,2',2''-NITRILOTRIS-ACETONITRILE",2650204.957394118
PENTAERYTHRITOL TETRANITRATE,2235655.3151695384
NITROGLYCERINE,3000277.901288488
o-NITROANILINE,4451553.843033363
p-NITROANILINE,4407929.5563149825
m-NITROANILINE,4439076.169154937
HYDRAZOBENZENE,3074827.9660008107
INDOLE,4444470.043269484
ISOQUINOLINE,4697509.436492106
p-AMINOAZOBENZENE,2901077.1279814183
p-AMINODIPHENYL,3439625.4303292874
"1,5-NAPHTHALENE DIISOCYANATE",2761810.562032117
DIBENZOPYRROLE,3371160.004682403
NICOTINONITRILE,4222313.742863306
"2,6-DIETHYLANILINE",3116405.254240475
METHYL ISOCYANATE,5573188.859221581
ACROLEIN CYANOHYDRIN,4491482.775583787
"2,4,6-TRIMETHYLPYRIDINE",3353632.133911362
"2,6-DIMETHYLPYRIDINE",3860354.9200759577
3-METHYLPYRIDINE,4613067.708982659
METHYLGLUTARONITRILE,2933198.3364704787
4-METHYLPYRIDINE,4615976.098819061
"1,6-HEXAMETHYLENE DIISOCYANATE",2886743.4842616604
ISOPHORONE DIISOCYANATE,2513314.4681894355
THIACYCLOPROPANE,6846504.3598749405
METHYL n-BUTYL SULFIDE,3484901.2479023873
ETHYL t-BUTYL SULFIDE,3132812.1096080835
TRIMETHYLENE SULFIDE,5837881.301108778
DIBENZOTHIOPHENE,3807194.549527465
tert-DODECYL MERCAPTAN,1784071.0215654294
tert-NONYL MERCAPTAN,2270877.8521505864
2-METHYLTHIOPHENE,4925391.333341195
3-METHYLTHIOPHENE,4845936.2208955875
CAMPHOR,2775749.1133953384
FORMAMIDE,7327448.432118393
N-METHYLFORMAMIDE,5888050.608785842
ACETAMIDE,8488098.64035262
DIACETONE ALCOHOL,3587006.9354885747
FURFURYL ALCOHOL,5777455.0898168795
"N,N-DIMETHYLACETAMIDE",4008772.7292984785
ACETAMINOPHEN,4213971.601728647
BIS(DIFLUOROMETHYL)ETHER,4203468.723834346
p-METHOXYPHENOL,4797178.508118455
2-METHOXYETHANOL,5237495.373897428
2-ETHOXYETHANOL,4249291.082894586
2-BUTOXYETHANOL,3268291.5489943824
2-(2-METHOXYETHOXY)ETHANOL,3680772.394400907
2-(2-ETHOXYETHOXY)ETHANOL,3323175.5423880857
2-AMINOETHOXYETHANOL,5428440.1422206815
ETHYLCHLOROACETATE,3815136.5642438675
ACETALDOXIME,6001068.207262971
"2-(DIFLUOROMETHOXY)-1,1,1-TRIFLUOROETHANE",3446874.703754473
TRIETHYLENE GLYCOL MONOMETHYL ETHER,3062091.72934027
SUCCINIMIDE,6677624.677881111
4-CARBOXYBENZALDEHYDE,3819903.31853318
THIOGLYCOLIC ACID,6087651.277548956
2-HYDROXYETHYL METHACRYLATE,3578493.5576778604
2-ACETOACETOXY ETHYL METHACRYLATE,2278274.6061001485
METHYL LACTATE,4219872.146101633
2-METHOXY PROPANOL-1,4088364.1157022244
TRIACETONE ALCOHOL,2754011.4200744545
BENZAMIDE,4910608.324409897
alpha-METHYLBENZYL ALCOHOL FORMATE,3195216.059912485
2-FORMYL BENZOIC ACID,3872822.4266311424
4-HYDROXYBUTYRALDEHYDE,4559369.1518252455
m-CHLORONITROBENZENE,3979200.4787273514
2-HYDROXYACETOPHENONE,4319340.217081904
4-HYDROXYACETOPHENONE,4339873.398947813
4-HYDROXYSTYRENE,4327742.49563197
ACETYLSALICYLIC ACID,3287125.8978800094
p-PHENETIDINE,3541573.1697926414
"2-METHYL-, 3-HYDROXY-2,2,4-TRIMETHYLPENTYL PROPANOATE",1777589.4406282858
ACETOL,5631697.203210741
ISOAGATHOLAL,1664536.5763128481
o-CHLOROPHENOL,5163310.476040605
m-CHLOROPHENOL,5173053.338131273
p-CHLOROPHENOL,5168643.328065306
PENTAFLUOROPHENOL,3974323.7378586736
1-ISOPROPOXY-2-PROPANOL,3254811.9958631685
2-CHLOROETHANOL,5901118.607588959
ISOPHTHALOYL CHLORIDE,3506519.1596471653
4-FORMYLMORPHOLINE,4674916.53582238
CHLOROSULFONIC ACID,8307970.984525058
NITROGEN TRICHLORIDE,6185269.128496498
ALUMINUM CHLORIDE,2644278.7936162697
TITANIUM TETRACHLORIDE,4663351.379020675
GERMANIUM TETRAHYDRIDE,5541716.306439488
DIMETHYLALUMINUM CHLORIDE,3415902.494941131
PERCHLORIC ACID,9131093.59892983
OCTAMETHYLTRISILOXANE,1459733.8686546742
OCTADECAMETHYLOCTASILOXANE,623263.3865516426
TETRAETHYL SILANE,2403361.9098217683
HEXADECAMETHYLHEPTASILOXANE,677346.3230871957
DIETHYLALUMINUM CHLORIDE,3110657.2235180344
DIISOBUTYLALUMINUM CHLORIDE,2824660.719367287
3-ETHYL HEPTANAL,2420675.5127054444
DIAMYL KETONE,2086492.4992666857
DIACETYL,4402217.361441512
DIMETHYLKETENE,4250881.917168457
1-CYCLOHEXYLETHANONE,3339314.3554312536
2-CYCLOHEXENYL CYCLOHEXANONE,2909316.6962451544
3-METHYLCYCLOPENTANONE,3975799.9564610235
METHYL GLYOXAL,5394362.596246466
trans-3-PENTEN-2-ONE,3881180.1926230732
3-BUTEN-2-ONE,4278465.450976475
2-BUTYL-1-DECANOL,1705829.294231957
2-METHYL-1-TRIDECANOL,1703588.795002607
2-METHYL-DODECAN-1-OL,1827568.3932866252
4-METHYL-1-OCTANOL,2505978.44134651
6-METHYL-1-OCTANOL,2528528.9055273836
3-ETHYL-1-HEPTANOL,2516871.681841275
THYMOL,3337483.6094590733
1-METHYL-3-HYDROXY-5-ISOPROPYL BENZENE,3291191.2769129425
1-METHYL-3-HYDROXY-6-ISOPROPYL BENZENE,3329895.4232080695
"1,2,3,6-TETRAHYDROBENZYL ALCOHOL",4007218.9951523477
1-DOCOSANOL,1012413.0217172755
CYCLOPENTANOL,4912965.8485209085
OLEYL ALCOHOL,1317390.888349013
o-tert-BUTYLPHENOL,3357723.7497858936
m-tert-BUTYLPHENOL,3321294.913671531
2-tert-BUTYL-6-PHENYL PHENOL,2463609.0370283215
o-ISOPROPYLPHENOL,3738645.7023919597
"cis-1,8-TERPIN",2951227.46957924
"trans-1,8-TERPIN",2951227.46957924
7-METHYL-1-OCTENE,2381458.223764221
ACETOACETIC ACID,4640033.207486023
m-TOLUIC ACID,3913266.908180004
OCTAHYDRO-PENTALENE-1-CARBOXYLIC ACID,3347929.9593335157
DODECANEDIOIC ACID,2148050.3354297304
TETRADECANEDIOIC ACID,1894246.0918961968
2-METHYL-1-NONENE,2170890.0458284034
8-METHYL-1-NONENE,2190138.536326112
cis-2-DECENE,2206475.359604942
trans-2-DECENE,2206475.359604942
cis-2-DODECENE,1910583.075550816
trans-2-DODECENE,1910583.075550816
CYCLOPROPANE CARBOXYLIC ACID,5872727.836174551
ERUCIC ACID,1034623.5985779956
ISOSTEARIC ACID,1323598.178599113
MALONIC ACID,6037795.466759383
4-HYDROXYMETHYL BENZOIC ACID,4306003.086408408
ISOBUTYRIC ANHYDRIDE,2721478.3849471896
"2,2,4-TRIMETHYL-1,3-PENTANEDIOL DIISOBUTYRATE",1376771.6916474474
n-CROTYL ACETATE,3311773.0280035175
sec-BUTENYL ACETATE,3359285.543782858
ETHYL TRIMETHYL ACETATE,2891798.4756549974
DI(2-ETHYLHEXYL) TEREPHTHALATE,1027376.7088117013
PHTHALIDE,4271343.09021107
ALLYL ACRYLATE,3382460.4698966257
DIALLYL PHTHALATE,2088721.0500996567
METHYL STEARATE,1081066.240023365
METHYL MYRISTATE,1367997.6820770022
METHYL PALMITATE,1260413.7715058988
ETHYL PHENYL ACETATE,2854270.4277445734
METHYL EICOSANOATE,1025234.0917011643
METHYL LINOLEATE,1270411.385129553
METHYL PALMITOLEATE,1398863.3288573087
METHYL LINOLENATE,1325609.2243201456
n-PENTYL n-BUTYRATE,2330364.9181291927
ISOPENTYL BUTYRATE,2345663.0008438914
ALLYLIDENE DIACETATE,2873975.4446291868
ETHYL PALMITATE,1177836.2388992792
ETHYL OLEATE,1098451.5144772748
ETHYL STEARATE,1046800.193681729
METHYL CAPRYLATE,2389926.5762569252
METHYL ERUCATE,940832.132956589
ISOPROPYL PALMITATE,1102006.8874758836
ETHYL CAPRATE,1777123.0200258978
ETHYL LAURATE,1511522.9008356293
ETHYL MYRISTATE,1364300.5229675244
ETHYL LINOLENATE,1181649.8744827488
ETHYL LINOLEATE,1137210.3673577458
ETHYL ERUCATE,894717.0291328043
TRICAPRYLIN,849582.7552707635
"1,6-HEXANEDIOL DIACRYLATE",1929239.984816691
2-(5H)-FURANONE,5485180.98625999
2-ETHYLHEXYL BENZOATE,1859354.860243274
DIBUTYL TEREPHTHALATE,1680190.323121714
DI-(2-ETHYLHEXYL) MALEATE,1079223.8281800214
DIMETHYL GLUTARATE,2748108.5900721713
MONOPALMITIN,1338308.4280569006
DIPROPYL SUCCINATE,1941179.3101592187
DIBUTYL SUCCINATE,1679413.8470629158
DIISOBUTYL HEXAHYDROPHTHALATE,1650202.9390523888
METHYL PENTADECANOATE,1327893.1350972592
METHYL HEPTADECANOATE,1164012.5068094132
DIMETHYL OXALATE,4117866.595924635
METHYL-E-CROTONATE,3677185.87362434
VINYLETHYLENE CARBONATE,4790882.309984976
DIMETHYL SUCCINATE,3093585.3733673804
DIOCTYL ADIPATE,1126763.3293651957
DI(2-ETHYLHEXYL) ADIPATE,1116215.6305703872
"BENZENE-1,2,4-TRICARBOXYLIC ACID TRIMETHYL ESTER",2317614.149107852
DIMETHYLMALONATE,3843340.3805042133
"2,4,6,8-TETRAOXANONANE",3060646.038340671
"2,4,6,8,10-PENTAOXAUNDECANE",2671176.0066324477
"2,4,6-TRIOXAHEPTANE",3615430.8534626514
"2,4,6,8,10,12-HEXAOXATRIDECANE",2363762.3073072652
"1,3,5-TRIETHYLBENZENE",2342096.5876448015
1-BROMODODECANE,1891274.1649798548
"1,2-DIBROMODODECANE",1975619.704488064
TRIFLUOROIODOMETHANE,3964851.731531075
DIFLUOROMETHYL METHYL ETHER,4388674.243210233
DIFLUOROMETHYL TRIFLUOROMETHYL ETHER,3401340.1788665424
"1,1,1,3,3-PENTAFLUOROBUTANE",3323785.5006468827
METHYL NONAFLUORO-N-BUTYL ETHER,2230169.201312944
"2,3,3,3-TETRAFLUOROPROPENE",3391038.482095506
"trans-1,3,3,3-TETRAFLUOROPROPENE",3679530.504905346
"2,2,4,4-TETRAFLUOROPENTANE",3227412.1389379534
1H-PERFLUORO-N-HEXANE,1938540.589439222
"trans-1-CHLORO-3,3,3-TRIFLUORO-1-PROPENE",3638847.9523508293
"1,1,1,2-TETRAFLUORO-2-CHLOROPROPANE",3286557.6740289717
"1,4-BIS(3-AMINOPROPYL)PIPERAZINE",2268159.726513473
CYCLOPROPANECARBOXAMIDE,5832703.114167419
CYCLOPROPYL CYANIDE,4529485.362507546
6-AMINOHEXANAMIDE,3474304.884386895
RDX,4124446.837796464
HMX,2514451.297881277
"1,5-PENTANEDIAMINE",3796384.0456660925
HEXANAMIDE,3492309.8547369344
"2,4-DIMETHYLANILINE",3641567.0443144892
"1,3-DIMETHYL-5-NITROBENZENE",3312757.4764756104
"2,6-DIETHYLNAPHTHALENE",2585146.9161662958
"3-(N,N-DIMETHYLAMINO) PROPYLAMINE",3563635.118485679
4-[2-(2-AMINOETHOXY)ETHYL]MORPHOLINE,2846162.628856714
2-(N-MORPHOLINO)-2'-HYDROXYDIETHYLETHER,2924572.551600865
1-n-PENTYLNAPHTHALENE,2400682.671892895
8-METHYLQUINOLINE,4004455.990408133
TRI-n-OCTYLAMINE,1008816.5206140868
2-BUTOXIME,4181178.713621016
N-METHYLPIPERIDINE,3744160.991420052
IMIDAZOLE,9167590.866493968
DIAMYLAMINE,2118506.1420387877
TRIAMYLAMINE,1497107.5960229621
UNDECYLAMINE,2045593.5309592145
NIACIN,4738269.826550159
L-PHENYLALANINE,3478660.1448608115
TETRYL,2612539.968748855
DI-n-OCTYLAMINE,1284631.3478308904
DI-2-ETHYLHEXYLAMINE,1459050.2781581052
TETRAMETHYLETHYLENEDIAMINE,2823923.4824590506
ETHYLDIETHANOLAMINE,3619902.5925878244
2-AMINODIPHENYL,3660091.8229147694
"1,2,3-TRIAZINE",5714590.649075457
"1,2,4-TRIAZINE",5712069.833230432
"1,3,5-TRIAZINE",5978671.284733329
1-METHYLIMIDAZOLE,6614025.674075091
"N,N-DIMETHYLCYCLOHEXYLAMINE",3000762.328927054
ACRIDINE,3496979.8715669885
"1,3-PROPANEDIAMINE",5453649.25204227
"4,4'-DINITRODIPHENYLAMINE",2629604.977756744
"4,4'-DINITROTRIPHENYLAMINE",2003283.0786430694
BENZIDINE,3357742.5525010563
"2,6-TOLUENE DIISOCYANATE",3077760.2200636785
N-ETHYLANILINE,3678084.92017177
DICYANDIAMIDE,5372868.229611126
DI-tert-BUTYL DISULFIDE,3095147.027886669
DI-tert-BUTYL SULFIDE,2640874.7238585525
2-METHYLTHIACYCLOPENTANE,4201912.300756749
2-PENTANETHIOL,3540099.6185742
METHYL ISOPROPYL SULFIDE,3987622.009412902
PHENOTHIAZINE,3929908.9821207672
2-ETHYL-TETRAHYDROTHIOPHENE,3812060.953163999
2-PROPYLBENZOTHIOPHENE,3179475.674941048
2-BUTYLBENZOTHIOPHENE,2856567.2676229184
2-ETHYLTHIOPHENE,4292415.51323738
2-n-PROPYLTHIOPHENE,3807971.77403252
"2,5-DIMETHYLTHIOPHENE",4282400.729125322
ETHYL METHYL DISULFIDE,4563872.946296677
ETHYL PROPYL DISULFIDE,3503958.4243378006
METHYL PHENYL SULFIDE,4019386.902080895
DI-n-BUTYL SULFIDE,2555885.9137639734
"2,7-DIMETHYLBENZOTHIOPHENE",3449111.609009131
DIISOPENTYLSULFIDE,2217065.6997251827
DIPHENYL DISULFIDE,3551844.50830143
4-METHYL DIBENZOTHIOPHENE,3368854.5261078957
ETHYL PROPYL SULFIDE,3462466.490579316
METHYL PENTYL SULFIDE,3113094.234356421
2-ETHYLBENZOTHIOPHENE,3482141.204552501
"2,3-DIMETHYLBENZOTHIOPHENE",3466001.7958838823
ETHYL n-PENTYL SULFIDE,2800614.470895972
"2,3,5-TRIMETHYLTHIOPHENE",3638575.0214451617
DIISOPROPYL SULFIDE,3195497.9206624874
"2,3-DIMETHYLTHIOPHENE",4189002.384545019
"3,4-DIMETHYLTHIOPHENE",4195833.883800009
3-ETHYLBENZOTHIOPHENE,3568589.5097046844
"3,5-DIMETHYLBENZOTHIOPHENE",3480967.051995181
ETHYL TERT-BUTYL DISULFIDE,3031094.1825628923
DI-n-BUTYL DISULFIDE,2518456.9293840923
ETHYL ISOPROPYL SULFIDE,3549386.8592115394
n-BUTYL ETHYL SULFIDE,3091634.2206972563
PROPYL ISOPROPYL SULFIDE,3112273.030777577
"2,6-DIMETHYL-1-BENZOTHIOPHENE",3436853.831019401
"3,7-DIMETHYL-1-BENZOTHIOPHENE",3514925.5549601098
3-ETHYLTHIOPHENE,4258619.169576161
ETHYLENE GLYCOL 2-ETHYLHEXYL ETHER,2238680.5725032953
PROPYLENE GLYCOL ETHYL ETHER ACETATE,2739000.284715723
DIPROPYLENE GLYCOL t-BUTYL ETHER,2227599.9382467354
DICHLOROACETIC ACID,5257409.394113334
PROPYLENE GLYCOL MONOMETHYL ETHER,4075125.531583849
DIPROPYLENE GLYCOL MONOMETHYL ETHER,2844543.5362636005
PROPYLENE GLYCOL 1-tert-BUTYL ETHER,2767257.9272935884
TRIPROPYLENE GLYCOL MONOMETHYL ETHER,2246337.4322944363
PROPYLENE GLYCOL 2-tert-BUTYL ETHER,2745140.391888693
DIETHYLENE GLYCOL MONOPROPYL ETHER,2996367.1994448067
p-CHLOROANILINE,4624660.7958105225
TRIETHYLENE GLYCOL n-BUTYL ETHER,2349064.013696317
TRIETHYLENE GLYCOL MONOETHYL ETHER,2776392.299401032
PROPYLENE GLYCOL MONOALLYL ETHER,3390377.697660248
"2,3-EPOXY-1-PROPANOL",5947018.7765077865
2-HEXOXYETHANOL,2682127.171465815
2-(2-HEXOXYETHOXY)ETHANOL,2367278.09498002
MONOOLEIN,1198778.3067409848
DIPROPYLENE GLYCOL n-PROPYL ETHER,2409696.4819475827
PROPYLENE GLYCOL n-PROPYL ETHER,3164192.4502896164
DIETHYLENE GLYCOL MONOBUTYL ETHER ACETATE,2134473.900268558
3-HYDROXY-2-METHYL PROPIONALDEHYDE,4633104.798050282
HYDROXYACETONITRILE,5853295.851221792
AMINOACETONITRILE,5521293.601797765
PHENYLACETONITRILE,3584210.3928772085
"N,N-DIETHYLHYDROXYLAMINE",4105245.2325846106
DI-n-BUTYL SULFATE,3267359.465127906
CROTYL GLYCOL ETHER,3399476.1859486806
sec-BUTENYL GLYCOL ETHER,3435147.1058694995
SUCROSE,2810929.8711902206
ETHYLENE GLYCOL DINITRATE,4091846.418410245
DIETHYLSULFITE,3838105.760634283
N-METHYLTHIOPYRROLIDONE,4369253.195749246
PENTAFLUOROETHYL TRIFLUOROVINYL ETHER,2766635.5162123106
TRIFLUOROMETHYL TRIFLUOROVINYL ETHER,3107597.9646657594
DIPROPYLENE GLYCOL MONOETHYL ETHER,2636731.469794255
TRIPROPYLENE GLYCOL MONOETHYL ETHER,1985505.2804262862
1-ETHOXY-2-PROPANOL,3649140.025706931
1-tert-BUTOXY-2-[2-(HYDROXY)PROPOXY]PROPANE,2289216.086459854
"N,N'-BIS(2-HYDROXYETHYL)ETHYLENEDIAMINE",3740359.2547405385
METHYL GLYCOLATE,5323425.462949501
METHANESULFONYL CHLORIDE,5270397.909804493
tert-BUTYL METHACRYLATE,2728018.4807554367
TRIMETHYL INDIUM,3828325.4791604285
TRIETHYL GALLIUM,2525793.712376092
TIN(IV) CHLORIDE,3751039.204009845
ARSENIC (III) CHLORIDE,5200850.243370474
TETRAETHOXYSILANE,2011074.060685792
gamma-AMINOPROPYLTRIETHOXYSILANE,1908985.1337509467
HEXADECAMETHYLCYCLOOCTASILOXANE,691956.7776563113
(3-METHYLACRYLOXYPROPYL)TRICHLOROSILANE,2113902.8905201736
METHYL CHLOROSILANE,4169607.454647824
METHYL DICHLOROSILANE,3931412.0694692223
METHYL TRICHLOROSILANE,3540329.069685472
VINYLTRICHLOROSILANE,3263940.0279654893
3-(TRIETHOXYSILYL)PROPIONITRILE,1766578.0960958796
TRIS(2-METHOXYETHOXY)VINYLSILANE,1775599.6258340336
METHYL SILICATE,2875048.607531381
3-CHLOROPROPYLTRIMETHOXYSILANE,2148802.6722106156
SULFUR DICHLORIDE,6505291.799192977
HYDROGEN SELENIDE,8792486.322950639
"[3-(2,3-EPOXYPROXY)PROPYL]TRIMETHOXYSILANE",1814144.46731817
3-CHLOROPROPYLTRICHLOROSILANE,2816787.3604051014
METHYLTRIACETOXYSILANE,1665239.684401103
ETHYLTRIACETOXYSILANE,1682257.2174696515
METHYLGERMANIUM TRICHLORIDE,3959869.562181273
BORON TRIBROMIDE,4920253.910827773
TRIETHYL ESTER PHOSPHOROUS ACID,5407647.338485799
PHOSPHORUS TRIFLUORIDE,4335656.129996019
GERMANIUM TETRAFLUORIDE,4596072.612967617
GERMANIUM TETRACHLORIDE,3857097.2290385053
TRIMETHYLALUMINUM,4108753.4647524394
TRIMETHYLGALLIUM,3956133.2757509463
TETRAETHYL LEAD,2315360.1987995314
ETHYL ALUMINUM DICHLORIDE,1956864.7470714631
3-CHLOROPROPYLDIMETHYLCHLOROSILANE,2619192.053775286
(3-GLYCIDOXYPROPYL)METHYLDIETHOXYSILANE,1603399.9400666049
PHOSPHORUS PENTAFLUORIDE,3714608.1211068872
"(3,3,3-TRIFLUOROPROPYL)METHYLDICHLOROSILANE",2524507.2917194953
BIS[3-(TRIMETHOXYSILYL)PROPYL]DISULFIDE,1309758.9192780212
MERCURY DICHLORIDE,11408664.644719414
METHYL SILANE,4688295.162153279
DIMETHYL SILANE,3611121.3139508287
TRIMETHYL SILANE,3204619.9738641432
TRIMETHYLCHLOROSILANE,3188037.5808706414
DIMETHYLDICHLOROSILANE,3518129.3067609663
DECAMETHYLCYCLOPENTASILOXANE,1036091.9223855827
DODECAMETHYLCYCLOHEXASILOXANE,900844.9439748038
DIPHENYLDICHLOROSILANE,2338091.623416536
ETHYLTRICHLOROSILANE,3289781.3458833904
DICHLORODIETHYLSILANE,3021385.2419857485
DIMETHYLMERCURY,6612333.575217863
HEXACHLOROSILANE,2766837.481381519
HEXACHLORODISILOXANE,2706977.4826980266
TRISILANE,3666211.975286489
ETHYLBENZENE HYDROPEROXIDE,3773448.6861437606
"2,6-DIAMINOTOLUENE",4597749.9784123935
ACETOVANILLONE,3536273.2742580087
VANILLIN,4086743.635251676
DIGLYCOLIC ACID,4474020.220368236
LEVULINIC ACID,3951132.8081977055
MALIC ACID,5485405.564611328
GUAIACOL,4776267.025312342
ETHYLENE GLYCOL MONOPROPYL ETHER,3689395.038852422
2-(2-BUTOXYETHOXY)ETHANOL,2741421.1879151347
m-CHLOROANILINE,4652942.3390509905
4-CHLORO-3-NITROBENZOTRIFLUORIDE,2749454.7786688553
"3,4-DICHLOROPHENYL ISOCYANATE",3542858.774323328
ETHYLENEDIAMINETETRAACETIC ACID,2236942.001551527
3-NITROBENZOTRIFLUORIDE,2806719.951186172
TRICHLOROACETALDEHYDE,4492549.972659508
TRICHLOROACETIC ACID,4806431.785630187
CHLOROACETALDEHYDE,5442561.383616449
DICHLOROACETALDEHYDE,5072743.33773376
"1-CHLORO-2,4-DINITROBENZENE",3511489.6094424073
p-DIMETHYLAMINOBENZALDEHYDE,3275160.627347749
ETHYL CHLOROFORMATE,4426205.252951889
METHOXYACETIC ACID,5059448.92547878
METHYL CHLOROFORMATE,5347993.4989736825
TETRACHLOROTHIOPHENE,3699589.515646429
"3,4-DICHLOROANILINE",4121460.8427936267
"1,2-DICHLORO-4-NITROBENZENE",3599354.7662636405
DEXTROSE,5584511.027199164
o-CHLORONITROBENZENE,3976194.4940864695
p-CHLORONITROBENZENE,3957019.7065530224
TRIETHYL PHOSPHATE,6760942.6600021785
TRIMETHYL PHOSPHATE,8344774.2468639
HYDROXYLAMINE,19336883.392504152
CYCLOHEXANONE OXIME,4619643.695776986
CARBAMYL CHLORIDE,7517213.195878468
VINYLTRIMETHOXYSILANE,2674340.3660688014
TRIMETHOXYSILANE,2903353.034682974
DIMETHYLDIMETHOXYSILANE,2678286.3004444507
PHENYLTRICHLOROSILANE,2953857.341312472
PHENYLMETHYLDICHLOROSILANE,2870788.768665977
TRIMETHYL SILANOL,3781160.9438481913
DECAMETHYLTETRASILOXANE,1174141.4729682966
PYRUVIC ACID,5582204.874566191
SULFAMIC ACID,10100616.915441217
BIS(CHLOROMETHYL)ETHER,4667067.6934873825
BIS(CYANOETHYL)ETHER,2835575.8508918127
3-AMINO-1-PROPANOL,5657858.692991808
1-AMINO-2-PROPANOL,5697458.253484139
METHYL CHLOROACETATE,4535219.0623100065
ETHYL THIOLACETATE,4071073.5248791925
ACETOACETANILIDE,3043536.2575570326
OXAZOLE,6345175.12597889
ACETANILIDE,3765418.0623898744
8-HYDROXYQUINOLINE,4357600.703165344
LACTONITRILE,5026750.281377086
LYSINE,3551227.7355839927
DIMETHYL SULFATE,7038792.822700075
DIETHYL SULFATE,6347575.905900796
L-GLUTAMIC ACID,4465309.551237138
ASCORBIC ACID,5300456.258923668
6-HYDROXYHEXANOIC ACID,3680927.572293493
CITRIC ACID,4942197.847124607
LACTIC ACID,5893425.3827339215
TARTARIC ACID,6141001.129810517
HYDROXYCAPROIC ACID,3665059.135980604
ETHYL LACTATE,3661532.186624348
2-ETHOXYETHYL ACETATE,3133062.934687604
DIETHYLENE GLYCOL ETHYL ETHER ACETATE,2590582.853513278
METHYL ACETOACETATE,3862805.5160605405
ETHYL ACETOACETATE,3259202.9653803823
METHYL CYANOACETATE,3846643.1704454636
ETHYL CYANOACETATE,3326975.4933417016
3-METHOXYPROPIONITRILE,3704863.145759337
ISOXAZOLE,6068509.056585658
"1,4-BENZENEDICARBOXYLIC ACID,BIS(2,3-DIHYDROXYPROPYL)ESTER",2903334.562980762
ETHYL HYDROGEN SULFATE,8896228.660633361
TEREPHTHALOYL CHLORIDE,3555658.69244873
PERFLUOROBUTANOIC ACID,2650527.5233628075
TRIDECAFLUOROHEPTANOIC ACID,2069121.6611296893
1-CHLORO-2-PROPANOL,4932441.770876045
ACRYLOXY PROPIONIC ACID,3438605.349208795
n-TETRASILANE,3175972.466225172
n-PENTASILANE,2781198.9891459467
PENTAMETHYLDISILOXANE,2030755.3396577016
PENTACHLORODISILANE,2830572.4283900266
"1,2-BIS(METHYLDICHLOROSILYL) METHANE",2404616.3671893273
"1,2-BIS(DIMETHYLCHLOROSILYL) METHANE",2187871.7355191195
CHLOROTRIETHYLSILANE,2681695.983458414
TRIETHYL SILANE,2678741.63879308
TRIMETHYLARSINE,3298556.2100146892
PROPANESULFONYL CHLORIDE,4199944.099340889
ETHANESULFONYL CHLORIDE,4763070.507689926
tert-BUTYLFORMAMIDE,3661308.169339732
CAFFEINE,2920932.0492513417
N-METHYLACETAMIDE,4966412.155735223
THIODIGLYCOL,4636405.711250463
THIOUREA,8227547.436012972
DIMERCAPTOETHYL ETHER,3690956.2101103114
2-MERCAPTOETHANOL,6287111.016795364
ETHYLTHIOETHANOL,4255188.013018139
"1,2-ETHANEDITHIOL",5352350.381979521
DIETHYLETHANOLAMINE,3268748.8102941597
METHYLETHANOLAMINE,5566978.336192041
DIMETHYLETHANOLAMINE,4152634.868273914
DIISOPROPANOLAMINE,3590944.4902138086
N-(2-HYDROXYETHYL)PIPERAZINE,4733926.223168244
3-METHOXYISOPROPYLAMINE,4160132.9923643675
ETHYLENE GLYCOL MONOBUTYL ETHER ACETATE,2612509.7860702574
ETHYL VANILLIN,3329692.71344508
2-HYDROXYETHYL ACRYLATE,3985294.704472072
2-HYDROXYPROPYL METHACRYLATE,3091308.1934282915
ETHYL 3-ETHOXYPROPIONATE,2809956.8060984756
BIS-(2-HYDROXYETHYL) TEREPHTHALATE,2471983.966635615
2-HYDROXYPROPYL ACRYLATE,3568435.9395389245
DI-(2-CHLOROETHOXY)METHANE,3067968.5447084433
SACCHARIN,5638396.627692597
1-METHYLVINYL ACETATE,3906852.5931212967
2-PENTOXYETHANOL,2968567.0674397154
1-CHLORO-3-PROPANOL,5098563.647332612
TRIFLUOROACETAMIDE,4981051.943980296
METHOXYACETONE,4197627.0881028315
DILACTIDE (dl),3641727.778637784
STIGMASTEROL,1140765.173853522
2-(2-PENTOXYETHOXY)ETHANOL,2525657.3370864224
METHYL-4-FORMYLBENZOATE,3201371.0118298167
HYDROXYPIVALYL HYDROXYPIVALATE,2583029.8123005307
TETRAETHYLENE GLYCOL MONOBUTYL ETHER,1808282.1749806036
METHYL para-TOLUATE,3166561.3207455315
PHENYL ACETATE,3594824.5638503744
4-[(TETRAHYDRO-2-FURANYL)OXY]-1-BUTANOL,3073231.1397445193
PROPYLENE GLYCOL n-BUTYL ETHER,2830448.72788348
DIPROPYLENE GLYCOL n-BUTYL ETHER,2266953.4289864074
MONOBUTYL SULFATE,7550295.873824807
TRIETHYLENE GLYCOL BIS(2-ETHYLHEXANOATE),1094694.2770541476
"4,6-DINITRO-o-sec-BUTYLPHENOL",2747871.9209277704
TRIMETHYL BORATE,3554048.13138526
t-BUTYL ACETOACETATE,2745239.3877249914
TRIETHYLENE GLYCOL n-PROPYL ETHER,2540333.0690816045
TRIETHYLENE GLYCOL n-HEXYL ETHER,1957355.7816364693
"1,3-DIMETHYL UREA",4871574.5345235085
MONOMETHYL UREA,6499281.399863688
BIS-(2-AMINOETHYL)ETHER,4567515.150689689
4-(2-AMINOETHYL)MORPHOLINE,3765024.4150816766
N-ETHYLMORPHOLINE,3709250.0118045453
PROPYLENE GLYCOL alpha-METHYLBENZYL ETHER,2491924.406536462
2-(alpha-METHYLBENZYLOXY)-1-PROPANOL,2522303.644974367
METHYL-3-MERCAPTOPROPIONATE,3922950.0177697795
HEPTAFLUOROPROPYL METHYL ETHER,2485373.14420561
1-METHOXY-2-PROPANOL PROPANOATE,2665925.4222789914
MONOMETHYL TEREPHTHALATE,3188718.7289650594
ETHYL LEVULINATE,2875995.8021763116
4-(2-METHOXYETHYL)MORPHOLINE,3119994.6407539947
4-(2-HYDROXYETHYL)MORPHOLINE,3985849.250738358
PENTAFLUORO(TRIFLUOROMETHYL)SULFUR,3350499.055624446
BIS(TRIFLUOROMETHYL)SULFIDE,3069518.073172799
"2,4-DIMETHYL-1,3-DIOXOLANE-2-METHANOL",3543065.4410877605
ACETOIN,4389975.21201906
"2-CHLORO-1,3-PROPANEDIOL",5245614.921267869
"1,3-DIMETHYL-2-IMIDAZOLIDINONE",4293875.146197296
N-ETHYL-2-PYRROLIDONE,4201953.858761979
ETHYL PHENYL CARBONATE,3009704.0083512603
TRI-n-BUTYL PHOSPHATE,1536565.787324849
5-(HYDROXYMETHYL) FURFURAL,4920199.799737667
LEVOGLUCOSAN,4843634.245078673
D-GALACTOSE,5587752.480979806
D-MANNOSE,5587752.480979806
2-AMINO-2-METHYL-1-PROPANOL,4864608.94061484
L-ARABINOSE,5825082.690232203
D-XYLOSE,5784803.100402694
o-ANISIDINE,4244149.464154394
"N,N'-DI(2-HYDROXYETHYL)PIPERAZINE",3346424.3504349706
TETRAETHYLENE GLYCOL MONOMETHYL ETHER,2565735.588126884
TETRAETHYLENE GLYCOL MONOETHYL ETHER,2240424.04951427
CELLOBIOSE,3754886.3526742957
alpha-HYDROXYISOBUTYRAMIDE,5318868.575906504
METHYL alpha-HYDROXYISOBUTYRATE,3581519.9287330536
METHYL alpha-METHOXYISOBUTYRATE,2949542.2942311987
2-OXAZOLIDONE,7072378.443628086
SYRINGOL,3784961.750549075
"FURAN 2,5-DICARBOXYLIC ACID",4470619.098386296
N-NITROSODIMETHYLAMINE,4910056.179520451
3-HYDROXYBUTYROLACTONE,5549729.033087528
N-NITROSODIETHANOLAMINE,4739998.4219218185
"2,4,6-TRINITROPHENOL",3591922.491518162
"2,4-DINITROPHENOL",3944871.889771256
"2,6-DINITROPHENOL",3911607.5687158024
VANILLIC ACID,3854326.9681593035
4-((2-HYDROXYETHOXY)CARBONYL) BENZOIC ACID,2936390.49408117
trans-ISOEUGENOL,3071911.43482551
"1,4-BENZENEDICARBOXYLIC ACID, 2-HYDROXYETHYL METHYL ESTER",2522426.3372181365
5-METHYL FURFURAL,4616957.847446026
ISOSORBIDE,5075809.824402211
4-METHYLGUAIACOL,4073590.628091646
METHYL RICINOLEATE,1195223.4990842913
SYRINGALDEHYDE,3277219.245291468
MALTOL,4920248.291772332
DIPHENYL CARBONATE,2617673.214135477
SALICYLIC ACID PHENYL ESTER,2688106.5490836888
D-FRUCTOSE,5804655.404172952
DIETHYLENE GLYCOL DIBENZOATE,1813409.833162518
DIPROPYLENE GLYCOL DIBENZOATE,1628246.1712354422
3-METHOXY-3-BUTEN-2-ONE,3974635.2015074263
"PIPERAZINE-2,5-DIONE",6910306.705388667
1-(2-HYDROXYETHYL) IMIDAZOLE,4890462.090107427
2-PENTANONE OXIME,3692010.719743704
"N,N-DIMETHYLOCTANAMIDE",2251045.5044641416
TRIETHYLENE GLYCOL DIBENZOATE,1672417.2783949787
"2,2-DIFLUOROETHYL ACETATE",3924773.435891095
1-HYDROXY-2-BUTANONE,4480548.448114362
"N,N,N'-TRIS(HYDROXYETHYL) ETHYLENEDIAMINE",2777451.6368938866
"N,N'-BIS(2-(2-HYDROXYETHOXY) ETHYL) UREA",2359732.442859259
4-ACETOXY-2-BUTANONE,3316622.5817955635
1-FORMYLPIPERIDINE,4390367.799102881
p-ANISIDINE,4181917.414278306
METHYL PHENYL CARBONATE,3403696.3810140886
