material or substance name,TC2D_pred
METHANE,343.4775715295042
ETHANE,323.9215974401903
PROPANE,382.9038897744182
ISOBUTANE,416.62107753879417
n-BUTANE,428.60477514408205
"1,1,3-TRIMETHYLCYCLOHEXANE",615.9912099066029
n-PENTANE,470.97214914451223
ISOPENTANE,466.90430460724764
NEOPENTANE,463.08707235677844
METHYLCYCLOPROPANE,447.83270114428416
n-HEXANE,508.0000824193481
2-METHYLPENTANE,499.5200021446909
3-METHYLPENTANE,503.4341506454702
"2,2-DIMETHYLBUTANE",492.4391243440635
"2,3-DIMETHYLBUTANE",501.4611527003636
1-METHYL-4-ISOPROPYLCYCLOHEXANE,642.0108670102693
n-HEPTANE,541.521390624568
2-METHYLHEXANE,532.120094562542
3-METHYLHEXANE,535.2679920318271
3-ETHYLPENTANE,537.8267078108765
"2,2-DIMETHYLPENTANE",523.9898428888492
"2,3-DIMETHYLPENTANE",533.749590549133
"2,4-DIMETHYLPENTANE",523.3552423373699
"3,3-DIMETHYLPENTANE",534.2677499794468
"2,2,3-TRIMETHYLBUTANE",529.7321901295455
n-HEXYLCYCLOHEXANE,688.3329439485606
n-OCTANE,569.1180259610609
2-METHYLHEPTANE,560.6375964802967
3-METHYLHEPTANE,563.7947486484906
4-METHYLHEPTANE,561.5712185920829
3-ETHYLHEXANE,564.7280995429007
"2,2-DIMETHYLHEXANE",552.7829270532343
"2,3-DIMETHYLHEXANE",561.3932585271233
"2,4-DIMETHYLHEXANE",555.0370275194749
"2,5-DIMETHYLHEXANE",554.0805434432096
"3,3-DIMETHYLHEXANE",562.5296978666407
"3,4-DIMETHYLHEXANE",567.3546210498355
2-METHYL-3-ETHYLPENTANE,565.5826050557804
3-METHYL-3-ETHYLPENTANE,573.9433411218023
"2,2,3-TRIMETHYLPENTANE",564.455204019426
"2,2,4-TRIMETHYLPENTANE",550.6315811405564
"2,3,3-TRIMETHYLPENTANE",569.813602006166
"2,3,4-TRIMETHYLPENTANE",564.5433943490756
"2,2,3,3-TETRAMETHYLBUTANE",563.8420144087996
n-NONANE,593.332516667218
"2,2,5-TRIMETHYLHEXANE",574.5817106418851
"3,3,5-TRIMETHYLHEPTANE",607.821969778108
"2,4,4-TRIMETHYLHEXANE",583.8029245107125
"3,3-DIETHYLPENTANE",603.7674610605591
"2,2,3,3-TETRAMETHYLPENTANE",603.5367639891604
"2,2,3,4-TETRAMETHYLPENTANE",593.227416233094
"2,2,4,4-TETRAMETHYLPENTANE",579.5613948212551
"2,3,3,4-TETRAMETHYLPENTANE",603.0521923494405
SQUALANE,820.3657358973393
n-DECANE,615.8054488711961
"2,2,3,3-TETRAMETHYLHEXANE",614.1062750678119
"2,2,5,5-TETRAMETHYLHEXANE",588.1567586702486
1-METHYL-DECALIN,708.7367053300567
1-ETHYL-DECALIN,712.9202730301139
iso-BUTYLCYCLOHEXANE,649.2054050674146
tert-BUTYLCYCLOHEXANE,648.8211756237586
n-UNDECANE,639.6598409404014
n-DODECANE,657.8928402055913
n-TRIDECANE,675.5517194246606
n-TETRADECANE,693.6972206050832
n-PENTADECANE,706.2405595615649
n-HEXADECANE,722.3683697686841
n-HEPTADECANE,734.2491235765804
n-OCTADECANE,747.1479572104853
n-NONADECANE,758.9796121012615
"2,2-DIMETHYLOCTANE",609.0080383057068
n-EICOSANE,772.502837865336
n-HENEICOSANE,781.0112355296737
n-DOCOSANE,790.8514884547099
n-TRICOSANE,802.2116560663491
n-TETRACOSANE,810.3349892044731
n-PENTACOSANE,817.8841616799946
n-HEXACOSANE,825.4299015770127
n-HEPTACOSANE,833.2804201568612
n-OCTACOSANE,841.088242386195
n-NONACOSANE,847.323473512979
3-METHYLNONANE,612.6244775429498
2-METHYLNONANE,610.4200517698304
4-METHYLNONANE,610.6380063016446
5-METHYLNONANE,609.5680613439844
"2,2,4,4,6,8,8-HEPTAMETHYLNONANE",686.7174865470528
2-METHYLOCTANE,584.7863969431162
3-METHYLOCTANE,587.6156941340562
4-METHYLOCTANE,588.6414703760098
3-ETHYLHEPTANE,590.2040752602587
"2,2-DIMETHYLHEPTANE",580.8207895240175
3-METHYLDECANE,634.7865563681477
3-METHYLDODECANE,670.1754382453889
3-METHYLTRIDECANE,686.0922026916844
3-METHYLUNDECANE,652.7928326061217
CYCLOPROPANE,413.32873082700286
CYCLOBUTANE,466.23431026654816
CYCLOPENTANE,510.79445565415176
METHYLCYCLOPENTANE,536.5034077756211
ETHYLCYCLOPENTANE,568.8341640227669
"1,1-DIMETHYLCYCLOPENTANE",552.3690775060293
"cis-1,2-DIMETHYLCYCLOPENTANE",559.0635147240315
"trans-1,2-DIMETHYLCYCLOPENTANE",559.0635147240315
"cis-1,3-DIMETHYLCYCLOPENTANE",555.3192491465253
"trans-1,3-DIMETHYLCYCLOPENTANE",555.3192491465253
n-PROPYLCYCLOPENTANE,598.1761479148428
ISOPROPYLCYCLOPENTANE,591.0013599889036
1-METHYL-1-ETHYLCYCLOPENTANE,590.5974611938966
1-cis-2-trans-3-TRIMETHYLCYCLOPENTANE,581.3324151115231
"1,1,3-TRIMETHYLCYCLOPENTANE",572.619140157815
1-cis-2-trans-4-TRIMETHYLCYCLOPENTANE,579.9670751444652
n-BUTYLCYCLOPENTANE,623.5613816921872
n-PENTYLCYCLOHEXANE,670.636225895653
2-METHYLDECANE,634.761231430628
2-METHYLUNDECANE,652.0627220569813
2-METHYLDODECANE,669.7040982722403
3-ETHYLDODECANE,689.3569901096192
2-METHYLTRIDECANE,684.8344736197232
"trans-2,n-HEXYL-DECAHYDRONAPHTHALENE",780.2599331156943
trans-1-ETHYL-3-METHYLCYCLOPENTANE,585.4675635713281
cis-1-ETHYL-3-METHYLCYCLOPENTANE,585.4675635713281
n-OCTYLCYCLOHEXANE,718.3701575071561
CYCLOHEXANE,555.6757951545052
METHYLCYCLOHEXANE,573.3517441669802
ETHYLCYCLOHEXANE,603.9518014158103
"1,1-DIMETHYLCYCLOHEXANE",593.004351001245
"cis-1,2-DIMETHYLCYCLOHEXANE",600.8647941565132
"trans-1,2-DIMETHYLCYCLOHEXANE",600.8647941565132
"cis-1,3-DIMETHYLCYCLOHEXANE",595.3033989191015
"trans-1,3-DIMETHYLCYCLOHEXANE",595.3033989191015
"cis-1,4-DIMETHYLCYCLOHEXANE",593.0371928241841
"trans-1,4-DIMETHYLCYCLOHEXANE",593.0371928241841
"1-trans-3,5-TRIMETHYLCYCLOHEXANE",617.9688188784169
n-PROPYLCYCLOHEXANE,626.8414848064583
ISOPROPYLCYCLOHEXANE,625.7280428187215
"1,2,3,4-TETRAMETHYLCYCLOHEXANE",641.597374810609
n-BUTYLCYCLOHEXANE,652.5619103427275
cis-DECAHYDRONAPHTHALENE,694.2896829840906
trans-DECAHYDRONAPHTHALENE,694.2896829840906
BICYCLOHEXYL,722.4034341065172
"1,1-DIETHYLCYCLOHEXANE",645.206825822531
n-DECYLCYCLOHEXANE,742.0165029662393
CYCLOHEPTANE,604.7863060489399
CYCLOOCTANE,639.1190231448545
"trans-1,4-DIETHYLCYCLOHEXANE",650.2352780928217
"2,3-DIMETHYLHEPTANE",588.349103837008
"2,3-DIMETHYLNONANE",634.0089379394346
"2,3-DIMETHYLDECANE",653.583999438758
"2,3-DIMETHYLUNDECANE",669.3375820499441
"2,3-DIMETHYLDODECANE",687.0828019083181
METHYLCYCLOBUTANE,497.6237152535224
"2,3,3-TRIMETHYLHEXANE",590.9112858901624
"2,6,10-TRIMETHYLDODECANE",691.7135939760068
"1,1-DIETHYLCYCLOPENTANE",622.9194218796507
ISOBUTYLCYCLOPENTANE,618.9745529435364
CYCLODECANE,696.9739828851481
n-PENTYLCYCLOPENTANE,646.7225857481303
n-HEXYLCYCLOPENTANE,667.4028415604341
"2,6-DIMETHYLHEPTANE",584.9980589832181
"3,4-DIMETHYLHEPTANE",590.2724826969813
"2,2,3-TRIMETHYLHEXANE",587.8708092880819
"2,2,4-TRIMETHYLHEXANE",581.7358737358416
"2,2-DIMETHYL-3-ETHYLPENTANE",590.3400477067325
"2,4-DIMETHYL-3-ETHYLPENTANE",591.5332939265694
ETHYLENE,301.7236674233557
PROPYLENE,377.56731238117493
1-TRIACONTENE,853.2615899674788
1-BUTENE,427.5876972929547
cis-2-BUTENE,430.9767388398277
trans-2-BUTENE,430.9767388398277
ISOBUTENE,423.3897598235142
"trans-2,2,4,6,6-PENTAMETHYL-3-HEPTENE",632.5336063561524
1-PENTENE,474.46258418198767
cis-2-PENTENE,474.4554039888348
trans-2-PENTENE,474.4554039888348
2-METHYL-1-BUTENE,466.08008785452523
3-METHYL-1-BUTENE,459.34533170451283
2-METHYL-2-BUTENE,469.87383769754
1-HEXENE,505.99227045274375
cis-2-HEXENE,510.9818268691036
trans-2-HEXENE,510.9818268691036
cis-3-HEXENE,510.2745207463562
trans-3-HEXENE,510.2745207463562
2-METHYL-1-PENTENE,508.5801616527578
3-METHYL-1-PENTENE,497.4009212058702
4-METHYL-1-PENTENE,497.28763851690417
2-METHYL-2-PENTENE,513.0411405664613
3-METHYL-cis-2-PENTENE,513.3954306952934
4-METHYL-1-HEXENE,533.2190940394877
4-METHYL-cis-2-PENTENE,500.50867962563444
4-METHYL-trans-2-PENTENE,500.50867962563444
2-ETHYL-1-BUTENE,508.6329675745614
"2,3-DIMETHYL-1-BUTENE",501.24677849662885
"3,3-DIMETHYL-1-BUTENE",484.78374780770815
"2,3-DIMETHYL-2-BUTENE",519.2980484477373
2-ETHYL-1-PENTENE,540.3384185764099
1-HEPTENE,540.6029629469666
cis-2-HEPTENE,545.0795081855972
trans-2-HEPTENE,545.0795081855972
trans-3-HEPTENE,543.6910343056185
2-METHYL-1-HEXENE,538.9525488759521
3-ETHYL-1-PENTENE,531.7376962862992
3-METHYL-1-HEXENE,530.5775963035692
3-ETHYL-1-HEXENE,558.7352152958476
4-METHYL-1-HEPTENE,559.4916048234664
cis-2-NONENE,597.2160802270987
trans-2-NONENE,597.2160802270987
VINYLCYCLOHEXANE,605.1973288396069
1-ETHYLCYCLOHEXENE,610.8212167095058
"2,3,3-TRIMETHYL-1-BUTENE",531.677559588499
cis-3-HEPTENE,543.6910343056185
1-OCTENE,570.5982619875505
trans-2-OCTENE,570.5777391076032
1-METHYLCYCLOHEXENE,583.7100405629654
"1,7-OCTADIENE",577.3809385773404
"2,4,4-TRIMETHYL-1-PENTENE",553.1570290544242
"2,4,4-TRIMETHYL-2-PENTENE",555.1649619625617
2-ETHYL-1-HEXENE,567.1336699113511
1-NONENE,594.9551592527732
1-DECENE,619.5788540760097
1-UNDECENE,642.727687655318
1-DODECENE,660.6196922441129
1-TRIDECENE,676.5105645954646
1-TETRADECENE,694.040835885132
1-PENTADECENE,707.7535926336082
1-HEXADECENE,723.079267254873
1-OCTADECENE,747.2841463527662
6-METHYL-1-HEPTENE,559.0440734141358
CYCLOPENTENE,507.8442031632981
CYCLOHEXENE,557.6656215634308
trans-2-EICOSENE,777.7852304467149
trans-2-PENTADECENE,704.3987353620923
CYCLOHEPTENE,601.6770927248895
CYCLOOCTENE,632.0903141037529
cis-2-OCTENE,570.5777391076032
trans-3-OCTENE,571.2217100591562
cis-4-OCTENE,570.8605946273544
trans-4-OCTENE,570.8605946273544
cis-3-OCTENE,571.2217100591562
1-HEPTADECENE,736.1771493071202
1-NONADECENE,760.5717811511015
1-EICOSENE,774.2933220961905
VINYLCYCLOHEXENE,606.9372818940884
1-METHYLCYCLOPENTENE,541.3350603828447
3-METHYLCYCLOPENTENE,533.9593961416615
4-METHYLCYCLOPENTENE,532.6729812211433
"2,3-DIMETHYL-1-HEXENE",561.3590300642338
d-LIMONENE,652.6291234423819
TERPINOLENE,661.3005542388108
PROPENYL CYCLOHEXENE,636.0483582236392
1-DOCOSENE,793.4356055200567
1-TETRACOSENE,812.3928977982738
1-HEXACOSENE,826.6764778458601
1-OCTACOSENE,838.6698753733972
METHYLENE CYCLOPENTANE,541.6915213777532
1-ETHYLCYCLOPENTENE,573.126900205576
3-ETHYLCYCLOPENTENE,567.512937747322
PROPADIENE,391.5455330795609
"1,2-BUTADIENE",449.86181647845444
"1,3-BUTADIENE",434.5281245222666
"1,2-PENTADIENE",496.4292844671252
"cis-1,3-PENTADIENE",489.4913374348876
"trans-1,3-PENTADIENE",489.4913374348876
"1,4-PENTADIENE",479.67712382410036
"2,3-PENTADIENE",497.65570124635786
ISOPRENE,482.9734239301966
"1,5-HEXADIENE",511.4608761054724
"3-METHYL-1,2-BUTADIENE",488.8223864799131
METHYLCYCLOPENTADIENE,546.3546538568264
"1,4-HEXADIENE",520.0622876267216
"trans,trans-2,4-HEXADIENE",535.4829282232213
CYCLOPENTADIENE,508.3998316256379
DICYCLOPENTADIENE,677.5137809587605
alpha-PHELLANDRENE,650.4830209225279
beta-PHELLANDRENE,648.8456204118044
"2,3-DIMETHYL-1,3-BUTADIENE",519.4521416266075
"cis,trans-2,4-HEXADIENE",535.4829282232213
"3-METHYL-1,4-PENTADIENE",504.6234586445428
"1,5,9-CYCLODODECATRIENE",739.9424998053198
"2,5-DIMETHYL-1,5-HEXADIENE",569.9430837888099
"2,5-DIMETHYL-2,4-HEXADIENE",570.730571102125
"1,3-CYCLOHEXADIENE",561.0171448810914
"1,4-CYCLOHEXADIENE",565.9837894723252
"1,5-CYCLOOCTADIENE",640.4374972274132
"trans-1,3-HEXADIENE",524.512998614
"trans-2-METHYL-1,3-PENTADIENE",528.8994063021045
"1,9-DECADIENE",614.2541934523724
"1,3,5,7-CYCLOOCTATETRAENE",642.622909058525
ACETYLENE,334.5843926216524
METHYLACETYLENE,392.2727907241163
ETHYLACETYLENE,443.45362172180927
DIMETHYLACETYLENE,459.2589538817572
1-PENTYNE,487.1064238596508
3-HEXYNE,537.8642298842044
2-HEXYNE,542.4766263226795
"3,3-DIMETHYL-1-BUTYNE",496.51402714911535
2-PENTYNE,504.9655846163698
1-HEXYNE,518.3245509502575
2-METHYL-1-BUTENE-3-YNE,495.36323124765875
1-OCTYNE,580.2324982216203
VINYLACETYLENE,450.2485572642187
3-METHYL-1-BUTYNE,473.25064481378024
1-PENTENE-3-YNE,514.5233898079754
1-PENTENE-4-YNE,504.5967754934863
DIPHENYLACETYLENE,825.5647121994076
1-NONYNE,603.1156401014908
1-DECYNE,627.7164798200607
BENZENE,564.4739115748437
TOLUENE,600.7703155114735
1-METHYLINDAN,697.7580710953853
ETHYLBENZENE,623.5005239178305
o-XYLENE,622.1994548769837
m-XYLENE,623.2991476967821
p-XYLENE,619.3976340968636
5-METHYLINDAN,708.13522542352
n-PROPYLBENZENE,641.4614064351647
CUMENE,641.174277101462
o-ETHYLTOLUENE,646.824458405699
m-ETHYLTOLUENE,640.189214161875
p-ETHYLTOLUENE,640.7044261270474
"1,2,3-TRIMETHYLBENZENE",660.6422281758311
"1,2,4-TRIMETHYLBENZENE",650.6613353457142
MESITYLENE,641.9373701654396
"3,5-DIISOPROPYLTOLUENE",686.1897189985776
n-BUTYLBENZENE,661.839403649896
ISOBUTYLBENZENE,654.1263601068129
sec-BUTYLBENZENE,662.153927908082
tert-BUTYLBENZENE,658.8267119750703
o-CYMENE,658.0186961219815
m-CYMENE,658.7801137445015
p-CYMENE,658.8783792867073
o-DIETHYLBENZENE,665.9670759352921
m-DIETHYLBENZENE,662.0463214972742
p-DIETHYLBENZENE,659.9313315169237
"4,4'-DIISOPROPYLBIPHENYL",823.8062077610018
QUATERPHENYL,978.8647436073658
"1,2,3,4-TETRAMETHYLBENZENE",687.3321136641301
"1,2,3,5-TETRAMETHYLBENZENE",679.8447468890898
"1,2,4,5-TETRAMETHYLBENZENE",678.134728625025
p-tert-BUTYL ETHYLBENZENE,684.8593917558882
"1,4-DI-tert-BUTYLBENZENE",711.542264897212
"1,3,5-TRI-tert-BUTYLBENZENE",722.3084834473411
"1,3,5-TRIISOPROPYLBENZENE",711.8336455288279
"1,6-DIMETHYLINDAN",713.7050409814615
"1,1,5-TRIMETHYLINDAN",713.8628882064742
PENTAMETHYLBENZENE,711.5660658313952
"1,2,4,5-TETRAISOPROPYLBENZENE",738.7544536485805
m-DIISOPROPYLBENZENE,672.2072274298444
p-DIISOPROPYLBENZENE,686.3559448563277
"1,2,4-TRIETHYLBENZENE",688.1570642409401
HEXAMETHYLBENZENE,736.1760199612523
"1,2,3-TRIETHYLBENZENE",685.7098230705628
n-HEPTYLBENZENE,714.254244827795
"2,6-DIMETHYLTETRALIN",728.4665954786363
"1,2,3,5-TETRAETHYLBENZENE",713.354824889091
n-DECYLBENZENE,753.1082719369753
PENTAETHYLBENZENE,734.5183624392504
HEXAETHYLBENZENE,755.1910883319601
CYCLOHEXYLBENZENE,737.4597626017195
BIPHENYL,776.3235432238946
p-TERPHENYL,893.6487149861716
m-TERPHENYL,886.4590250316134
o-TERPHENYL,866.0891737422199
"1,1-DIPHENYLETHANE",777.5953273311526
DIPHENYLMETHANE,780.2904367839964
"1,2-DIPHENYLETHANE",783.7637721563686
TRIPHENYLMETHANE,868.0493801510831
"2,4-DIPHENYL-4-METHYLPENTENE-1",799.6435651363407
n-PENTYLBENZENE,680.0010015689476
n-HEXYLBENZENE,699.7613580199771
n-OCTYLBENZENE,728.2948214074835
n-NONYLBENZENE,741.0118060594859
n-UNDECYLBENZENE,766.4521365288097
n-TRIDECYLBENZENE,788.9302240039956
n-TETRADECYLBENZENE,799.2043703151779
n-DODECYLBENZENE,777.3509619601417
5-ETHYL-m-XYLENE,659.4757543578165
2-ETHYL-m-XYLENE,672.4570324468874
2-ETHYL-p-XYLENE,666.1115745995072
4-ETHYL-m-XYLENE,665.112456930324
4-ETHYL-o-XYLENE,665.8483191993213
3-ETHYL-o-XYLENE,675.3488828267107
"2,3-DIMETHYL-2,3-DIPHENYLBUTANE",789.5434684973482
2-PHENYLBUTENE-1,666.7377455337278
cis-2-PHENYLBUTENE-2,669.4944601888589
trans-2-PHENYLBUTENE-2,669.4944601888589
1-METHYL-2-n-PROPYLBENZENE,660.9142980156735
1-METHYL-3-n-PROPYLBENZENE,656.2927478169431
1-METHYL-4-n-PROPYLBENZENE,657.6340685885953
"1,1,2-TRIPHENYLETHANE",856.39713840006
TETRAPHENYLMETHANE,969.1245035160408
"1,1,2,2-TETRAPHENYLETHANE",864.6901327150878
1-(4-ETHYLPHENYL)-2-PHENYLETHANE,775.9299813471686
"1,2-DIMETHYL-3-PROPYLBENZENE",685.1741945647916
"1,2,3-TRIMETHYL-4-ETHYLBENZENE",697.9274833554907
"1,2,4-TRIMETHYL-3-ETHYLBENZENE",696.503959919204
"1,2,4-TRIMETHYL-5-ETHYLBENZENE",689.7541972866466
1-(4-ETHYLPHENYL)-2-(4-ETHYLPHENYL)ETHANE,785.3000934623047
"2,2-DIPHENYL PROPANE",781.0000497987745
"2,4-DIISOPROPYLTOLUENE",690.6943627478802
"2,6-DIISOPROPYLTOLUENE",694.7692306012418
STYRENE,639.985973548093
o-METHYLSTYRENE,658.1759709622229
m-METHYLSTYRENE,657.7133947415725
5-o-TOLYL-2-PENTENE,702.2357305048195
o-ETHYLSTYRENE,668.5545279670916
m-ETHYLSTYRENE,670.7331955534737
p-ETHYLSTYRENE,672.8442163708088
CORONENE,1084.413541744419
p-METHYLSTYRENE,660.6455753183068
alpha-METHYLSTYRENE,650.7961607510621
m-DIVINYLBENZENE,689.0767902039354
ETHYNYLBENZENE,655.1526075780513
4-ISOBUTYLSTYRENE,719.5343708791677
p-DIVINYLBENZENE,690.7327552204422
cis-1-PROPENYLBENZENE,669.1172223956625
trans-1-PROPENYLBENZENE,669.1172223956625
p-ISOPROPENYLSTYRENE,709.5583455708933
p-tert-BUTYLSTYRENE,703.0663624167128
"1,1-DIMETHYLINDAN",711.1145239734767
1-ETHYLINDAN,707.2912581557921
4-tert-BUTYLTOLUENE,672.6851480584801
"1,4-DIMETHYLTETRALIN",722.4036600829068
"1-tert-BUTYL-3,5-DIMETHYLBENZENE",683.8809778337519
(2-METHYLBUTYL)BENZENE,672.2469825899354
"2,5-DIISOPROPYLTOLUENE",697.8443918029031
NAPHTHALENE,748.378379578039
1-METHYLNAPHTHALENE,771.9171980070042
2-METHYLNAPHTHALENE,772.8206522945161
1-ETHYLNAPHTHALENE,774.4651196432824
"1,2,3,4-TETRAHYDRONAPHTHALENE",713.3191271626981
"2,6-DIMETHYLNAPHTHALENE",775.9813417560928
1-PHENYLNAPHTHALENE,863.6121284203429
1-n-NONYLNAPHTHALENE,839.3088543246306
1-n-DECYLNAPHTHALENE,845.5292820596986
1-n-BUTYLNAPHTHALENE,790.829455317985
1-n-HEXYLNAPHTHALENE,808.7669876414877
"2,7-DIMETHYLNAPHTHALENE",775.028732415966
"1-n-HEXYL-1,2,3,4-TETRAHYDRONAPHTHALENE",783.7788491160185
FLUORANTHENE,918.4046273919568
1-n-PROPYLNAPHTHALENE,782.9604682162743
2-ETHYLNAPHTHALENE,772.1922158257913
1-METHYLINDENE,706.8786944928361
2-METHYLINDENE,710.4661585741353
"1,2,3-TRIMETHYLINDENE",733.3087369430235
METHYLCYCLOPENTADIENE DIMER,699.3771984933537
1-PHENYLINDENE,866.535693245966
TRIPHENYLETHYLENE,899.4295629754835
TETRAPHENYLETHYLENE,987.3242918644371
cis-STILBENE,799.6918839832023
trans-STILBENE,799.6918839832023
"trans-3,5-DIMETHOXYSTILBENE",862.9570641484083
FLUORENE,845.9687681199913
TRIPHENYLENE,986.9782944821325
INDENE,700.1923525588478
ANTHRACENE,879.997563881188
PHENANTHRENE,888.9663485470509
CHRYSENE,980.4959502641417
PYRENE,955.581677302619
ACENAPHTHENE,822.674076376162
ACENAPHTHALENE,812.087732085451
ADAMANTANE,700.4612524124572
VINYLNORBORNENE,631.7597237482587
DIAMANTANE,814.2082791359625
BENZO[a]PYRENE,1006.8986234059811
"1,3-DIMETHYLADAMANTANE",709.7709469315862
4-METHYLPHENANTHRENE,900.5100488381416
METHYLNORBORNENE,607.3444635083831
ETHYLNORBORNENE,629.1692779173147
INDANE,682.6140758802671
alpha-TERPINENE,651.3009943966202
gamma-TERPINENE,656.2355521143356
2-NORBORNENE,589.4167767506303
5-ETHYLIDENE-2-NORBORNENE,629.5843826109917
BENZANTHRACENE,979.8428572471273
NAPHTHACENE,982.6521062855827
sec-BUTYLCYCLOHEXANE,651.7564444085104
PIMARIC ACID,808.2920705578618
ISOPIMARIC ACID,808.131789317563
BICYCLO[2.2.1]HEPTANE,589.9703900310072
BICYCLO[2.2.2]OCTANE,627.090624898071
TRIAMANTANE,841.3990901476452
TETRAMANTANE,880.6391666179395
1-METHYLTETRALIN,715.9209478388818
1-ETHYLTETRALIN,726.4737967666124
BENZO[b]FLUORANTHENE,1005.4042752647675
CAMPHENE,643.1310574043988
alpha-PINENE,645.8490310145796
beta-PINENE,645.6844828173187
4-HYDROXY-2-PENTANONE,640.1715640456416
2-ETHOXY-1-PROPANOL,589.6291023442034
EUGENOL,747.1836774447162
PENTAETHYLENE GLYCOL MONOMETHYL ETHER,765.9961009628518
NITROUS OXIDE,387.9267561011642
NITROGEN DIOXIDE,384.53360761753953
OXYGEN,161.28984093496783
NITROGEN TRIOXIDE,435.0196837860511
NITROGEN,160.4462897875117
NITROGEN TETROXIDE,433.3494804313611
CARBON MONOXIDE,178.9138128792926
CARBON DIOXIDE,326.90213191080267
SULFUR DIOXIDE,426.507963981786
SULFUR TRIOXIDE,461.1453001009477
FLUORINE,152.03151715392644
CHLORINE,433.05912044401305
BROMINE,567.9103818135669
OZONE,277.61864219622333
ARSINE,371.06275083487185
FORMALDEHYDE,413.11727002555716
ACETALDEHYDE,429.72377868925884
PROPANAL,505.2388528039307
"1,2,3,6-TETRAHYDROBENZALDEHYDE",665.0315188508354
BUTANAL,535.3897706770215
2-METHYLPROPANAL,520.5466722462862
PENTANAL,565.464632673983
HEPTANAL,618.022015675038
HEXANAL,593.5975665479185
OCTANAL,633.280885809894
NONANAL,654.7220885087833
CYCLOHEXANECARBOXALDEHYDE,644.467472342348
2-ETHYLHEXANAL,620.2412025762675
GLYOXAL,513.3668495412255
2-METHYLHEXANAL,596.0072792443084
3-METHYLHEXANAL,596.3777447397185
2-METHYL-2-PENTENAL,598.8791775161093
2-ETHYL-2-HEXENAL,622.6723445968324
DECANAL,669.5244647889297
UNDECANAL,687.3178402462268
DODECANAL,701.5485361439556
TRIDECANAL,714.705296093971
2-METHYLBUTYRALDEHYDE,548.6809013418762
3-METHYLBUTYRALDEHYDE,549.4358864950431
GLYCOL ALDEHYDE,617.9075730391735
ACROLEIN,506.8008115645483
cis-CROTONALDEHYDE,554.0565721214481
trans-CROTONALDEHYDE,554.0565721214481
METHACROLEIN,531.3698199050015
2-PHENYLPROPIONALDEHYDE,688.3332220682929
o-TOLUALDEHYDE,694.001541616643
p-TOLUALDEHYDE,708.3702864146459
BENZALDEHYDE,692.1757179056106
SALICYLALDEHYDE,717.4750740282699
p-HYDROXYBENZALDEHYDE,808.2285771017637
TEREPHTHALDEHYDE,736.720967454426
m-TOLUALDEHYDE,695.6474894993764
2-METHYL OCTANAL,640.1543891846695
2-METHYLHEPTANAL,622.9824427576168
PARALDEHYDE,604.156187478721
ACETONE,501.1111913720608
METHYL ETHYL KETONE,531.5706285760427
3-PENTANONE,557.468277910495
METHYL ISOBUTYL KETONE,573.2573130874907
3-METHYL-2-PENTANONE,574.8456635595269
5-HEXEN-2-ONE,589.4204188134231
3-HEPTANONE,604.1170152797471
4-HEPTANONE,600.3140729650655
3-HEXANONE,584.0504182529844
2-PENTANONE,559.6202976354001
METHYL ISOPROPYL KETONE,552.5318652934203
2-HEXANONE,587.5084979901161
2-HEPTANONE,607.3784756770386
5-METHYL-2-HEXANONE,596.2956570101643
MESITYL OXIDE,592.8587224927783
"3,3-DIMETHYL-2-BUTANONE",566.5683665502416
DIISOBUTYL KETONE,610.266667619638
DIISOPROPYL KETONE,580.1176979627409
2-PYRROLIDONE,758.366100034566
N-METHYL-2-PYRROLIDONE,670.5641204362968
ETHYL ISOAMYL KETONE,612.8727069160756
5-NONANONE,636.2743170314054
2-NONANONE,648.8252991346553
ANTHRAQUINONE,890.7228305884411
ACETYLACETONE,631.0691348495897
ISOPHORONE,692.1599834268264
CYCLOPENTANONE,616.2508336908334
CYCLOHEXANONE,640.8298584289467
2-OCTANONE,629.573424441848
BENZOPHENONE,826.3966546719618
ACETOPHENONE,704.200619674009
beta-PROPIOLACTONE,648.2976102261189
gamma-BUTYROLACTONE,666.4288571434673
epsilon-CAPROLACTONE,722.3366145015837
gamma-VALEROLACTONE,690.0837239057985
ETHYL ISOPROPYL KETONE,570.383748749869
METHYL ISOPROPENYL KETONE,564.7169685504032
2-CYCLOHEXYL CYCLOHEXANONE,781.5219911979914
QUINONE,688.8176717790864
DIKETENE,627.998097577942
KETENE,398.15697520035985
METHANOL,492.17827472122127
ETHANOL,508.7693540659934
1-PROPANOL,534.3755238106719
ISOPROPANOL,513.8511808629895
1-BUTANOL,558.3335931839869
2-METHYL-1-PROPANOL,542.3493869103256
2-BUTANOL,539.2648344335523
2-METHYL-2-PROPANOL,512.0241042805022
1-PENTANOL,584.8953175888553
2-PENTANOL,564.4573830384925
2-METHYL-2-BUTANOL,547.452906354212
2-METHYL-1-BUTANOL,569.3504414871204
"2,2-DIMETHYL-1-PROPANOL",551.3985959060919
1-HEXANOL,606.8381566153897
2-HEXANOL,587.451296375901
3-HEXANOL,586.8967151160069
2-METHYL-1-PENTANOL,598.3695563235053
3-METHYL-1-PENTANOL,591.1363028332813
3-METHYL-3-PENTANOL,575.7087478687732
3-PENTANOL,561.7276580059113
2-ETHYL-1-HEXANOL,623.2543026302068
2-METHYL-1-HEXANOL,600.4730578282677
3-METHYL-1-BUTANOL,571.8163388832024
3-METHYL-2-BUTANOL,555.0333100402014
1-HEPTANOL,625.2512855728912
2-HEPTANOL,606.4033897499578
3-HEPTANOL,603.6211451657267
5-METHYL-1-HEXANOL,603.7872096602944
4-METHYL-2-PENTANOL,575.2511256091326
"o,p-BISPHENOL A",852.8863283322994
1-OCTANOL,644.967808869571
2-OCTANOL,628.1339020522029
1-NONANOL,652.6929867903342
2-NONANOL,643.6358145849722
1-DECANOL,684.5504735849972
1-UNDECANOL,697.1869703110079
8-METHYL-1-NONANOL,671.8448942442723
1-DODECANOL,713.937681889503
1-TRIDECANOL,726.2432081623491
1-TETRADECANOL,738.9704438978704
1-PENTADECANOL,750.1180466029654
1-HEXADECANOL,750.3380004840142
1-HEPTADECANOL,760.9278223489097
1-OCTADECANOL,781.9123274596803
2-ETHYL-1-BUTANOL,590.5376033222587
1-EICOSANOL,797.998693394389
1-NONADECANOL,789.5652309362382
2-METHYL-1-HEPTANOL,626.2332397949477
CYCLOHEXANOL,642.1004997158107
1-METHYLCYCLOHEXANOL,622.8530369715262
cis-2-METHYLCYCLOHEXANOL,618.439339708369
trans-2-METHYLCYCLOHEXANOL,618.439339708369
cis-3-METHYLCYCLOHEXANOL,626.7688600604591
trans-3-METHYLCYCLOHEXANOL,626.7688600604591
cis-4-METHYLCYCLOHEXANOL,621.7183993039481
trans-4-METHYLCYCLOHEXANOL,621.7183993039481
L-MENTHOL,666.3035025994878
SITOSTEROL,948.1551288217512
AGATHADIOL,840.1874619209116
alpha-TERPINEOL,676.2582460356126
beta-TERPINEOL,670.8734110369433
2-BUTYL-NONAN-1-OL,686.1562093293903
2-METHYL-1-UNDECANOL,673.3761526856719
TETRAHYDROFURFURYL ALCOHOL,647.3310944307303
ALLYL ALCOHOL,542.8000418248206
2-PHENYL-2-PROPANOL,694.2316109129523
2-BUTYL-OCTAN-1-OL,672.1878044826587
"2,3-XYLENOL",715.7780242981561
p-ISOPROPENYL PHENOL,739.9586799130612
"2,4-XYLENOL",711.7474150502504
4-METHYL-CYCLOHEXANE-METHANOL,666.0353339887915
"2,5-XYLENOL",708.9141804058795
"p,alpha-DIMETHYLBENZYL ALCOHOL",698.8927224722157
"2,6-XYLENOL",706.0528059298907
"3,4-XYLENOL",723.6015478289162
"3,5-XYLENOL",712.3831005457147
PROPARGYL ALCOHOL,571.1093198935262
BENZYL ALCOHOL,705.2178945087703
PHENOL,689.2873522312085
o-CRESOL,700.9423546416484
m-CRESOL,704.6662056846772
p-CRESOL,705.0109156138684
o-ETHYLPHENOL,707.393520565875
p-HYDROQUINONE,831.0091636578155
p-ETHYLPHENOL,716.8895390615058
p-tert-BUTYLPHENOL,727.6092185639842
BISPHENOL A,854.1932603085459
NONYLPHENOL,773.7387604407189
ETHYLENE GLYCOL,709.6694311811477
DIETHYLENE GLYCOL,740.4532133814195
TRIETHYLENE GLYCOL,758.6704944126888
TETRAETHYLENE GLYCOL,815.0701907627847
"1,3-DI-TERT-BUTYL GLYCERIN",671.7700028038967
XYLITOL,905.3704419738111
STYRENE GLYCOL,782.1245365145874
TETRAPROPYLENE GLYCOL,739.4193322282109
PENTAPROPYLENE GLYCOL,764.1591609962344
"2,2,4,4-TETRAMETHYL-1,3-CYCLOBUTANEDIOL",703.9727479743433
"1,2-PROPYLENE GLYCOL",669.7454348934189
"1,3-PROPYLENE GLYCOL",711.0154463545267
DIPROPYLENE GLYCOL,699.0532580512097
NEOPENTYL GLYCOL,675.547846182624
"2-BUTYNE-1,4-DIOL",693.122477178214
TRIPROPYLENE GLYCOL,721.6175055271568
"1,4-PENTANEDIOL",702.5590533287749
"2-BUTYL-2-ETHYL-1,3-PROPANEDIOL",718.0482208353826
"2-METHYL-1,3-PROPANEDIOL",699.3643904706585
"1,2-BUTANEDIOL",680.0348245166196
"1,3-BUTANEDIOL",690.4682619612104
HEXYLENE GLYCOL,640.1413755327072
ISOBUTYLENE GLYCOL,638.0954522190574
1-tert-BUTYL GLYCERIN,686.0564447864438
"1,2,6-HEXANETRIOL",788.4072864099761
"1,2-PENTANEDIOL",691.9735034991247
GLYCEROL,816.5487384304035
"1,2,3-BUTANETRIOL",787.7926224760332
MONO-TERT-BUTYLHYDROQUINONE,789.9997124912724
p-tert-BUTYLCATECHOL,781.156621002395
"2,2,4-TRIMETHYL-1,3-PENTANEDIOL",687.2972130604585
"2-METHYL-1,3-PENTANEDIOL",681.1268042259968
"2,3-BUTANEDIOL",660.79446385914
"cis-2-BUTENE-1,4-DIOL",678.8407378820018
"trans-2-BUTENE-1,4-DIOL",678.8407378820018
"1,4-BUTANEDIOL",713.9396217343108
"1,5-PENTANEDIOL",719.0568425274671
"1,6-HEXANEDIOL",721.2422059504046
"1,2-BENZENEDIOL",808.2061420752366
"1,3-BENZENEDIOL",829.2498885771885
PENTAERYTHRITOL,794.6056899266291
TRIMETHYLOLPROPANE,730.2141810735811
"1,2,3-BENZENETRIOL",836.7557620414577
INOSITOL,890.7786312975333
SORBITOL,913.2410283633789
FORMIC ACID,602.1300179284331
ACETIC ACID,616.1733416712175
PROPIONIC ACID,604.1214955450766
n-DECANOIC ACID,717.4066421106979
OXALIC ACID,747.5450748102136
n-BUTYRIC ACID,618.0159469457119
2-METHYLBUTYRIC ACID,641.6944720666171
n-PENTANOIC ACID,640.8508112689226
n-NONANOIC ACID,705.2503698042411
ISOBUTYRIC ACID,608.6989135986779
ISOVALERIC ACID,638.8484323687194
n-HEXANOIC ACID,660.1220848070329
2-METHYLHEXANOIC ACID,665.2907109126003
"1,4-CYCLOHEXANEDICARBOXYLIC ACID",828.1351714448011
n-OCTANOIC ACID,689.9574640671628
n-UNDECANOIC ACID,727.2788709613271
CYCLOPENTYLACETIC ACID,710.5993952781517
DILACTIC ACID,750.1364821226506
n-DODECANOIC ACID,739.9215758983723
n-TRIDECANOIC ACID,750.2253883209918
n-TETRADECANOIC ACID,759.9934167949804
n-HEXADECANOIC ACID,778.1175778555171
cis-CROTONIC ACID,654.5412404695932
trans-CROTONIC ACID,654.5412404695932
2-METHYLOCTANOIC ACID,690.5874448587814
n-OCTADECANOIC ACID,798.6255854735153
ACRYLIC ACID,621.802799305818
METHACRYLIC ACID,634.8830407631403
OLEIC ACID,785.3538479912725
LINOLEIC ACID,778.2684998859875
BENZOIC ACID,761.4723229745965
o-TOLUIC ACID,748.3168805578516
p-TOLUIC ACID,773.8486169794146
SALICYLIC ACID,807.4454431900067
ADIPIC ACID,836.3418067824016
MALEIC ACID,784.3446661690875
PHTHALIC ACID,806.9066543368891
ISOPHTHALIC ACID,818.4122721334334
TEREPHTHALIC ACID,867.0186817942382
PERACETIC ACID,585.1248082913967
ACETIC ANHYDRIDE,615.4940274621621
PROPIONIC ANHYDRIDE,629.759407156609
BUTYRIC ANHYDRIDE,644.6351639579483
PALUSTRIC ACID,802.3693726984288
SUCCINIC ANHYDRIDE,793.0198990330388
GLUTARIC ANHYDRIDE,801.5992697417316
PHTHALIC ANHYDRIDE,789.4180941890108
MALEIC ANHYDRIDE,737.2788870422886
TRIMELLITIC ANHYDRIDE,839.5685136333002
METHYL FORMATE,502.7260076079915
ETHYL FORMATE,513.438576171283
n-PROPYL FORMATE,550.9921227395998
n-BUTYL FORMATE,560.7426471654387
ISOBUTYL FORMATE,551.1949398925432
n-PENTYL FORMATE,584.8516524984503
n-OCTYL FORMATE,647.5216750749512
n-NONYL FORMATE,661.7803553836244
n-DECYL FORMATE,685.5251853129296
VINYL FORMATE,509.47250125151015
METHYL ACETATE,512.6336196649365
ETHYL ACETATE,530.6743954612145
n-PROPYL ACETATE,547.603410968386
n-BUTYL ACETATE,573.7701881217221
ISOBUTYL ACETATE,560.7423918447146
ISOPENTYL ACETATE,589.9950064053252
ALLYL ACETATE,562.8657097940311
ISOPROPYL ACETATE,535.782930849351
sec-BUTYL ACETATE,556.8774289739687
VINYL ACETATE,533.6777927282988
METHYL PROPIONATE,542.4970002968337
ETHYL PROPIONATE,546.868088949406
n-PROPYL PROPIONATE,572.1192542016968
n-BUTYL PROPIONATE,596.0127337126044
n-PROPYL n-BUTYRATE,594.593543100564
VINYL PROPIONATE,560.2446706961027
METHYL n-BUTYRATE,553.5706180169079
ETHYL n-BUTYRATE,570.7446899353204
n-PROPYL ISOBUTYRATE,582.284263300056
ETHYL CAPRYLATE,651.6433809298483
METHYL ACRYLATE,555.821053204014
ETHYL ACRYLATE,557.983052917896
n-PROPYL ACRYLATE,572.8672263580742
n-BUTYL ACRYLATE,601.374472352625
n-BUTYL NONANOATE,684.7445439179812
n-BUTYL VALERATE,631.7720529646716
ETHYL ISOVALERATE,585.2119003838425
METHYL METHACRYLATE,568.6523609571159
ETHYL METHACRYLATE,568.9645700882428
n-PROPYL METHACRYLATE,589.618795344534
DIOCTYL PHTHALATE,833.954487676246
DIISOOCTYL PHTHALATE,845.7451740058069
"1,2-BENZENEDICARBOXYLIC ACID, HEPTYL, NONYL ESTER",845.0209774183791
n-PENTYL ACETATE,600.0642019984458
2-ETHYLHEXYL ACETATE,643.8220002534923
BENZYL ACETATE,701.5941039916945
ISOBUTYL ISOBUTYRATE,601.9804474700042
ISOPENTYL ISOVALERATE,640.5517318403106
METHYL OLEATE,776.2838768919294
n-HEXYL ACETATE,619.7242610664455
BENZYL BENZOATE,815.0646426727657
n-BUTYL BENZOATE,724.493934735628
ETHYLENE CARBONATE,751.2277485731047
n-HEPTYL ACETATE,638.531238052041
n-OCTYL ACETATE,652.730263880636
n-NONYL ACETATE,676.5426350537451
n-DECYL ACETATE,682.3257638655065
DIISODECYL PHTHALATE,844.1973292505015
DI-n-HEPTYL PHTHALATE,837.2105492668605
METHYL SALICYLATE,728.098630203957
DI-n-NONYL PHTHALATE,857.0315789441102
DI-n-PROPYL PHTHALATE,785.4229714948201
DIISOBUTYL PHTHALATE,773.1839905699868
DIMETHYL ISOPHTHALATE,768.7205829298778
DI-n-DECYL PHTHALATE,876.2799352261915
DI-n-UNDECYL PHTHALATE,887.3361484421947
DI-n-HEXYL PHTHALATE,837.6394376893629
DIMETHYL TEREPHTHALATE,776.1438697118267
DI-n-OCTYL TEREPHTHALATE,849.7555726689532
n-BUTYL STEARATE,779.0184363096862
DIBUTYL SEBACATE,769.3472431648177
n-BUTYL n-BUTYRATE,616.3908868201717
2-ETHYLHEXYL ACRYLATE,659.4741312151092
ETHYLENE GLYCOL DIACETATE,651.3750590795262
ISOBUTYL METHACRYLATE,609.6905820680809
n-BUTYL METHACRYLATE,616.0568684662619
METHYL BENZOATE,694.3468725026706
ETHYL BENZOATE,698.1430919547613
DIETHYL CARBONATE,588.6715879804416
DIETHYL OXALATE,627.0327477904486
DIETHYL MALONATE,654.3631031868263
METHYL DECANOATE,686.7465138576554
ISOPROPYL MYRISTATE,737.2539866267751
"DIMETHYL-1,4-CYCLOHEXANEDICARBOXYLATE",756.7701327778756
TRI-n-HEPTYL TRIMELLITATE,878.7258523973571
"1,2-BENZENE DICARBOXYLIC ACID, HEPTYL, UNDECYL ESTER",855.8922654378466
2-METHYLTETRAHYDROFURAN,543.8806522574592
DIMETHYL ETHER,416.9021435820633
DIETHYL ETHER,477.6136363976453
DIISOPROPYL ETHER,507.2456261897252
DI-n-BUTYL ETHER,585.8548174142824
METHYL tert-BUTYL ETHER,498.3617887054996
DI-sec-BUTYL ETHER,561.5243906390087
METHYL ETHYL ETHER,441.1139776616404
METHYL n-PROPYL ETHER,479.28964172185954
ISOPROPYL BUTYL ETHER,551.8582155085228
METHYL ISOBUTYL ETHER,500.8133868127857
METHYL ISOPROPYL ETHER,470.64358898090086
DI-n-HEXYL ETHER,664.981689820746
METHYL n-BUTYL ETHER,516.1376119701133
DIVINYL ETHER,472.4999745505058
ETHYL PROPYL ETHER,505.9628453537321
DINONYL ETHER,743.2638041153539
PHTHALAN,700.4246613368892
ANETHOLE,719.1127975363081
"1,4-DIOXANE",587.7436398119432
TRIOXANE,614.2587720042902
DI-tert-BUTYL ETHER,548.8971979817754
DI-n-OCTYL ETHER,715.0859091515989
DI-n-PENTYL ETHER,628.1904176803059
METHYL sec-BUTYL ETHER,507.6692105206519
METHYL tert-PENTYL ETHER,529.3206305108773
tert-BUTYL ETHYL ETHER,512.7512609249371
METHYL n-PENTYL ETHER,543.9731021625342
ETHYL tert-PENTYL ETHER,544.9070511422545
METHYLAL,505.23583798212314
ACETAL,547.0980441815657
ISOPROPYL ISOBUTYL ETHER,542.1020090222573
ETHYL ISOBUTYL ETHER,523.815201526513
"1,2-EPOXY-3-PHENOXYPROPANE",711.9627767275383
TRIETHYL ORTHOFORMATE,590.3892185809196
METHYL HYDROPEROXIDE,541.5386916235861
ETHYL HYDROPEROXIDE,559.0488207462168
"3,5-DIMETHYLBENZOFURAN",733.2793774705501
"1,2-EPOXY-2-METHYLPROPANE",503.9892827876644
ETHYLENE OXIDE,458.8047896899175
"1,2-PROPYLENE OXIDE",480.82666275762733
"1,3-PROPYLENE OXIDE",478.6508173849586
ETHYL VINYL ETHER,480.511980139926
DI-n-PROPYL ETHER,534.8636611634298
BUTYL VINYL ETHER,541.7482422883246
n-BUTYL ETHYL ETHER,534.0601742245369
BIS(alpha-METHYLBENZYL) ETHER,779.0895515160254
n-PROPYLBENZENE HYDROPEROXIDE,740.8621381093141
n-BUTYLBENZENE HYDROPEROXIDE,754.3771983732665
TETRAHYDROPYRAN,571.488161066694
ALLYL ETHER,552.3920339311792
TRIETHYLENE GLYCOL DIMETHYL ETHER,658.7254998403216
"1,2-DIMETHOXYETHANE",540.4445023107912
DIETHYLENE GLYCOL DIMETHYL ETHER,608.9623040446915
TETRAETHYLENE GLYCOL DIMETHYL ETHER,706.4471416505904
DIETHYLENE GLYCOL DIETHYL ETHER,638.7153233603668
DIETHYLENE GLYCOL DI-n-BUTYL ETHER,686.4096431176303
BENZYL ETHYL ETHER,666.8073470661814
ANISOLE,654.3366708702723
PHENETOLE,654.41153080865
DIBENZYL ETHER,782.8222213067172
ALLYL GLYCIDYL ETHER,624.8959222265846
DIPHENYL ETHER,775.4018542460202
1-METHYL-3-(METHYLETHOXY)BENZENE,676.1779748449355
"2,3,4,5,2',3',4',5'-OCTAHYDRO-BIFURYL-(3,3')",718.8978359992241
"1,1-DIMETHOXYETHANE",519.9706455183256
PENTAETHYLENE GLYCOL DIMETHYL ETHER,760.8130197895167
METHYL VINYL ETHER,445.06101353292587
"1,2-EPOXYBUTANE",528.1331653887513
CUMENE HYDROPEROXIDE,646.6783817200889
t-BUTYL HYDROPEROXIDE,562.7262363831544
CYCLOHEXYL HYDROPEROXIDE,676.9930778672161
DICUMYL PEROXIDE,852.1777600667044
p-MENTHANE HYDROPEROXIDE,700.5622729523554
"2,5-DIHYDROFURAN",535.2461996929678
FURAN,509.8558260480454
TETRAHYDROFURAN,535.6512430113536
DIBENZOFURAN,840.4364953337235
BENZOYL PEROXIDE,835.8198701592987
DI-t-BUTYL PEROXIDE,559.1335595973827
n-BUTYLHYDROPEROXIDE,574.7821530783139
m-DIISOPROPYLBENZENE HYDROPEROXIDE,793.6075289799655
2-METHYLBENZOFURAN,713.774730195296
p-DIISOPROPYLBENZENE HYDROPEROXIDE,802.7121725491214
ALLYL-TERT-BUTYLPEROXIDE,573.8711731948229
1-tert-BUTOXY-2-[2-(tert-BUTOXY)PROPOXY]PROPANE,715.394002032827
"1,2-DIMETHOXYPROPANE",544.3571488178828
sec-BUTYL-tert-BUTYL ETHER,556.6745617584737
ISOBUTYL-tert-BUTYL ETHER,551.2634484381675
"2-METHYL-1,3-DIOXOLANE",565.0846730212565
DIMETHYL PEROXIDE,464.972028679866
"2,5-DIMETHYLTETRAHYDROFURAN",557.5656502255974
"2,5-DIMETHYLFURAN",572.0997732848467
"1,3-DIOXOLANE",556.6994134463486
"2,3-BENZOFURAN",701.3733508352818
"1,3-DIMETHOXYPROPANE",550.8858518007146
CARBON TETRACHLORIDE,561.8313780866606
METHYL CHLORIDE,411.9287871412325
ETHYL CHLORIDE,457.7779347586629
VINYL CHLORIDE,439.679961432226
"1,4-DICHLORO-trans-2-BUTENE",636.5374114691872
"cis-1,3-DICHLOROPROPENE",598.2481668933782
"trans-1,3-DICHLOROPROPENE",598.2481668933782
"1,4-DICHLOROBUTANE",634.695432647093
"1,5-DICHLOROPENTANE",657.7271762925294
METHYL MERCURY CHLORIDE,835.3707395406633
DICHLOROMETHANE,504.4882967978316
"1,1,1,3,3-PENTACHLOROPROPANE",665.2506541986771
CHLOROFORM,533.9880314592556
"1,1-DICHLOROETHANE",520.2888726932667
"1,2-DICHLOROETHANE",552.5079841809991
"1,1,2-TRICHLOROETHANE",597.1660347035162
HEXACHLOROETHANE,633.0685018784758
"1,2-DICHLOROPROPANE",576.2739801413501
"1,1,1-TRICHLOROETHANE",549.9424146204439
"1,1,1,2-TETRACHLOROETHANE",621.7533402803099
"1,1,2,2-TETRACHLOROETHANE",637.5909006246719
ISOPROPYL CHLORIDE,490.5479954353715
PROPARGYL CHLORIDE,527.6395763027463
"1,2,3-TRICHLOROPROPANE",641.1168248761985
ISOBUTYL CHLORIDE,528.2366771549414
tert-BUTYL CHLORIDE,507.8321744742628
"1,2-DICHLOROBUTANE",603.7958623791274
"2,3-DICHLOROBUTANE",592.3586691285008
TRICHLOROETHYLENE,579.8030323780989
TETRACHLOROETHYLENE,612.6837092239292
3-CHLOROPROPENE,513.0786688323631
CHLOROCYCLOHEXANE,640.4994895688379
"HEXACHLORO-1,3-BUTADIENE",701.0338284492284
BENZYL CHLORIDE,683.811319453146
3-CHLORO-o-XYLENE,687.776060381227
4-CHLORO-o-XYLENE,686.6342812678467
MONOCHLOROBENZENE,645.1842669006169
o-DICHLOROBENZENE,699.4592283969714
m-DICHLOROBENZENE,687.0370809651329
p-DICHLOROBENZENE,687.5081783108817
HEXACHLOROBENZENE,789.338684176079
BENZOTRICHLORIDE,729.9811749397085
o-CHLOROTOLUENE,664.154787894321
p-CHLOROTOLUENE,664.1265765556374
"2,4-DICHLOROTOLUENE",711.1043673568566
"cis-1,2-DICHLOROETHYLENE",531.7089317161525
"trans-1,2-DICHLOROETHYLENE",531.7089317161525
HEXACHLOROCYCLOPENTADIENE,741.8078566540721
CHLOROPRENE,524.824910294393
PROPYL CHLORIDE,507.33716848452906
n-BUTYL CHLORIDE,537.0520400759792
sec-BUTYL CHLORIDE,523.064751078187
1-CHLOROPENTANE,571.1865232024231
1-CHLORONAPHTHALENE,789.4233581404136
PENTACHLOROETHANE,651.1026100065435
"1,1-DICHLOROETHYLENE",498.7925330818993
"1,2,4-TRICHLOROBENZENE",726.8789200601935
"1,4-DICHLORO-cis-2-BUTENE",636.5374114691872
CYANOGEN CHLORIDE,484.30046927960547
2-CHLOROPROPENE,484.1891104842094
m-CHLOROBENZOYL CHLORIDE,722.5266379714323
"3,4-DICHLORO-1-BUTENE",596.1209795567764
"(Z)-1,3-DICHLORO-2-BUTENE",592.9539720769304
BENZYL DICHLORIDE,719.7461134730643
CHLOROFLUOROMETHANE,413.41589760602113
DICHLORODIFLUOROMETHANE,398.62646554296913
TRICHLOROFLUOROMETHANE,482.9315243961921
"1,4-DIBROMOBENZENE",740.6098449274027
CHLORODIFLUOROMETHANE,375.8086968659087
CHLOROTRIFLUOROMETHANE,314.2678959658438
"2-CHLORO-1,1,1-TRIFLUOROETHANE",424.62612361270476
"1,2-DICHLOROTETRAFLUOROETHANE",418.94448274121686
PENTAFLUOROETHYL METHYL ETHER,414.96072881443274
"1,2-DIBROMOTETRAFLUOROETHANE",479.77419345824296
"2-CHLORO-1,1-DIFLUOROETHYLENE",411.8207822234776
METHYL FLUORIDE,337.7341431327988
DIFLUOROMETHANE,342.1490496160296
TRIFLUOROMETHANE,314.19188492126335
CARBON TETRAFLUORIDE,270.8994221933327
ETHYL FLUORIDE,386.165961447371
"1,1,1-TRIFLUOROETHANE",359.8122000255209
"1,1,1,3,3,3-HEXAFLUOROPROPANE",396.7003130157052
"HEXAFLUORO-1,3-BUTADIENE",406.3224142394236
DECAFLUOROBUTANE,386.5427821235135
PERFLUORO-n-HEXANE,462.404154265148
"1,1,1,2,2,3,4,5,5,5-DECAFLUOROPENTANE",461.8793151320467
PERFLUORO-n-OCTANE,500.4102664657344
PERFLUORO-n-NONANE,522.5265869448249
PERFLUORO-n-DECANE,541.0575736104332
"1,1-DIFLUOROETHYLENE",327.1254537461177
TETRAFLUOROETHYLENE,306.8836065691738
PERFLUORO-n-DODECANE,591.8264076056482
BROMODIFLUOROMETHANE,404.8044293655768
"1,3-DIFLUOROBENZENE",555.4786739293261
"1,2-DIFLUOROBENZENE",565.3962866116776
"1,1-DIFLUOROETHANE",398.9524192856994
BROMOMETHANE,456.1943117622646
BROMOETHANE,506.3384748762378
PENTAFLUOROETHANE,346.6263322435122
"1,1,2,2-TETRABROMOETHANE",757.69197072963
1-BROMOPROPANE,565.0843505057794
2-BROMOPROPANE,534.4036500440333
"1,2-DIBROMOPROPANE",641.5164191964775
"1,3-DIBROMOPROPANE",668.6729904686928
1-BROMOBUTANE,580.8630750368894
1-BROMOHEPTANE,649.0025244710258
"1,1-DIBROMOETHANE",620.0476522489838
"1,2-DIBROMOETHANE",645.4766520169011
m-DIBROMOBENZENE,748.8055442501457
"1,1,1-TRICHLOROTRIFLUOROETHANE",481.83870205285996
BROMOBENZENE,677.8046230193585
METHYL IODIDE,517.2322339772877
ETHYL IODIDE,556.6705202572618
n-PROPYL IODIDE,591.5152608678535
ISOPROPYL IODIDE,575.464937762988
"1,4-DIFLUOROBENZENE",560.4473478447615
IODOBENZENE,706.3982959558613
DIIODOMETHANE,751.5396582850196
"1,1-DICHLOROTETRAFLUOROETHANE",422.3413294822887
"2,2-DICHLORO-1,1,1-TRIFLUOROETHANE",454.5175535409799
DICHLOROFLUOROMETHANE,448.989430317964
1-BROMONAPHTHALENE,809.7036839235584
TRIBROMOMETHANE,674.5014407251077
HEXAFLUOROPROPYLENE,363.24691774341494
"1,4-BUTANEDIISOCYANATE",726.435836773488
METHYLAMINE,436.7463159675176
DIMETHYLAMINE,441.60866052475257
TRIMETHYLAMINE,439.2490084886733
ETHYLAMINE,461.256640192813
2-METHYL-2-AMINOBUTANE,546.732653820218
TRIETHYLAMINE,537.7998109947126
DI-n-PROPYLAMINE,553.6730248386212
"N,N-DIMETHYL-n-BUTYLAMINE",539.0898824802273
"N,N-DIETHYLMETHYLAMINE",512.0198216643425
DIETHYLAMINE,504.36580771233076
n-PROPYLAMINE,495.3835245441357
n-BUTYLAMINE,529.7470016038125
n-PENTYLAMINE,571.8774239266995
ISOBUTYLAMINE,515.2931996283849
CYCLOPROPYLAMINE,507.4715747056706
HYDRAZINE,634.864880859599
DIISOBUTYLAMINE,584.0646084325497
ISOPROPYLAMINE,481.94649578035694
n-TETRADECYLAMINE,730.0668457674387
PYRROLE,563.0708732784582
METHYL DIETHANOLAMINE,728.772390132974
MONOETHANOLAMINE,670.2092489891993
DIETHANOLAMINE,731.9760107657587
TRIETHANOLAMINE,780.8325816356522
sec-BUTYLAMINE,516.3403248336577
tert-BUTYLAMINE,493.56287907624267
CYCLOHEXYLAMINE,627.0025347415088
DEHYDROABIETYLAMINE,858.3100528342151
HEXAMETHYLENEDIAMINE,684.364902287837
"2,4-DIAMINOTOLUENE",804.4925738206435
BENZYLAMINE,710.3541551150792
TRIETHYLENEDIAMINE,655.9250811235006
"1,3-DIPHENYLTRIAZENE",837.0709854391229
o-TOLUIDINE,712.6208241712366
m-TOLUIDINE,710.5527567854203
p-TOLUIDINE,715.0024200297232
TRIETHYLENETETRAMINE,766.3706351679672
ALLYLAMINE,507.6592729283647
ETHYLENEDIAMINE,627.2721640415475
ETHYLENEIMINE,513.3219068641398
DIISOPROPYLAMINE,528.9864674661924
DI-n-BUTYLAMINE,603.9222594240435
PIPERIDINE,589.3603655861862
p-NITRODIPHENYLAMINE,821.481090467037
p-AMINODIPHENYLAMINE,875.3982249052332
QUINOLINE,775.8451108964576
FORMANILIDE,772.3183184208192
N-AMINOETHYL PIPERAZINE,723.454756645957
HEXAMETHYLENETETRAMINE,792.9736794641617
"1,2-PROPANEDIAMINE",604.3891481764967
"N,N-DIETHYLANILINE",696.7418582341327
N-METHYLPYRROLE,606.888094729941
PYRAZINE,638.4021938732355
DIPHENYLAMINE,809.0628946032895
PHENYLHYDRAZINE,764.9481324536566
MELAMINE,925.3422482237568
QUINALDINE,780.0681725251144
NITROMETHANE,586.0965175207011
NITROETHANE,597.4337993327025
1-NITROPROPANE,607.0836420232885
2-NITROPROPANE,597.596406266308
HYDRACRYLONITRILE,685.7201691276593
MORPHOLINE,619.1074766674072
PYRROLIDINE,555.1392135798998
N-METHYLPYRROLIDINE,555.380686049811
TETRANITROMETHANE,541.948143526638
1-NITROBUTANE,621.241038633663
HYDROGEN CYANIDE,456.1325690591084
ACETONITRILE,507.8487193678885
PROPIONITRILE,551.6665459923175
ACRYLONITRILE,541.1941441735399
METHACRYLONITRILE,552.9381911672449
SUCCINONITRILE,737.2295573734517
ADIPONITRILE,764.6433671811719
o-NITROTOLUENE,726.3570293020139
p-NITROTOLUENE,741.4436545739956
m-NITROTOLUENE,734.8321802307829
GLUTARONITRILE,765.0725854189087
BUTYRONITRILE,575.7967233611332
VALERONITRILE,600.6890872049534
MALONONITRILE,697.4300184773698
HEXANENITRILE,617.6040683564993
ISOBUTYRONITRILE,552.7728663245693
trans-CROTONITRILE,575.2171691607718
BENZONITRILE,701.6328645070498
PYRIDINE,617.4449901681384
ANILINE,705.4140576986548
"2,4-TOLUENE DIISOCYANATE",739.6146023453613
HEXAMETHYLENEIMINE,627.2949701397503
N-METHYLANILINE,696.5522570176387
"N,N-DIMETHYLANILINE",680.9114619309541
2-METHYLPYRIDINE,629.9195765501762
cis-CROTONITRILE,575.2171691607718
CYANOGEN,415.2446698866166
METHYL MERCAPTAN,463.4811981014257
ETHYL MERCAPTAN,503.47357914549787
n-PROPYL MERCAPTAN,538.3456534524602
tert-BUTYL MERCAPTAN,538.3226275544279
ISOBUTYL MERCAPTAN,553.5592696483029
sec-BUTYL MERCAPTAN,553.8976261377734
n-HEXYL MERCAPTAN,625.8757038711975
n-NONYL MERCAPTAN,679.716610699659
n-OCTYL MERCAPTAN,665.5633679951815
ISOPROPYL MERCAPTAN,523.9406989531182
CYCLOHEXYL MERCAPTAN,686.0302208227266
BENZYL MERCAPTAN,709.3812809612386
METHYL ETHYL SULFIDE,539.3257053414088
METHYL n-PROPYL SULFIDE,567.0721856855397
METHYL t-BUTYL SULFIDE,570.8250671464489
METHYL t-PENTYL SULFIDE,614.8651096556497
DI-n-PROPYL SULFIDE,608.6848380695347
DIETHYL SULFIDE,560.1448605299238
ETHYL n-OCTYL SULFIDE,689.0012392372909
DIMETHYL SULFIDE,500.8699115797559
THIOPHENE,597.6776244802109
BENZOTHIOPHENE,757.6777389908317
2-MERCAPTOBENZOTHIAZOLE,779.778567572792
DIETHYL DISULFIDE,640.3812366930499
UNDECYL MERCAPTAN,706.2294616237773
n-DECYL MERCAPTAN,695.7622866373515
n-PENTYL MERCAPTAN,594.994226026246
DIMETHYL DISULFIDE,605.0825987111857
DI-n-PROPYL DISULFIDE,672.1014911675334
"4,6-DIMETHYLDIBENZOTHIOPHENE",926.5277785627648
DI-n-OCTYL SULFIDE,753.6168868907417
DICYCLOHEXYL SULFIDE,789.1023565050916
"3-ETHYL-2,5-DIMETHYLTHIOPHENE",672.0910198655176
2-METHYL BENZOTHIOPHENE,769.7704590253898
THIAINDAN,747.7953197805597
2-METHYL THIAINDAN,777.6204389293417
n-DODECYL MERCAPTAN,724.9126919866862
tert-OCTYL MERCAPTAN,627.5339434938712
n-HEPTYL MERCAPTAN,648.6953644422326
DIALLYL SULFIDE,636.858494849922
n-BUTYL MERCAPTAN,567.3887904328177
PHENYL MERCAPTAN,687.0446092255474
TETRAHYDROTHIOPHENE,617.9059992030141
DIMETHYL SULFOXIDE,672.7374158231376
SULFOLANE,829.3734767458521
3-METHYL SULFOLANE,784.9232650369635
DI-n-PROPYL SULFONE,675.8200666772703
DI-n-BUTYL SULFONE,736.0189614056463
CARBONYL FLUORIDE,302.6181548428613
ACETYL CHLORIDE,512.5936774820702
CHLOROACETIC ACID,671.6764652351686
CHLOROACETYL CHLORIDE,575.3298710926206
DICHLOROACETYL CHLORIDE,586.6706507152452
TRICHLOROACETYL CHLORIDE,604.2073829467284
BENZOYL CHLORIDE,700.3136758946838
p-CHLOROBENZOTRIFLUORIDE,607.5423074968102
"2,4-DICHLOROBENZOTRIFLUORIDE",623.1315171388975
o-CHLOROANILINE,728.6664428302279
FLUOROBENZENE,577.2710535026168
CHLOROMETHYL METHYL ETHER,516.0521862447348
"3-CHLORO-1,2-PROPANEDIOL",665.7416571580593
"1,3-DICHLORO-2-PROPANOL",631.5215626630077
HEXAFLUOROBENZENE,531.8736582208484
"2,3-DICHLORO-1-PROPANOL",639.1915568089732
DI(2-CHLOROETHYL)ETHER,649.7126593379985
TRIETHYL ALUMINUM,643.7361513862129
3-(METHYLMERCAPTO)PROPANAL,652.6066988207807
TRIISOBUTYL ALUMINUM,680.2262020389708
TRIFLUOROACETIC ACID,492.33173400653556
6-AMINOHEXANOL,678.3476183854967
GLYCINE,918.1030497823692
3-MERCAPTOPROPIONIC ACID,715.8894431730638
o-CHLOROBENZOIC ACID,775.6028843438681
4-METHOXYPHENYLACETIC ACID,771.4958816188163
"N,N-DIMETHYLFORMAMIDE",560.402653356961
UREA,764.5551660448934
2-METHACRYLAMIDE,714.4475499703607
ACRYLAMIDE,738.0757935741514
epsilon-CAPROLACTAM,777.9005696468241
alpha-EPICHLOROHYDRIN,604.0567960131702
ACETONE CYANOHYDRIN,635.8935373767684
TRI-n-BUTYL BORATE,741.234303663498
TRIPHENYLPHOSPHINE,959.3701953225875
NITROBENZENE,727.4907238108983
GLYCOLIC ACID,667.2137437064705
ACETALDOL,619.0754901955095
FURFURAL,679.603669248347
alpha-HYDROXYISOBUTYRIC ACID,674.842888958764
o-NITROANISOLE,766.6369188070688
CARBONYL SULFIDE,423.5826283020118
PHOSGENE,480.63450728746244
ACETOMETHOXANE,660.1566648011543
ETHYLENE GLYCOL DIACRYLATE,693.1942976324187
PROPYLENE GLYCOL MONOMETHYL ETHER ACETATE,599.1046234304207
DIPROPYLENE GLYCOL MONOMETHYL ETHER ACETATE,658.3870687082202
METHOXYDIHYDROPYRAN,629.2094666168538
SULFURIC ACID,915.9453636852264
PHOSPHORIC ACID,1026.2863193317426
NITRIC ACID,505.93675275382606
HYDROGEN CHLORIDE,379.9176780878313
HYDROGEN FLUORIDE,419.01930129263116
HYDROGEN BROMIDE,380.24240957764397
HYDROGEN IODIDE,416.14073617886476
AMMONIA,445.3855340503695
WATER,586.464049735081
HYDROGEN SULFIDE,368.5160058439385
PHOSPHORUS (WHITE),643.2251660384288
PHOSPHORUS TRICHLORIDE,561.5769235799504
PHOSPHORUS OXYCHLORIDE,583.118450371952
VANADIUM TETRACHLORIDE,666.9962685732306
ANTIMONY TRICHLORIDE,738.7361889342683
DICHLOROSILANE,476.3136820762355
TRICHLOROSILANE,499.9441444837385
TETRACHLOROSILANE,537.6712739421265
CARBON DISULFIDE,550.6339326301985
BORON TRIFLUORIDE,269.7582874853622
GALLIUM TRICHLORIDE,663.7123193819411
SULFURYL CHLORIDE,560.2055651368631
THIONYL CHLORIDE,566.7970241037663
BORON TRICHLORIDE,476.44421679581194
HEXAMETHYLDISILAZANE,556.464277271957
HEXAMETHYLDISILOXANE,533.2900141920182
HEXAMETHYLCYCLOTRISILOXANE,580.3188003244757
TETRAFLUOROSILANE,275.50734152344853
NITROSYL FLUORIDE,310.52175032554635
DODECAMETHYLPENTASILOXANE,631.1641728034963
METHYL VINYL DICHLOROSILANE,551.0315877976784
NITROGEN TRIFLUORIDE,251.83180921284614
[3-(MERCAPTO)PROPYL]TRIETHOXYSILANE,659.5864691352502
3-(TRIMETHOXYSILYL)-1-PROPANETHIOL,669.8585284070737
BIS[3-(TRIETHOXYSILYL)PROPYL]DISULFIDE,864.8009149141657
DISILANE,439.864286380907
PHOSPHINE,344.89920493423597
SILANE,307.05690639097196
TETRAMETHYLSILANE,482.50691829116704
NITROSYL CHLORIDE,434.1583623372021
OCTAMETHYLCYCLOTETRASILOXANE,599.4903022394709
TETRAFLUOROHYDRAZINE,308.13332773106436
HYDROGEN PEROXIDE,606.9392473834836
DEUTERIUM OXIDE,621.6666741519035
IODINE,737.371062515933
GLUTARALDEHYDE,650.5320738291696
n-TRIACONTANE,853.0635124630228
3-OCTANONE,625.737860744619
4-OCTANONE,620.5967981239075
3-NONANONE,645.9550795056576
4-NONANONE,642.3422496059812
2-CYCLOHEXENE-1-ONE,649.4595260650655
"2,6,8-TRIMETHYL-4-NONANONE",660.4692377852365
"2,3-DIMETHYLOCTANE",609.6465257813201
"2,4-DIMETHYLOCTANE",601.7231662301743
"2,5-DIMETHYLOCTANE",603.5096826530283
"2,6-DIMETHYLOCTANE",607.9549635229764
"2,7-DIMETHYLOCTANE",608.855205722739
m-ETHYLPHENOL,715.0963772682911
"2,6-DI-tert-BUTYL-p-CRESOL",730.480013093443
2-PHENYLETHANOL,716.8600975998238
"2,6-DIMETHYL-4-HEPTANOL",606.1277352493101
1-PHENYL-1-PROPANOL,686.9305857563393
1-PHENYL-2-PROPANOL,702.2058865464312
2-PHENYL-1-PROPANOL,692.6896324215236
3-PHENYL-1-PROPANOL,724.5673496441925
beta-CHOLESTEROL,943.6308584406507
alpha-METHYLBENZYL ALCOHOL,700.0170993529189
p-TOLUALCOHOL,713.4876840089585
o-TOLUALCOHOL,698.049994571594
m-TOLUALCOHOL,709.4714286827199
p-tert-OCTYLPHENOL,750.7351227503887
p-tert-AMYLPHENOL,740.0543073375915
p-CUMYLPHENOL,821.4689139278901
DINONYLPHENOL,890.5361516503449
"2,4-PENTANEDIOL",677.5194074034584
3-METHYL-trans-2-PENTENE,513.3954306952934
5-METHYL-1-HEXENE,530.8052642539575
"DECAN-1,10-DIOL",754.889627244046
"1,4-CYCLOHEXANEDIMETHANOL",787.5433479040381
NEOABIETIC ACID,809.3837754715365
2-METHYL-1-OCTENE,591.972721837459
2-METHYL-1-HEPTENE,565.8367151369439
TRIMELLITIC ACID,865.5014072569355
TRILACTIC ACID,773.3380382942084
LINOLENIC ACID,780.0859354347397
ABIETIC ACID,822.4422661446068
AZELAIC ACID,833.6868780508048
NEOPENTANOIC ACID,631.667582024502
n-PENTADECANOIC ACID,767.1792482807424
2-ETHYL HEXANOIC ACID,673.8552431596828
n-HEPTANOIC ACID,675.4666395281414
NEOHEXANOIC ACID,647.6303293830464
NEOHEPTANOIC ACID,658.1467821703166
DEHYDROABIETIC ACID,833.3062283219288
n-HEPTADECANOIC ACID,787.7536585106899
n-NONADECANOIC ACID,806.9269731421917
n-EICOSANIC ACID,814.6529645904882
FUMARIC ACID,784.3446661690875
PIMELIC ACID,839.3723258914328
SUBERIC ACID,837.4826189139466
CINNAMIC ACID,789.6372277168023
ACETOXYACETIC ACID,767.8885666021836
SEBACIC ACID,831.0922682635478
CITRACONIC ACID,810.8155699441827
ITACONIC ACID,797.8309214365898
2-ETHYL BUTYRIC ACID,653.0954205978376
SUCCINIC ACID,815.2430585946389
GLUTARIC ACID,833.4172566756265
PYROMELLITIC ACID,883.1050183421007
IBUPROFEN,790.4900964849246
1-METHYL-4-VINYLCYCLOHEXENE,637.1949862486176
"2,6-NAPHTHALENEDICARBOXYLIC ACID",895.9854522884192
METHYL MALEIC ANHYDRIDE,727.6929789717195
sec-BUTYL FORMATE,547.5083670736886
tert-BUTYL FORMATE,541.5900986601382
n-HEXYL FORMATE,607.4772173344817
n-HEPTYL FORMATE,632.5148140897478
"1,2-HEXADIENE",528.2463477257718
CYCLOHEXYL FORMATE,650.075304753507
tert-BUTYL ACETATE,547.3323959265549
METHYL ISOBUTYRATE,544.2573088085503
ETHYL ISOBUTYRATE,557.0220207805423
ISOPROPYL ACRYLATE,562.8028597656147
BENZYL FORMATE,698.7242084288866
n-HEXADECYL METHACRYLATE,786.1118231759352
ALLYL METHACRYLATE,604.6948367993747
"DIMETHYL-2,6-NAPHTHALENEDICARBOXYLATE",874.2216237397109
CYCLOHEXYL ACETATE,657.0781328588928
PROPYLENE CARBONATE,711.0369486279762
GLYCERYL TRIACETATE,714.5311640245523
n-NONYL n-UNDECYL PHTHALATE,895.0006577454863
DIISONONYL PHTHALATE,849.1549553497115
DIETHYL PHTHALATE,775.3755301550555
DI-n-BUTYL PHTHALATE,792.0798650354259
DIMETHYL PHTHALATE,766.100149265966
DIETHYL SUCCINATE,668.3098795493199
DIHEXYL ADIPATE,773.0782995414903
ETHYLIDENE DIACETATE,627.7342869815517
DIALLYL MALEATE,697.7011167769551
DIBUTYL MALEATE,712.7818232386796
ISOBUTYL ACRYLATE,589.1495520235804
METHYL DODECANOATE,702.1234454860526
DIETHYL MALEATE,678.2033479339901
DIMETHYL MALEATE,681.0946712897301
DIPROPYL MALEATE,691.3971308858331
sec-BUTYL ACRYLATE,581.8497773477561
VINYL PIVALATE,564.5834696438899
DIMETHYL CARBONATE,566.035318194251
n-PROPYL BENZOATE,709.8468440805323
DIISOBUTYL ETHER,563.8499267798076
1-HEPTYNE,557.372954987774
ETHYL ISOPROPYL ETHER,494.42907446929456
ETHYL n-HEXYL ETHER,591.799298095648
"1,3-DIOXANE",586.3601806234825
ETHYLAL,533.2262836936585
"1,2-DIETHOXYETHANE",574.5891060213662
"2,3-DIHYDROFURAN",529.3168666235409
1-ETHYL-2-ISOPROPYLBENZENE,670.1726181817429
"1,1-DICHLOROPROPANE",564.6960964536497
"1,3-DICHLOROPROPANE",597.4192697402839
"2,3-DICHLOROPROPENE",580.2654773666009
n-PENTADECYLBENZENE,808.5077262852938
n-HEXADECYLBENZENE,816.824069332531
n-HEPTADECYLBENZENE,823.1999781046368
n-OCTADECYLBENZENE,831.393430102638
"1,2,3-TRICHLOROBENZENE",730.0185307922206
"1,3,5-TRICHLOROBENZENE",731.9129244936222
"1,3-DICHLOROHEXAFLUOROPROPANE",455.0204804576364
"1,2-DICHLOROHEXAFLUOROCYCLOBUTANE",492.1062233898567
"3,3,3-TRIFLUOROPROPENE",386.4099771322026
"1,1,2-TRIFLUOROETHANE",415.9661051660996
PERFLUORO-n-PENTANE,430.66662551605583
PERFLUORO-n-HEXADECANE,672.2911441488411
PERFLUOROMETHYLCYCLOPENTANE,482.2607192315781
PERFLUORO-n-HEPTANE,479.4548661934226
"1,1,1,3,3-PENTAFLUOROPROPANE",412.24897152824275
"1,1,2,2,3-PENTAFLUOROPROPANE",430.19182048334034
"1,1,1,2,2-PENTAFLUOROPROPANE",389.3968577778257
"1,1,1,2,3,3,3-HEPTAFLUOROPROPANE",368.580170543318
"1,1,1,2,3,3-HEXAFLUOROPROPANE",410.4552621813499
BENZOTRIFLUORIDE,572.5536882230932
DIBROMOMETHANE,621.4449424405814
2-BROMOBUTANE,573.8686808861875
BROMOCHLOROMETHANE,552.082075604966
HALOTHANE,488.10368662996626
BROMOTRICHLOROMETHANE,607.2936082974187
"1,2-DIFLUOROETHANE",436.7698156689348
"2,2-DICHLORO-1,1,2-TRIFLUOROETHANE",457.6272867916806
PENTACHLOROFLUOROETHANE,609.5587068721102
"1,2-DICHLORO-1,1,2-TRIFLUOROETHANE",453.07021256335685
"2-CHLORO-1,1,1,2-TETRAFLUOROETHANE",398.7686592424254
"1,1-DICHLORO-1-FLUOROETHANE",520.0843179800735
"1,1,1,2-TETRAFLUOROETHANE",375.4837836324865
HEXAFLUOROACETONE,356.7188062629799
OCTAFLUOROPROPANE,354.515416172097
OCTAFLUORO-2-BUTENE,393.03336866288055
OCTAFLUOROCYCLOBUTANE,410.88267841990734
"1,1,2-TRICHLOROTRIFLUOROETHANE",483.4317943209352
"1,1,2,2-TETRACHLORODIFLUOROETHANE",551.0948120050141
"1,1,1,2-TETRACHLORODIFLUOROETHANE",546.1483741412104
"1,1,1-TRICHLOROFLUOROETHANE",563.4975146298522
"1,1,2,2-TETRAFLUOROETHANE",384.7221718048903
p-BROMOTOLUENE,698.1303946828292
n-HEXYL IODIDE,653.6461673602217
n-BUTYL IODIDE,616.6377799876453
BROMOCHLORODIFLUOROMETHANE,435.45797335279883
BROMOTRIFLUOROMETHANE,355.05608522416713
DIBROMODIFLUOROMETHANE,476.177053764444
BROMOTRIFLUOROETHYLENE,434.51734311505703
CHLOROTRIFLUOROETHYLENE,407.31352720600523
CHLOROPENTAFLUOROETHANE,356.4123459849812
HEXAFLUOROETHANE,304.45126539103444
VINYL BROMIDE,484.4772532620087
"1-CHLORO-1,1-DIFLUOROETHANE",425.0903404546446
VINYL FLUORIDE,348.4408556905822
n-HEXYLAMINE,594.6346292775511
n-HEPTYLAMINE,619.5358923233412
n-OCTYLAMINE,640.2436783525368
n-NONYLAMINE,659.677628934696
n-DECYLAMINE,676.9605202912312
n-DODECYLAMINE,709.5855520104657
N-ETHYL-2-METHYLALLYLAMINE,555.9045410036929
PENTAETHYLENE HEXAMINE,829.3474414055985
TRIALLYLAMINE,606.8829990663074
TRI-n-BUTYLAMINE,656.159207765439
DIETHYLENETRIAMINE,716.6540725252011
TETRAETHYLENEPENTAMINE,811.3928220207532
TRIPROPYLAMINE,597.11137499898
VINYLACETONITRILE,579.0932537525526
AMINOCAPRONITRILE,704.2372003069864
n-BUTYL ISOCYANATE,587.1856774462992
CYCLOHEXYL ISOCYANATE,652.3971693286871
o-ETHYLANILINE,703.5603895245392
o-PHENYLENEDIAMINE,788.3623342245143
PROPYLENEIMINE,531.8725760773503
m-PHENYLENEDIAMINE,814.0383458208499
"N,N'-DI-tert-BUTYLETHYLENEDIAMINE",639.7702965382576
CYCLOPENTYLAMINE,596.0257218745971
DICYCLOHEXYLAMINE,748.0222656829267
N-METHYLCYCLOHEXYLAMINE,620.6525312437919
N-AMINOETHYL ETHANOLAMINE,727.2520684247781
cis-DICYANO-1-BUTENE,777.1775674755658
trans-DICYANO-1-BUTENE,777.1775674755658
"1,4-DICYANO-2-BUTENE",763.1363393266087
"DIPHENYLMETHANE-4,4'-DIISOCYANATE",854.4766121901723
"N,N'-DIPHENYL-p-PHENYLENEDIAMINE",971.5683993528577
o-NITRODIPHENYLAMINE,830.9557962416925
DIALLYLAMINE,560.4069894802211
m-DINITROBENZENE,799.5477889315183
o-DINITROBENZENE,796.8411263097752
p-DINITROBENZENE,806.9925774375254
"2,4-DINITROTOLUENE",814.1134295659159
"2,6-DINITROTOLUENE",788.9353613307616
"3,4-DINITROTOLUENE",823.7401773973119
"1,3,5-TRINITROBENZENE",841.9974985077885
"2,4,6-TRINITROTOLUENE",816.0404670190651
"2,5-DINITROTOLUENE",809.4458083591504
"3,5-DINITROTOLUENE",809.3014190105811
p-PHENYLENEDIAMINE,800.820218135752
PHENYL ISOCYANATE,684.3826847702619
PIPERAZINE,643.9665372262651
PYRIDAZINE,726.831623850653
PYRIMIDINE,646.8813679939608
PYRAZOLE,743.7190049926596
MALEONITRILE,684.2271637992058
FUMARONITRILE,684.2271637992058
"2,2'-IMINOBIS-ACETONITRILE",746.9436218476703
"2,2',2''-NITRILOTRIS-ACETONITRILE",793.441140347253
PENTAERYTHRITOL TETRANITRATE,721.3323038309868
NITROGLYCERINE,740.0571593612163
o-NITROANILINE,814.9234501221415
p-NITROANILINE,862.5749344607593
m-NITROANILINE,830.5294493578301
HYDRAZOBENZENE,900.0454973171095
INDOLE,768.5870400542664
ISOQUINOLINE,785.4113390225507
p-AMINOAZOBENZENE,874.4458975139967
p-AMINODIPHENYL,863.4557312160599
"1,5-NAPHTHALENE DIISOCYANATE",832.6715379182383
DIBENZOPYRROLE,886.4069001340707
NICOTINONITRILE,711.0954783272412
"2,6-DIETHYLANILINE",689.9494871434744
METHYL ISOCYANATE,511.3152764785881
ACROLEIN CYANOHYDRIN,646.5705281543497
"2,4,6-TRIMETHYLPYRIDINE",663.4134937957547
"2,6-DIMETHYLPYRIDINE",654.5621662633129
3-METHYLPYRIDINE,644.4529992461726
METHYLGLUTARONITRILE,737.6759526470936
4-METHYLPYRIDINE,644.7008450391388
"1,6-HEXAMETHYLENE DIISOCYANATE",726.8101266741365
ISOPHORONE DIISOCYANATE,762.0418245012827
THIACYCLOPROPANE,527.6348981094038
METHYL n-BUTYL SULFIDE,590.385740391916
ETHYL t-BUTYL SULFIDE,589.3565040075437
TRIMETHYLENE SULFIDE,586.6058284345138
DIBENZOTHIOPHENE,894.2315710559168
tert-DODECYL MERCAPTAN,671.7506096226016
tert-NONYL MERCAPTAN,663.9238392211962
2-METHYLTHIOPHENE,614.8540848633309
3-METHYLTHIOPHENE,615.3700525904565
CAMPHOR,701.326816249967
FORMAMIDE,715.4373707497223
N-METHYLFORMAMIDE,658.1754626595518
ACETAMIDE,750.1169463308529
DIACETONE ALCOHOL,621.3712518504548
FURFURYL ALCOHOL,666.9381674891176
"N,N-DIMETHYLACETAMIDE",618.0256653095648
ACETAMINOPHEN,756.2006722944976
BIS(DIFLUOROMETHYL)ETHER,399.954295779608
p-METHOXYPHENOL,727.4980303728488
2-METHOXYETHANOL,599.3019031743199
2-ETHOXYETHANOL,594.2729998088822
2-BUTOXYETHANOL,629.1030111077887
2-(2-METHOXYETHOXY)ETHANOL,669.4708295957039
2-(2-ETHOXYETHOXY)ETHANOL,665.9836512573461
2-AMINOETHOXYETHANOL,726.6016796852873
ETHYLCHLOROACETATE,603.7521891509173
ACETALDOXIME,590.6040844483487
"2-(DIFLUOROMETHOXY)-1,1,1-TRIFLUOROETHANE",434.327543621018
TRIETHYLENE GLYCOL MONOMETHYL ETHER,707.3801171672934
SUCCINIMIDE,834.9752454380863
4-CARBOXYBENZALDEHYDE,900.8817299570666
THIOGLYCOLIC ACID,732.4936201871493
2-HYDROXYETHYL METHACRYLATE,680.361218854563
2-ACETOACETOXY ETHYL METHACRYLATE,720.38154199007
METHYL LACTATE,629.8190615780379
2-METHOXY PROPANOL-1,587.0928595697742
TRIACETONE ALCOHOL,658.4512975946594
BENZAMIDE,803.4678146877994
alpha-METHYLBENZYL ALCOHOL FORMATE,693.5901213963932
2-FORMYL BENZOIC ACID,785.6335063446369
4-HYDROXYBUTYRALDEHYDE,612.9791030897212
m-CHLORONITROBENZENE,746.7622498065509
2-HYDROXYACETOPHENONE,727.8550039971418
4-HYDROXYACETOPHENONE,816.0103718431394
4-HYDROXYSTYRENE,730.1740735253802
ACETYLSALICYLIC ACID,771.0404316039812
p-PHENETIDINE,742.7500629676908
"2-METHYL-, 3-HYDROXY-2,2,4-TRIMETHYLPENTYL PROPANOATE",690.4377893333053
ACETOL,603.2206276593107
ISOAGATHOLAL,807.605122265854
o-CHLOROPHENOL,695.6039821485051
m-CHLOROPHENOL,725.4003930296556
p-CHLOROPHENOL,732.4156272136847
PENTAFLUOROPHENOL,593.2195768951382
1-ISOPROPOXY-2-PROPANOL,575.1341779528799
2-CHLOROETHANOL,578.799192374813
ISOPHTHALOYL CHLORIDE,758.4416010417261
4-FORMYLMORPHOLINE,747.706854038558
CHLOROSULFONIC ACID,696.7127592705008
NITROGEN TRICHLORIDE,536.7650272032653
ALUMINUM CHLORIDE,594.3834696341216
TITANIUM TETRACHLORIDE,636.3985549368157
GERMANIUM TETRAHYDRIDE,332.12572593558184
DIMETHYLALUMINUM CHLORIDE,582.8335510020946
PERCHLORIC ACID,596.4364196413026
OCTAMETHYLTRISILOXANE,589.6295931245982
OCTADECAMETHYLOCTASILOXANE,681.4786690143926
TETRAETHYL SILANE,615.8091157841314
HEXADECAMETHYLHEPTASILOXANE,672.2630145380465
DIETHYLALUMINUM CHLORIDE,670.2370917995396
DIISOBUTYLALUMINUM CHLORIDE,696.2275500818745
3-ETHYL HEPTANAL,628.7421550313151
DIAMYL KETONE,673.2819508326395
DIACETYL,570.7531584703913
DIMETHYLKETENE,496.00882531539105
1-CYCLOHEXYLETHANONE,667.2744226075904
2-CYCLOHEXENYL CYCLOHEXANONE,787.0875196752302
3-METHYLCYCLOPENTANONE,629.3960037554174
METHYL GLYOXAL,543.4131425717712
trans-3-PENTEN-2-ONE,579.804837155128
3-BUTEN-2-ONE,534.4099205652121
2-BUTYL-1-DECANOL,707.5994548768056
2-METHYL-1-TRIDECANOL,709.0584669353908
2-METHYL-DODECAN-1-OL,695.1260294947125
4-METHYL-1-OCTANOL,633.156687600749
6-METHYL-1-OCTANOL,634.6349612011821
3-ETHYL-1-HEPTANOL,634.8168431601682
THYMOL,705.316024488325
1-METHYL-3-HYDROXY-5-ISOPROPYL BENZENE,720.1776282430623
1-METHYL-3-HYDROXY-6-ISOPROPYL BENZENE,718.3609376339117
"1,2,3,6-TETRAHYDROBENZYL ALCOHOL",697.5428089625198
1-DOCOSANOL,818.767197448638
CYCLOPENTANOL,617.4236099857385
OLEYL ALCOHOL,786.2277427050861
o-tert-BUTYLPHENOL,712.7576277767246
m-tert-BUTYLPHENOL,722.7224212045988
2-tert-BUTYL-6-PHENYL PHENOL,831.1907393244134
o-ISOPROPYLPHENOL,700.9725458801557
"cis-1,8-TERPIN",705.1891383833167
"trans-1,8-TERPIN",705.1891383833167
7-METHYL-1-OCTENE,584.3567186205682
ACETOACETIC ACID,674.473754653702
m-TOLUIC ACID,756.9496137668004
OCTAHYDRO-PENTALENE-1-CARBOXYLIC ACID,790.9482977752591
DODECANEDIOIC ACID,834.2467074198557
TETRADECANEDIOIC ACID,836.8242038625075
2-METHYL-1-NONENE,617.8767706238514
8-METHYL-1-NONENE,617.7431984910195
cis-2-DECENE,620.5821455445349
trans-2-DECENE,620.5821455445349
cis-2-DODECENE,663.2027038648516
trans-2-DODECENE,663.2027038648516
CYCLOPROPANE CARBOXYLIC ACID,686.5255665619331
ERUCIC ACID,811.7788638592443
ISOSTEARIC ACID,793.5304786153723
MALONIC ACID,803.7571806888201
4-HYDROXYMETHYL BENZOIC ACID,825.3410425393442
ISOBUTYRIC ANHYDRIDE,635.7106815703809
"2,2,4-TRIMETHYL-1,3-PENTANEDIOL DIISOBUTYRATE",703.2231782998654
n-CROTYL ACETATE,590.4437145213661
sec-BUTENYL ACETATE,564.5761588020014
ETHYL TRIMETHYL ACETATE,568.2574004154732
DI(2-ETHYLHEXYL) TEREPHTHALATE,825.4398403860102
PHTHALIDE,798.3479624795672
ALLYL ACRYLATE,584.53156071615
DIALLYL PHTHALATE,794.0675623379353
METHYL STEARATE,780.4583649717555
METHYL MYRISTATE,733.7134516886797
METHYL PALMITATE,759.4240800647233
ETHYL PHENYL ACETATE,705.2128361512816
METHYL EICOSANOATE,794.9586922921719
METHYL LINOLEATE,769.6970417769379
METHYL PALMITOLEATE,751.1443162740698
METHYL LINOLENATE,770.4270422079363
n-PENTYL n-BUTYRATE,628.8199758439389
ISOPENTYL BUTYRATE,622.2780215300413
ALLYLIDENE DIACETATE,647.7167598344832
ETHYL PALMITATE,763.9493347972616
ETHYL OLEATE,774.2756844685883
ETHYL STEARATE,779.4205094263762
METHYL CAPRYLATE,650.4547117814328
METHYL ERUCATE,806.2061096316493
ISOPROPYL PALMITATE,767.4276696525781
ETHYL CAPRATE,684.2583181840035
ETHYL LAURATE,709.859379826511
ETHYL MYRISTATE,742.0762806391423
ETHYL LINOLENATE,778.2739787926444
ETHYL LINOLEATE,777.2111785890654
ETHYL ERUCATE,811.0100795215509
TRICAPRYLIN,861.2532298933891
"1,6-HEXANEDIOL DIACRYLATE",719.1634454425695
2-(5H)-FURANONE,716.6769426813958
2-ETHYLHEXYL BENZOATE,760.3941797553118
DIBUTYL TEREPHTHALATE,790.0931711167112
DI-(2-ETHYLHEXYL) MALEATE,781.0181383858239
DIMETHYL GLUTARATE,678.5489585514567
MONOPALMITIN,825.3576782630405
DIPROPYL SUCCINATE,690.8362248469334
DIBUTYL SUCCINATE,707.7917184753233
DIISOBUTYL HEXAHYDROPHTHALATE,767.4299402008903
METHYL PENTADECANOATE,748.078364974687
METHYL HEPTADECANOATE,773.5474841314228
DIMETHYL OXALATE,637.6865557313583
METHYL-E-CROTONATE,583.7315617369452
VINYLETHYLENE CARBONATE,735.0019794688371
DIMETHYL SUCCINATE,661.2453182173111
DIOCTYL ADIPATE,820.0222548219756
DI(2-ETHYLHEXYL) ADIPATE,792.9827726121966
"BENZENE-1,2,4-TRICARBOXYLIC ACID TRIMETHYL ESTER",823.0094671677225
DIMETHYLMALONATE,630.1199228183104
"2,4,6,8-TETRAOXANONANE",619.6272707593525
"2,4,6,8,10-PENTAOXAUNDECANE",669.344247592908
"2,4,6-TRIOXAHEPTANE",555.6864750208309
"2,4,6,8,10,12-HEXAOXATRIDECANE",703.7297175242223
"1,3,5-TRIETHYLBENZENE",686.0466627826053
1-BROMODODECANE,731.0789948440452
"1,2-DIBROMODODECANE",784.0019084857682
TRIFLUOROIODOMETHANE,421.5882572341933
DIFLUOROMETHYL METHYL ETHER,430.2960496317185
DIFLUOROMETHYL TRIFLUOROMETHYL ETHER,361.1092847935659
"1,1,1,3,3-PENTAFLUOROBUTANE",459.2250516093982
METHYL NONAFLUORO-N-BUTYL ETHER,468.8572161517667
"2,3,3,3-TETRAFLUOROPROPENE",374.1761968040531
"trans-1,3,3,3-TETRAFLUOROPROPENE",385.85806628004326
"2,2,4,4-TETRAFLUOROPENTANE",523.0670657273498
1H-PERFLUORO-N-HEXANE,474.2498041471956
"trans-1-CHLORO-3,3,3-TRIFLUORO-1-PROPENE",434.6567304324274
"1,1,1,2-TETRAFLUORO-2-CHLOROPROPANE",438.2754997447784
"1,4-BIS(3-AMINOPROPYL)PIPERAZINE",778.4596973346156
CYCLOPROPANECARBOXAMIDE,764.4718559510136
CYCLOPROPYL CYANIDE,606.4979933302772
6-AMINOHEXANAMIDE,791.5846778206144
RDX,857.9633737122278
HMX,968.8461790910189
"1,5-PENTANEDIAMINE",683.5675365303957
HEXANAMIDE,725.5259728268828
"2,4-DIMETHYLANILINE",705.9431485428101
"1,3-DIMETHYL-5-NITROBENZENE",738.1698315117317
"2,6-DIETHYLNAPHTHALENE",786.267115248648
"3-(N,N-DIMETHYLAMINO) PROPYLAMINE",597.4025527117059
4-[2-(2-AMINOETHOXY)ETHYL]MORPHOLINE,717.9527539551456
2-(N-MORPHOLINO)-2'-HYDROXYDIETHYLETHER,726.156288642652
1-n-PENTYLNAPHTHALENE,799.1602414836584
8-METHYLQUINOLINE,783.7474584434817
TRI-n-OCTYLAMINE,789.3755822156933
2-BUTOXIME,605.41815682838
N-METHYLPIPERIDINE,582.5526381362522
IMIDAZOLE,758.3745841683806
DIAMYLAMINE,642.8066638734106
TRIAMYLAMINE,681.3573814902691
UNDECYLAMINE,694.1480691854565
NIACIN,762.2035612524235
L-PHENYLALANINE,807.684296360518
TETRYL,832.099323131868
DI-n-OCTYLAMINE,730.6464337940912
DI-2-ETHYLHEXYLAMINE,708.9949346388398
TETRAMETHYLETHYLENEDIAMINE,570.420556644012
ETHYLDIETHANOLAMINE,739.134746296101
2-AMINODIPHENYL,851.6514608553969
"1,2,3-TRIAZINE",710.9442708144537
"1,2,4-TRIAZINE",689.2163796683348
"1,3,5-TRIAZINE",648.3636789052256
1-METHYLIMIDAZOLE,710.0629170090427
"N,N-DIMETHYLCYCLOHEXYLAMINE",640.8177812015394
ACRIDINE,892.2070290612774
"1,3-PROPANEDIAMINE",636.3827396223506
"4,4'-DINITRODIPHENYLAMINE",909.4828008913508
"4,4'-DINITROTRIPHENYLAMINE",946.8744494147151
BENZIDINE,908.5644737099275
"2,6-TOLUENE DIISOCYANATE",745.7269527869554
N-ETHYLANILINE,694.4955936872618
DICYANDIAMIDE,850.6909411995548
DI-tert-BUTYL DISULFIDE,675.5221393669242
DI-tert-BUTYL SULFIDE,611.7836361556942
2-METHYLTHIACYCLOPENTANE,629.3757459242581
2-PENTANETHIOL,585.0432418427278
METHYL ISOPROPYL SULFIDE,553.6572503786754
PHENOTHIAZINE,914.4453992212611
2-ETHYL-TETRAHYDROTHIOPHENE,645.4724438099623
2-PROPYLBENZOTHIOPHENE,802.0192431753954
2-BUTYLBENZOTHIOPHENE,810.0993454005995
2-ETHYLTHIOPHENE,629.6768915234973
2-n-PROPYLTHIOPHENE,654.599802819785
"2,5-DIMETHYLTHIOPHENE",630.4427062624691
ETHYL METHYL DISULFIDE,625.2635607476103
ETHYL PROPYL DISULFIDE,660.6218339000167
METHYL PHENYL SULFIDE,697.8170563528441
DI-n-BUTYL SULFIDE,648.4897648992782
"2,7-DIMETHYLBENZOTHIOPHENE",770.9170588370637
DIISOPENTYLSULFIDE,662.3611527566914
DIPHENYL DISULFIDE,821.241904298953
4-METHYL DIBENZOTHIOPHENE,899.7396623912956
ETHYL PROPYL SULFIDE,586.3111082546367
METHYL PENTYL SULFIDE,612.2533075990401
2-ETHYLBENZOTHIOPHENE,777.7174781357315
"2,3-DIMETHYLBENZOTHIOPHENE",781.4022641309381
ETHYL n-PENTYL SULFIDE,631.7933760786672
"2,3,5-TRIMETHYLTHIOPHENE",654.7903089400189
DIISOPROPYL SULFIDE,589.1589372376353
"2,3-DIMETHYLTHIOPHENE",635.3957758436824
"3,4-DIMETHYLTHIOPHENE",635.6444250040082
3-ETHYLBENZOTHIOPHENE,780.1317133039637
"3,5-DIMETHYLBENZOTHIOPHENE",782.0416394879356
ETHYL TERT-BUTYL DISULFIDE,665.6694204272112
DI-n-BUTYL DISULFIDE,700.8408731927285
ETHYL ISOPROPYL SULFIDE,575.4129633070363
n-BUTYL ETHYL SULFIDE,612.1475404285152
PROPYL ISOPROPYL SULFIDE,600.8907497022092
"2,6-DIMETHYL-1-BENZOTHIOPHENE",776.7864257277256
"3,7-DIMETHYL-1-BENZOTHIOPHENE",780.6458444141435
3-ETHYLTHIOPHENE,634.6340805062532
ETHYLENE GLYCOL 2-ETHYLHEXYL ETHER,656.9312737049374
PROPYLENE GLYCOL ETHYL ETHER ACETATE,615.0997931632284
DIPROPYLENE GLYCOL t-BUTYL ETHER,652.3854621242683
DICHLOROACETIC ACID,678.7309340875943
PROPYLENE GLYCOL MONOMETHYL ETHER,581.1148571045354
DIPROPYLENE GLYCOL MONOMETHYL ETHER,622.8945346096922
PROPYLENE GLYCOL 1-tert-BUTYL ETHER,594.6434649654345
TRIPROPYLENE GLYCOL MONOMETHYL ETHER,693.4436064435954
PROPYLENE GLYCOL 2-tert-BUTYL ETHER,592.1153232626964
DIETHYLENE GLYCOL MONOPROPYL ETHER,661.7718732028536
p-CHLOROANILINE,749.8030690236799
TRIETHYLENE GLYCOL n-BUTYL ETHER,723.2215563555856
TRIETHYLENE GLYCOL MONOETHYL ETHER,710.0481196919023
PROPYLENE GLYCOL MONOALLYL ETHER,614.3974792976628
"2,3-EPOXY-1-PROPANOL",639.0257829290953
2-HEXOXYETHANOL,638.0240514086817
2-(2-HEXOXYETHOXY)ETHANOL,704.56350544467
MONOOLEIN,845.7881204728278
DIPROPYLENE GLYCOL n-PROPYL ETHER,641.0670284448627
PROPYLENE GLYCOL n-PROPYL ETHER,604.624155206858
DIETHYLENE GLYCOL MONOBUTYL ETHER ACETATE,693.3744778287272
3-HYDROXY-2-METHYL PROPIONALDEHYDE,618.4502190106997
HYDROXYACETONITRILE,658.7480800871089
AMINOACETONITRILE,647.7271857537712
PHENYLACETONITRILE,726.2410414467848
"N,N-DIETHYLHYDROXYLAMINE",568.3989379265223
DI-n-BUTYL SULFATE,756.1660455221578
CROTYL GLYCOL ETHER,637.8064332037692
sec-BUTENYL GLYCOL ETHER,611.1371546988944
SUCROSE,1084.4107149820857
ETHYLENE GLYCOL DINITRATE,687.6735168697613
DIETHYLSULFITE,634.7562148617279
N-METHYLTHIOPYRROLIDONE,802.0927041008688
PENTAFLUOROETHYL TRIFLUOROVINYL ETHER,424.33046928405713
TRIFLUOROMETHYL TRIFLUOROVINYL ETHER,363.9558087485841
DIPROPYLENE GLYCOL MONOETHYL ETHER,629.1333486521163
TRIPROPYLENE GLYCOL MONOETHYL ETHER,691.4344095712621
1-ETHOXY-2-PROPANOL,573.2078635638924
1-tert-BUTOXY-2-[2-(HYDROXY)PROPOXY]PROPANE,671.7668397777609
"N,N'-BIS(2-HYDROXYETHYL)ETHYLENEDIAMINE",779.0139787607468
METHYL GLYCOLATE,621.6731775010412
METHANESULFONYL CHLORIDE,660.9265365762044
tert-BUTYL METHACRYLATE,583.7397584262346
TRIMETHYL INDIUM,576.9141138185212
TRIETHYL GALLIUM,636.031427954368
TIN(IV) CHLORIDE,626.2577454592325
ARSENIC (III) CHLORIDE,617.8196811648347
TETRAETHOXYSILANE,609.2934920911093
gamma-AMINOPROPYLTRIETHOXYSILANE,655.1693779438992
HEXADECAMETHYLCYCLOOCTASILOXANE,722.3991755078033
(3-METHYLACRYLOXYPROPYL)TRICHLOROSILANE,704.6761823317775
METHYL CHLOROSILANE,473.24663328030465
METHYL DICHLOROSILANE,502.7048113031236
METHYL TRICHLOROSILANE,524.9300825026836
VINYLTRICHLOROSILANE,551.564655494513
3-(TRIETHOXYSILYL)PROPIONITRILE,675.2123243503634
TRIS(2-METHOXYETHOXY)VINYLSILANE,738.8469211448866
METHYL SILICATE,598.4068962760618
3-CHLOROPROPYLTRIMETHOXYSILANE,655.093630251645
SULFUR DICHLORIDE,542.4895026301674
HYDROGEN SELENIDE,392.02689501553135
"[3-(2,3-EPOXYPROXY)PROPYL]TRIMETHOXYSILANE",709.6485324501057
3-CHLOROPROPYLTRICHLOROSILANE,648.4878394724799
METHYLTRIACETOXYSILANE,674.0676236090269
ETHYLTRIACETOXYSILANE,682.1246920695298
METHYLGERMANIUM TRICHLORIDE,597.553207153207
BORON TRIBROMIDE,622.239975521129
TRIETHYL ESTER PHOSPHOROUS ACID,657.215584144567
PHOSPHORUS TRIFLUORIDE,280.1951225805263
GERMANIUM TETRAFLUORIDE,345.79471790706674
GERMANIUM TETRACHLORIDE,605.4236413793931
TRIMETHYLALUMINUM,564.7513166284473
TRIMETHYLGALLIUM,529.4982411066143
TETRAETHYL LEAD,685.0461368552192
ETHYL ALUMINUM DICHLORIDE,592.4792313174524
3-CHLOROPROPYLDIMETHYLCHLOROSILANE,631.2493314963134
(3-GLYCIDOXYPROPYL)METHYLDIETHOXYSILANE,709.8919247476688
PHOSPHORUS PENTAFLUORIDE,293.5303636510608
"(3,3,3-TRIFLUOROPROPYL)METHYLDICHLOROSILANE",584.250178563981
BIS[3-(TRIMETHOXYSILYL)PROPYL]DISULFIDE,747.1911638424598
MERCURY DICHLORIDE,887.6583631247233
METHYL SILANE,357.8141833752603
DIMETHYL SILANE,413.44013346677673
TRIMETHYL SILANE,458.1665412353195
TRIMETHYLCHLOROSILANE,513.838234915324
DIMETHYLDICHLOROSILANE,525.2123609838872
DECAMETHYLCYCLOPENTASILOXANE,633.7167383005198
DODECAMETHYLCYCLOHEXASILOXANE,653.966173068257
DIPHENYLDICHLOROSILANE,814.9108045202394
ETHYLTRICHLOROSILANE,569.4937211162156
DICHLORODIETHYLSILANE,598.1794316194195
DIMETHYLMERCURY,713.8979788189146
HEXACHLOROSILANE,614.0663308223458
HEXACHLORODISILOXANE,611.3054736964905
TRISILANE,511.3994391165533
ETHYLBENZENE HYDROPEROXIDE,725.5481719889083
"2,6-DIAMINOTOLUENE",807.1791439763957
ACETOVANILLONE,773.9394870569059
VANILLIN,751.5833666473017
DIGLYCOLIC ACID,835.1166868426862
LEVULINIC ACID,715.987476225425
MALIC ACID,798.4170205553401
GUAIACOL,708.0937512555441
ETHYLENE GLYCOL MONOPROPYL ETHER,610.6280496218961
2-(2-BUTOXYETHOXY)ETHANOL,684.3572688493134
m-CHLOROANILINE,746.3873751555906
4-CHLORO-3-NITROBENZOTRIFLUORIDE,690.7168791960311
"3,4-DICHLOROPHENYL ISOCYANATE",737.3155184826204
ETHYLENEDIAMINETETRAACETIC ACID,807.5714833265455
3-NITROBENZOTRIFLUORIDE,693.3605752533172
TRICHLOROACETALDEHYDE,569.4645396220649
TRICHLOROACETIC ACID,683.628909289518
CHLOROACETALDEHYDE,543.6069727877838
DICHLOROACETALDEHYDE,561.7369022356187
"1-CHLORO-2,4-DINITROBENZENE",805.6039246305253
p-DIMETHYLAMINOBENZALDEHYDE,796.5104907465806
ETHYL CHLOROFORMATE,531.0546655416225
METHOXYACETIC ACID,664.1939481720525
METHYL CHLOROFORMATE,528.058477653796
TETRACHLOROTHIOPHENE,742.7351666171318
"3,4-DICHLOROANILINE",780.0204295182164
"1,2-DICHLORO-4-NITROBENZENE",757.4383933285793
DEXTROSE,820.9055157841528
o-CHLORONITROBENZENE,752.8150816902224
p-CHLORONITROBENZENE,750.8745356463122
TRIETHYL PHOSPHATE,671.1898285971839
TRIMETHYL PHOSPHATE,678.5191532451702
HYDROXYLAMINE,675.290420392262
CYCLOHEXANONE OXIME,716.2283607852532
CARBAMYL CHLORIDE,577.189764258898
VINYLTRIMETHOXYSILANE,573.4933593209967
TRIMETHOXYSILANE,540.6428020348536
DIMETHYLDIMETHOXYSILANE,554.1449460754936
PHENYLTRICHLOROSILANE,700.9398462449453
PHENYLMETHYLDICHLOROSILANE,700.7804631276022
TRIMETHYL SILANOL,530.9809837187332
DECAMETHYLTETRASILOXANE,611.0999824462425
PYRUVIC ACID,647.5669693716725
SULFAMIC ACID,1202.0797931451573
BIS(CHLOROMETHYL)ETHER,577.6209480462641
BIS(CYANOETHYL)ETHER,740.589383493402
3-AMINO-1-PROPANOL,656.532480237618
1-AMINO-2-PROPANOL,623.9838819454504
METHYL CHLOROACETATE,580.8007601784768
ETHYL THIOLACETATE,641.0300687100049
ACETOACETANILIDE,835.4315935774176
OXAZOLE,571.9553986907565
ACETANILIDE,791.7637216761561
8-HYDROXYQUINOLINE,792.1419832369855
LACTONITRILE,651.8379445837335
LYSINE,816.0174755084888
DIMETHYL SULFATE,709.2432956211337
DIETHYL SULFATE,720.1675081152531
L-GLUTAMIC ACID,802.8973616926316
ASCORBIC ACID,825.601544748267
6-HYDROXYHEXANOIC ACID,736.0775014262063
CITRIC ACID,805.5382858870657
LACTIC ACID,693.4783229095995
TARTARIC ACID,843.1881680889456
HYDROXYCAPROIC ACID,688.3843703977468
ETHYL LACTATE,621.0237998954209
2-ETHOXYETHYL ACETATE,609.3931908271176
DIETHYLENE GLYCOL ETHYL ETHER ACETATE,677.9476162860846
METHYL ACETOACETATE,649.4827120476403
ETHYL ACETOACETATE,644.2280421209081
METHYL CYANOACETATE,675.6044441503287
ETHYL CYANOACETATE,678.4549592235885
3-METHOXYPROPIONITRILE,628.885147874345
ISOXAZOLE,594.4544295339548
"1,4-BENZENEDICARBOXYLIC ACID,BIS(2,3-DIHYDROXYPROPYL)ESTER",886.4490627412804
ETHYL HYDROGEN SULFATE,802.4979212354685
TEREPHTHALOYL CHLORIDE,765.3606951169439
PERFLUOROBUTANOIC ACID,511.4917821136054
TRIDECAFLUOROHEPTANOIC ACID,591.7810669205875
1-CHLORO-2-PROPANOL,579.8004214494257
ACRYLOXY PROPIONIC ACID,738.8614807734066
n-TETRASILANE,575.6631359063699
n-PENTASILANE,611.8239473029444
PENTAMETHYLDISILOXANE,523.0122434346745
PENTACHLORODISILANE,610.7624537702186
"1,2-BIS(METHYLDICHLOROSILYL) METHANE",645.8353511339213
"1,2-BIS(DIMETHYLCHLOROSILYL) METHANE",617.7462767297062
CHLOROTRIETHYLSILANE,615.7554692201047
TRIETHYL SILANE,613.0660536439256
TRIMETHYLARSINE,523.6554604238326
PROPANESULFONYL CHLORIDE,691.3061557975336
ETHANESULFONYL CHLORIDE,677.7261782156937
tert-BUTYLFORMAMIDE,647.6177623000235
CAFFEINE,844.7424840171469
N-METHYLACETAMIDE,671.4600656225122
THIODIGLYCOL,729.6176021044979
THIOUREA,801.5091959909317
DIMERCAPTOETHYL ETHER,701.5643058417528
2-MERCAPTOETHANOL,630.86609272637
ETHYLTHIOETHANOL,639.7483716855699
"1,2-ETHANEDITHIOL",633.6101430810457
DIETHYLETHANOLAMINE,604.6100285908113
METHYLETHANOLAMINE,635.7901776064839
DIMETHYLETHANOLAMINE,593.5609655060264
DIISOPROPANOLAMINE,689.77048319587
N-(2-HYDROXYETHYL)PIPERAZINE,760.8661439543156
3-METHOXYISOPROPYLAMINE,566.421452241612
ETHYLENE GLYCOL MONOBUTYL ETHER ACETATE,640.2440018958122
ETHYL VANILLIN,752.483918056286
2-HYDROXYETHYL ACRYLATE,677.6589392429324
2-HYDROXYPROPYL METHACRYLATE,666.1510499120277
ETHYL 3-ETHOXYPROPIONATE,622.8241218049394
BIS-(2-HYDROXYETHYL) TEREPHTHALATE,850.0957265841657
2-HYDROXYPROPYL ACRYLATE,688.379251606846
DI-(2-CHLOROETHOXY)METHANE,680.438692154158
SACCHARIN,898.9656014941928
1-METHYLVINYL ACETATE,554.7032226873854
2-PENTOXYETHANOL,636.9252690028123
1-CHLORO-3-PROPANOL,612.8870565491505
TRIFLUOROACETAMIDE,561.4719522026019
METHOXYACETONE,567.2439349522509
DILACTIDE (dl),696.5108214120079
STIGMASTEROL,944.9489196817667
2-(2-PENTOXYETHOXY)ETHANOL,699.0218698434031
METHYL-4-FORMYLBENZOATE,760.2949006179375
HYDROXYPIVALYL HYDROXYPIVALATE,734.2352062512633
TETRAETHYLENE GLYCOL MONOBUTYL ETHER,728.7097640209627
METHYL para-TOLUATE,717.4234094398572
PHENYL ACETATE,692.949262508377
4-[(TETRAHYDRO-2-FURANYL)OXY]-1-BUTANOL,707.1219587882047
PROPYLENE GLYCOL n-BUTYL ETHER,623.4396459685728
DIPROPYLENE GLYCOL n-BUTYL ETHER,658.8115079927188
MONOBUTYL SULFATE,836.5350618822864
TRIETHYLENE GLYCOL BIS(2-ETHYLHEXANOATE),821.450559219552
"4,6-DINITRO-o-sec-BUTYLPHENOL",806.5775422562776
TRIMETHYL BORATE,521.1491441840494
t-BUTYL ACETOACETATE,638.0381418630113
TRIETHYLENE GLYCOL n-PROPYL ETHER,718.2246572465492
TRIETHYLENE GLYCOL n-HEXYL ETHER,734.8056339068495
"1,3-DIMETHYL UREA",743.2684424790825
MONOMETHYL UREA,781.8786544337012
BIS-(2-AMINOETHYL)ETHER,684.6386839644088
4-(2-AMINOETHYL)MORPHOLINE,697.2901359180014
N-ETHYLMORPHOLINE,613.362840493522
PROPYLENE GLYCOL alpha-METHYLBENZYL ETHER,724.2489756148475
2-(alpha-METHYLBENZYLOXY)-1-PROPANOL,724.5689626716878
METHYL-3-MERCAPTOPROPIONATE,645.7464619857894
HEPTAFLUOROPROPYL METHYL ETHER,442.2442004681762
1-METHOXY-2-PROPANOL PROPANOATE,615.3610678528252
MONOMETHYL TEREPHTHALATE,805.4407729331525
ETHYL LEVULINATE,659.8583176948542
4-(2-METHOXYETHYL)MORPHOLINE,673.8324547408923
4-(2-HYDROXYETHYL)MORPHOLINE,689.4504155617458
PENTAFLUORO(TRIFLUOROMETHYL)SULFUR,371.87135938478303
BIS(TRIFLUOROMETHYL)SULFIDE,372.1829522123713
"2,4-DIMETHYL-1,3-DIOXOLANE-2-METHANOL",636.9523368021181
ACETOIN,610.2350651826506
"2-CHLORO-1,3-PROPANEDIOL",677.715303790078
"1,3-DIMETHYL-2-IMIDAZOLIDINONE",656.7168238798237
N-ETHYL-2-PYRROLIDONE,699.780154521603
ETHYL PHENYL CARBONATE,711.111981198125
TRI-n-BUTYL PHOSPHATE,719.3857517597546
5-(HYDROXYMETHYL) FURFURAL,783.5000895101374
LEVOGLUCOSAN,894.1367928314417
D-GALACTOSE,1013.7551586026578
D-MANNOSE,1013.7551586026578
2-AMINO-2-METHYL-1-PROPANOL,625.3264073477559
L-ARABINOSE,943.5282658892529
D-XYLOSE,943.5282658892529
o-ANISIDINE,741.3348858447571
"N,N'-DI(2-HYDROXYETHYL)PIPERAZINE",799.9459921139719
TETRAETHYLENE GLYCOL MONOMETHYL ETHER,724.553953388275
TETRAETHYLENE GLYCOL MONOETHYL ETHER,729.1247332637605
CELLOBIOSE,1148.9612626112748
alpha-HYDROXYISOBUTYRAMIDE,767.244481750919
METHYL alpha-HYDROXYISOBUTYRATE,599.7764992089926
METHYL alpha-METHOXYISOBUTYRATE,590.2775960619616
2-OXAZOLIDONE,865.8736919969389
SYRINGOL,746.8065225025986
"FURAN 2,5-DICARBOXYLIC ACID",872.5170709589311
N-NITROSODIMETHYLAMINE,629.994870230649
3-HYDROXYBUTYROLACTONE,796.4973084111783
N-NITROSODIETHANOLAMINE,763.5545674088759
"2,4,6-TRINITROPHENOL",840.6174968479822
"2,4-DINITROPHENOL",787.8853268734246
"2,6-DINITROPHENOL",776.5373072981282
VANILLIC ACID,811.3718353273008
4-((2-HYDROXYETHOXY)CARBONYL) BENZOIC ACID,861.5011092881538
trans-ISOEUGENOL,752.084369787219
"1,4-BENZENEDICARBOXYLIC ACID, 2-HYDROXYETHYL METHYL ESTER",822.3183222938382
5-METHYL FURFURAL,686.3887588041063
ISOSORBIDE,838.206749008953
4-METHYLGUAIACOL,714.7996958378861
METHYL RICINOLEATE,796.4792731156734
SYRINGALDEHYDE,771.2719692264039
MALTOL,753.3060774763441
DIPHENYL CARBONATE,803.8225273304878
SALICYLIC ACID PHENYL ESTER,813.9666741492175
D-FRUCTOSE,995.168401735911
DIETHYLENE GLYCOL DIBENZOATE,848.2883289717593
DIPROPYLENE GLYCOL DIBENZOATE,854.3683620359923
3-METHOXY-3-BUTEN-2-ONE,590.6138634805966
"PIPERAZINE-2,5-DIONE",961.3855810617845
1-(2-HYDROXYETHYL) IMIDAZOLE,846.0587673878749
2-PENTANONE OXIME,617.6387756273167
"N,N-DIMETHYLOCTANAMIDE",714.0266790326816
TRIETHYLENE GLYCOL DIBENZOATE,876.1995689739516
"2,2-DIFLUOROETHYL ACETATE",547.2497194825027
1-HYDROXY-2-BUTANONE,628.1700790095086
"N,N,N'-TRIS(HYDROXYETHYL) ETHYLENEDIAMINE",836.8686519452879
"N,N'-BIS(2-(2-HYDROXYETHOXY) ETHYL) UREA",833.2920606966602
4-ACETOXY-2-BUTANONE,655.5174355785412
1-FORMYLPIPERIDINE,719.527870601923
p-ANISIDINE,754.5103754509316
METHYL PHENYL CARBONATE,705.4936506443904
