name,SMILES,Tc,Tc_std
P1,C,190.64837925018622,0.01595316389979117
P2,CC,304.92678291317486,0.015786153697419272
P3,CCC,369.11487573664664,0.01554318199033308
P4,CCCC,423.35565270851765,0.02191069369391261
P5,CCCCC,469.3878273498368,0.014712184636745623
P6,CCCCCC,508.09444546822294,0.014188133079752422
P7,CCCCCCC,540.5602180791046,0.014054261391872472
P8,CCCCCCCC,569.602300352771,0.013938232017360414
P9,CCCCCCCCC,594.7762036551965,0.013856339850933415
P10,CCCCCCCCCC,618.0280133378632,0.014361661127516856
P11,CCCCCCCCCCC,638.6970816046742,0.016411749851748057
P12,CCCCCCCCCCCC,658.2609435661096,0.014898390323613694
P13,CCCCCCCCCCCCC,676.938253182316,0.016222628614310522
P14,CCCCCCCCCCCCCC,693.1817956526346,0.014385758463818827
P15,CCCCCCCCCCCCCCC,708.2853785921595,0.013916069414486993
P16,CCCCCCCCCCCCCCCC,722.1271432304579,0.01445633304801037
P17,CCCCCCCCCCCCCCCCC,735.485149054099,0.01628117218592935
P18,CCCCCCCCCCCCCCCCCC,747.6846528585199,0.014446949357251796
P19,CCCCCCCCCCCCCCCCCCC,759.3408451687201,0.014702793805680658
P20,CCCCCCCCCCCCCCCCCCCC,770.1036290942575,0.018930493793095644
P21,CCCCCCCCCCCCCCCCCCCCC,780.766123581236,0.018873687048748783
P22,CCCCCCCCCCCCCCCCCCCCCC,790.7727381192002,0.014692253324137244
P23,CCCCCCCCCCCCCCCCCCCCCCC,800.3871761898342,0.013925828811037828
P24,CCCCCCCCCCCCCCCCCCCCCCCC,809.2581312233591,0.013922009054777532
P25,CCCCCCCCCCCCCCCCCCCCCCCCC,817.87487502976,0.013925593751684588
P26,CCCCCCCCCCCCCCCCCCCCCCCCCC,825.846365569192,0.01392326155816003
P27,CCCCCCCCCCCCCCCCCCCCCCCCCCC,833.7112408245437,0.013934622180156992
P28,CCCCCCCCCCCCCCCCCCCCCCCCCCCC,841.1453426797541,0.013961074590083663
P29,CCCCCCCCCCCCCCCCCCCCCCCCCCCCC,848.6101553126692,0.01404469398732597
P30,CCCCCCCCCCCCCCCCCCCCCCCCCCCCCC,854.6558561763466,0.01525907432257756
P31,CCCCCCCCCCCCCCCCCCCCCCCCCCCCCCC,858.0299250422064,0.030120810202696437
P32,CCCCCCCCCCCCCCCCCCCCCCCCCCCCCCCC,857.7956485120551,0.05567578480650588
P33,CCCCCCCCCCCCCCCCCCCCCCCCCCCCCCCCC,854.6966384818553,0.08586714655210792
P34,CCCCCCCCCCCCCCCCCCCCCCCCCCCCCCCCCC,848.3715544112116,0.11856101806385523
P35,CCCCCCCCCCCCCCCCCCCCCCCCCCCCCCCCCCC,839.6273389206211,0.1527262942441383
P36,CCCCCCCCCCCCCCCCCCCCCCCCCCCCCCCCCCCC,828.1538291510677,0.1876792020361263
P37,CCCCCCCCCCCCCCCCCCCCCCCCCCCCCCCCCCCCC,814.7583152851076,0.22301435767089392
P38,CCCCCCCCCCCCCCCCCCCCCCCCCCCCCCCCCCCCCC,799.1845038642605,0.25839086041236914
P39,CCCCCCCCCCCCCCCCCCCCCCCCCCCCCCCCCCCCCCC,782.2072912600917,0.29360700124124184
P40,CCCCCCCCCCCCCCCCCCCCCCCCCCCCCCCCCCCCCCCC,763.6167442447356,0.3284549839501528
P41,CCCCCCCCCCCCCCCCCCCCCCCCCCCCCCCCCCCCCCCCC,744.1244339366053,0.36281901713754056
P42,CCCCCCCCCCCCCCCCCCCCCCCCCCCCCCCCCCCCCCCCCC,723.5521622390331,0.39655559552744607
P43,CCCCCCCCCCCCCCCCCCCCCCCCCCCCCCCCCCCCCCCCCCC,702.5292028479384,0.429593534701501
P44,CCCCCCCCCCCCCCCCCCCCCCCCCCCCCCCCCCCCCCCCCCCC,680.8969865584721,0.4618281994986189
P45,CCCCCCCCCCCCCCCCCCCCCCCCCCCCCCCCCCCCCCCCCCCCC,659.1932535399086,0.4932171928468742
P46,CCCCCCCCCCCCCCCCCCCCCCCCCCCCCCCCCCCCCCCCCCCCCC,637.2719474527852,0.5236841142497421
P47,CCCCCCCCCCCCCCCCCCCCCCCCCCCCCCCCCCCCCCCCCCCCCCC,615.5774106866569,0.5532081567749021
P48,CCCCCCCCCCCCCCCCCCCCCCCCCCCCCCCCCCCCCCCCCCCCCCCC,593.9724821028882,0.5817354569623919
P49,CCCCCCCCCCCCCCCCCCCCCCCCCCCCCCCCCCCCCCCCCCCCCCCCC,572.8160089784806,0.6092624126808421
P50,CCCCCCCCCCCCCCCCCCCCCCCCCCCCCCCCCCCCCCCCCCCCCCCCCC,551.9765328923563,0.6357537020034534
P51,CCCCCCCCCCCCCCCCCCCCCCCCCCCCCCCCCCCCCCCCCCCCCCCCCCC,531.7375147361066,0.661219487691854
P52,CCCCCCCCCCCCCCCCCCCCCCCCCCCCCCCCCCCCCCCCCCCCCCCCCCCC,511.9744285349811,0.685639684616682
P53,CCCCCCCCCCCCCCCCCCCCCCCCCCCCCCCCCCCCCCCCCCCCCCCCCCCCC,492.90530209750926,0.7090352171350753
P54,CCCCCCCCCCCCCCCCCCCCCCCCCCCCCCCCCCCCCCCCCCCCCCCCCCCCCC,474.4129535168908,0.7313983185077633
P55,CCCCCCCCCCCCCCCCCCCCCCCCCCCCCCCCCCCCCCCCCCCCCCCCCCCCCCC,456.66245772780553,0.7527580560685452
P56,CCCCCCCCCCCCCCCCCCCCCCCCCCCCCCCCCCCCCCCCCCCCCCCCCCCCCCCC,439.5444314895836,0.7731163924180005
P57,CCCCCCCCCCCCCCCCCCCCCCCCCCCCCCCCCCCCCCCCCCCCCCCCCCCCCCCCC,423.1811693677639,0.7925082068000142
P58,CCCCCCCCCCCCCCCCCCCCCCCCCCCCCCCCCCCCCCCCCCCCCCCCCCCCCCCCCC,407.47089662086336,0.8109429447581143
P59,CCCCCCCCCCCCCCCCCCCCCCCCCCCCCCCCCCCCCCCCCCCCCCCCCCCCCCCCCCC,392.5030277781509,0.8284593145346134
P60,CCCCCCCCCCCCCCCCCCCCCCCCCCCCCCCCCCCCCCCCCCCCCCCCCCCCCCCCCCCC,378.1842956431306,0.8450722995662077
P61,CCCCCCCCCCCCCCCCCCCCCCCCCCCCCCCCCCCCCCCCCCCCCCCCCCCCCCCCCCCCC,364.57758945368096,0.8608227685417498
P62,CCCCCCCCCCCCCCCCCCCCCCCCCCCCCCCCCCCCCCCCCCCCCCCCCCCCCCCCCCCCCC,351.5994382121297,0.8757296175854385
P63,CCCCCCCCCCCCCCCCCCCCCCCCCCCCCCCCCCCCCCCCCCCCCCCCCCCCCCCCCCCCCCC,339.2918206212863,0.8898345101600124
P64,CCCCCCCCCCCCCCCCCCCCCCCCCCCCCCCCCCCCCCCCCCCCCCCCCCCCCCCCCCCCCCCC,327.5800776587618,0.9031588864129664
P65,CCCCCCCCCCCCCCCCCCCCCCCCCCCCCCCCCCCCCCCCCCCCCCCCCCCCCCCCCCCCCCCCC,316.49151840260515,0.9157441210798044
P66,CCCCCCCCCCCCCCCCCCCCCCCCCCCCCCCCCCCCCCCCCCCCCCCCCCCCCCCCCCCCCCCCCC,305.9595047625767,0.927613096231441
P67,CCCCCCCCCCCCCCCCCCCCCCCCCCCCCCCCCCCCCCCCCCCCCCCCCCCCCCCCCCCCCCCCCCC,296.00079292107336,0.9388060625479887
P68,CCCCCCCCCCCCCCCCCCCCCCCCCCCCCCCCCCCCCCCCCCCCCCCCCCCCCCCCCCCCCCCCCCCC,286.5559490963892,0.9493464528822245
P69,CCCCCCCCCCCCCCCCCCCCCCCCCCCCCCCCCCCCCCCCCCCCCCCCCCCCCCCCCCCCCCCCCCCCC,277.6338374630045,0.9592727749907531
P70,CCCCCCCCCCCCCCCCCCCCCCCCCCCCCCCCCCCCCCCCCCCCCCCCCCCCCCCCCCCCCCCCCCCCCC,269.18238152776604,0.9686083202944961
P71,CCCCCCCCCCCCCCCCCCCCCCCCCCCCCCCCCCCCCCCCCCCCCCCCCCCCCCCCCCCCCCCCCCCCCCC,261.2047024867991,0.9773894203301947
P72,CCCCCCCCCCCCCCCCCCCCCCCCCCCCCCCCCCCCCCCCCCCCCCCCCCCCCCCCCCCCCCCCCCCCCCCC,253.6552462711455,0.9856387020666556
P73,CCCCCCCCCCCCCCCCCCCCCCCCCCCCCCCCCCCCCCCCCCCCCCCCCCCCCCCCCCCCCCCCCCCCCCCCC,246.5328340229513,0.9933900372296923
P74,CCCCCCCCCCCCCCCCCCCCCCCCCCCCCCCCCCCCCCCCCCCCCCCCCCCCCCCCCCCCCCCCCCCCCCCCCC,239.7978576818377,1.0006650073848902
P75,CCCCCCCCCCCCCCCCCCCCCCCCCCCCCCCCCCCCCCCCCCCCCCCCCCCCCCCCCCCCCCCCCCCCCCCCCCC,233.44686870409308,1.007494869587803
P76,CCCCCCCCCCCCCCCCCCCCCCCCCCCCCCCCCCCCCCCCCCCCCCCCCCCCCCCCCCCCCCCCCCCCCCCCCCCC,227.44498332832546,1.0138999043792796
P77,CCCCCCCCCCCCCCCCCCCCCCCCCCCCCCCCCCCCCCCCCCCCCCCCCCCCCCCCCCCCCCCCCCCCCCCCCCCCC,221.78731837090865,1.019908691583434
P78,CCCCCCCCCCCCCCCCCCCCCCCCCCCCCCCCCCCCCCCCCCCCCCCCCCCCCCCCCCCCCCCCCCCCCCCCCCCCCC,216.44346345783367,1.0255400512374782
P79,CCCCCCCCCCCCCCCCCCCCCCCCCCCCCCCCCCCCCCCCCCCCCCCCCCCCCCCCCCCCCCCCCCCCCCCCCCCCCCC,211.40733407264648,1.0308199123328028
P80,CCCCCCCCCCCCCCCCCCCCCCCCCCCCCCCCCCCCCCCCCCCCCCCCCCCCCCCCCCCCCCCCCCCCCCCCCCCCCCCC,206.6527447391918,1.0357655483297783
P81,CCCCCCCCCCCCCCCCCCCCCCCCCCCCCCCCCCCCCCCCCCCCCCCCCCCCCCCCCCCCCCCCCCCCCCCCCCCCCCCCC,202.17291846363614,1.0404003237430715
P82,CCCCCCCCCCCCCCCCCCCCCCCCCCCCCCCCCCCCCCCCCCCCCCCCCCCCCCCCCCCCCCCCCCCCCCCCCCCCCCCCCC,197.94514257326958,1.044739944852696
P83,CCCCCCCCCCCCCCCCCCCCCCCCCCCCCCCCCCCCCCCCCCCCCCCCCCCCCCCCCCCCCCCCCCCCCCCCCCCCCCCCCCC,193.9627182845721,1.0488053368494021
P84,CCCCCCCCCCCCCCCCCCCCCCCCCCCCCCCCCCCCCCCCCCCCCCCCCCCCCCCCCCCCCCCCCCCCCCCCCCCCCCCCCCCC,190.20567759909622,1.0526106671734066
P85,CCCCCCCCCCCCCCCCCCCCCCCCCCCCCCCCCCCCCCCCCCCCCCCCCCCCCCCCCCCCCCCCCCCCCCCCCCCCCCCCCCCCC,186.66732290694222,1.0561745758735255
P86,CCCCCCCCCCCCCCCCCCCCCCCCCCCCCCCCCCCCCCCCCCCCCCCCCCCCCCCCCCCCCCCCCCCCCCCCCCCCCCCCCCCCCC,183.33067847566852,1.0595097570332639
P87,CCCCCCCCCCCCCCCCCCCCCCCCCCCCCCCCCCCCCCCCCCCCCCCCCCCCCCCCCCCCCCCCCCCCCCCCCCCCCCCCCCCCCCC,180.1887395986779,1.062632737833959
P88,CCCCCCCCCCCCCCCCCCCCCCCCCCCCCCCCCCCCCCCCCCCCCCCCCCCCCCCCCCCCCCCCCCCCCCCCCCCCCCCCCCCCCCCC,177.2270524783117,1.0655548226581706
P89,CCCCCCCCCCCCCCCCCCCCCCCCCCCCCCCCCCCCCCCCCCCCCCCCCCCCCCCCCCCCCCCCCCCCCCCCCCCCCCCCCCCCCCCCC,174.43896781792168,1.0682906121567255
P90,CCCCCCCCCCCCCCCCCCCCCCCCCCCCCCCCCCCCCCCCCCCCCCCCCCCCCCCCCCCCCCCCCCCCCCCCCCCCCCCCCCCCCCCCCC,171.81177379551355,1.0708501230753467
P91,CCCCCCCCCCCCCCCCCCCCCCCCCCCCCCCCCCCCCCCCCCCCCCCCCCCCCCCCCCCCCCCCCCCCCCCCCCCCCCCCCCCCCCCCCCC,169.33942749693335,1.073246208835909
P92,CCCCCCCCCCCCCCCCCCCCCCCCCCCCCCCCCCCCCCCCCCCCCCCCCCCCCCCCCCCCCCCCCCCCCCCCCCCCCCCCCCCCCCCCCCCC,167.01066290952863,1.07548771256408
P93,CCCCCCCCCCCCCCCCCCCCCCCCCCCCCCCCCCCCCCCCCCCCCCCCCCCCCCCCCCCCCCCCCCCCCCCCCCCCCCCCCCCCCCCCCCCCC,164.81992971923648,1.0775859200836415
P94,CCCCCCCCCCCCCCCCCCCCCCCCCCCCCCCCCCCCCCCCCCCCCCCCCCCCCCCCCCCCCCCCCCCCCCCCCCCCCCCCCCCCCCCCCCCCCC,162.75739156900164,1.079548612595837
P95,CCCCCCCCCCCCCCCCCCCCCCCCCCCCCCCCCCCCCCCCCCCCCCCCCCCCCCCCCCCCCCCCCCCCCCCCCCCCCCCCCCCCCCCCCCCCCCC,160.81780870095034,1.0813856797407952
P96,CCCCCCCCCCCCCCCCCCCCCCCCCCCCCCCCCCCCCCCCCCCCCCCCCCCCCCCCCCCCCCCCCCCCCCCCCCCCCCCCCCCCCCCCCCCCCCCC,158.99264850972554,1.083103951075998
P97,CCCCCCCCCCCCCCCCCCCCCCCCCCCCCCCCCCCCCCCCCCCCCCCCCCCCCCCCCCCCCCCCCCCCCCCCCCCCCCCCCCCCCCCCCCCCCCCCC,157.27711934860318,1.0847120821748226
P98,CCCCCCCCCCCCCCCCCCCCCCCCCCCCCCCCCCCCCCCCCCCCCCCCCCCCCCCCCCCCCCCCCCCCCCCCCCCCCCCCCCCCCCCCCCCCCCCCCC,155.6636703140538,1.0862160568534849
P99,CCCCCCCCCCCCCCCCCCCCCCCCCCCCCCCCCCCCCCCCCCCCCCCCCCCCCCCCCCCCCCCCCCCCCCCCCCCCCCCCCCCCCCCCCCCCCCCCCCC,154.14781996240586,1.0876234440273649
P100,CCCCCCCCCCCCCCCCCCCCCCCCCCCCCCCCCCCCCCCCCCCCCCCCCCCCCCCCCCCCCCCCCCCCCCCCCCCCCCCCCCCCCCCCCCCCCCCCCCCC,152.72314415803754,1.0889394828510535
P101,CCCCCCCCCCCCCCCCCCCCCCCCCCCCCCCCCCCCCCCCCCCCCCCCCCCCCCCCCCCCCCCCCCCCCCCCCCCCCCCCCCCCCCCCCCCCCCCCCCCCC,151.38538842000565,1.090170787789823
P102,CCCCCCCCCCCCCCCCCCCCCCCCCCCCCCCCCCCCCCCCCCCCCCCCCCCCCCCCCCCCCCCCCCCCCCCCCCCCCCCCCCCCCCCCCCCCCCCCCCCCCC,150.12889179820974,1.0913219456037195
P103,CCCCCCCCCCCCCCCCCCCCCCCCCCCCCCCCCCCCCCCCCCCCCCCCCCCCCCCCCCCCCCCCCCCCCCCCCCCCCCCCCCCCCCCCCCCCCCCCCCCCCCC,148.94942337516702,1.0923982625798754
P104,CCCCCCCCCCCCCCCCCCCCCCCCCCCCCCCCCCCCCCCCCCCCCCCCCCCCCCCCCCCCCCCCCCCCCCCCCCCCCCCCCCCCCCCCCCCCCCCCCCCCCCCC,147.8425634452202,1.093404539867125
P105,CCCCCCCCCCCCCCCCCCCCCCCCCCCCCCCCCCCCCCCCCCCCCCCCCCCCCCCCCCCCCCCCCCCCCCCCCCCCCCCCCCCCCCCCCCCCCCCCCCCCCCCCC,146.80443493987613,1.094345195102206
P106,CCCCCCCCCCCCCCCCCCCCCCCCCCCCCCCCCCCCCCCCCCCCCCCCCCCCCCCCCCCCCCCCCCCCCCCCCCCCCCCCCCCCCCCCCCCCCCCCCCCCCCCCCC,145.83104974208754,1.0952243892145934
P107,CCCCCCCCCCCCCCCCCCCCCCCCCCCCCCCCCCCCCCCCCCCCCCCCCCCCCCCCCCCCCCCCCCCCCCCCCCCCCCCCCCCCCCCCCCCCCCCCCCCCCCCCCCC,144.9187141107623,1.096045974571082
P108,CCCCCCCCCCCCCCCCCCCCCCCCCCCCCCCCCCCCCCCCCCCCCCCCCCCCCCCCCCCCCCCCCCCCCCCCCCCCCCCCCCCCCCCCCCCCCCCCCCCCCCCCCCCC,144.06413639815597,1.0968135867078561
P109,CCCCCCCCCCCCCCCCCCCCCCCCCCCCCCCCCCCCCCCCCCCCCCCCCCCCCCCCCCCCCCCCCCCCCCCCCCCCCCCCCCCCCCCCCCCCCCCCCCCCCCCCCCCCC,143.26361342408248,1.097530599738687
P110,CCCCCCCCCCCCCCCCCCCCCCCCCCCCCCCCCCCCCCCCCCCCCCCCCCCCCCCCCCCCCCCCCCCCCCCCCCCCCCCCCCCCCCCCCCCCCCCCCCCCCCCCCCCCCC,142.5144088732044,1.09820019865324
P111,CCCCCCCCCCCCCCCCCCCCCCCCCCCCCCCCCCCCCCCCCCCCCCCCCCCCCCCCCCCCCCCCCCCCCCCCCCCCCCCCCCCCCCCCCCCCCCCCCCCCCCCCCCCCCCC,141.81340010249926,1.0988253451978032
P112,CCCCCCCCCCCCCCCCCCCCCCCCCCCCCCCCCCCCCCCCCCCCCCCCCCCCCCCCCCCCCCCCCCCCCCCCCCCCCCCCCCCCCCCCCCCCCCCCCCCCCCCCCCCCCCCC,141.1577810301312,1.0994088349973734
P113,CCCCCCCCCCCCCCCCCCCCCCCCCCCCCCCCCCCCCCCCCCCCCCCCCCCCCCCCCCCCCCCCCCCCCCCCCCCCCCCCCCCCCCCCCCCCCCCCCCCCCCCCCCCCCCCCC,140.5449966022677,1.0999532705445711
P114,CCCCCCCCCCCCCCCCCCCCCCCCCCCCCCCCCCCCCCCCCCCCCCCCCCCCCCCCCCCCCCCCCCCCCCCCCCCCCCCCCCCCCCCCCCCCCCCCCCCCCCCCCCCCCCCCCC,139.97252285120416,1.1004611115406444
P115,CCCCCCCCCCCCCCCCCCCCCCCCCCCCCCCCCCCCCCCCCCCCCCCCCCCCCCCCCCCCCCCCCCCCCCCCCCCCCCCCCCCCCCCCCCCCCCCCCCCCCCCCCCCCCCCCCCC,139.43772326916883,1.1009346497347166
P116,CCCCCCCCCCCCCCCCCCCCCCCCCCCCCCCCCCCCCCCCCCCCCCCCCCCCCCCCCCCCCCCCCCCCCCCCCCCCCCCCCCCCCCCCCCCCCCCCCCCCCCCCCCCCCCCCCCCC,138.93863555636483,1.1013760493491835
P117,CCCCCCCCCCCCCCCCCCCCCCCCCCCCCCCCCCCCCCCCCCCCCCCCCCCCCCCCCCCCCCCCCCCCCCCCCCCCCCCCCCCCCCCCCCCCCCCCCCCCCCCCCCCCCCCCCCCCC,138.473066456157,1.1017873319131106
P118,CCCCCCCCCCCCCCCCCCCCCCCCCCCCCCCCCCCCCCCCCCCCCCCCCCCCCCCCCCCCCCCCCCCCCCCCCCCCCCCCCCCCCCCCCCCCCCCCCCCCCCCCCCCCCCCCCCCCCC,138.03887838493654,1.102170405189178
P119,CCCCCCCCCCCCCCCCCCCCCCCCCCCCCCCCCCCCCCCCCCCCCCCCCCCCCCCCCCCCCCCCCCCCCCCCCCCCCCCCCCCCCCCCCCCCCCCCCCCCCCCCCCCCCCCCCCCCCCC,137.63428420844053,1.102527053758686
P120,CCCCCCCCCCCCCCCCCCCCCCCCCCCCCCCCCCCCCCCCCCCCCCCCCCCCCCCCCCCCCCCCCCCCCCCCCCCCCCCCCCCCCCCCCCCCCCCCCCCCCCCCCCCCCCCCCCCCCCCC,137.25733638200725,1.102858961546019
P121,CCCCCCCCCCCCCCCCCCCCCCCCCCCCCCCCCCCCCCCCCCCCCCCCCCCCCCCCCCCCCCCCCCCCCCCCCCCCCCCCCCCCCCCCCCCCCCCCCCCCCCCCCCCCCCCCCCCCCCCCC,136.90657399563176,1.1031677037592935
P122,CCCCCCCCCCCCCCCCCCCCCCCCCCCCCCCCCCCCCCCCCCCCCCCCCCCCCCCCCCCCCCCCCCCCCCCCCCCCCCCCCCCCCCCCCCCCCCCCCCCCCCCCCCCCCCCCCCCCCCCCCC,136.58013008758886,1.1034547697269315
P123,CCCCCCCCCCCCCCCCCCCCCCCCCCCCCCCCCCCCCCCCCCCCCCCCCCCCCCCCCCCCCCCCCCCCCCCCCCCCCCCCCCCCCCCCCCCCCCCCCCCCCCCCCCCCCCCCCCCCCCCCCCC,136.27659636348014,1.1037215501409312
P124,CCCCCCCCCCCCCCCCCCCCCCCCCCCCCCCCCCCCCCCCCCCCCCCCCCCCCCCCCCCCCCCCCCCCCCCCCCCCCCCCCCCCCCCCCCCCCCCCCCCCCCCCCCCCCCCCCCCCCCCCCCCC,135.99464241622482,1.1039693608600494
P125,CCCCCCCCCCCCCCCCCCCCCCCCCCCCCCCCCCCCCCCCCCCCCCCCCCCCCCCCCCCCCCCCCCCCCCCCCCCCCCCCCCCCCCCCCCCCCCCCCCCCCCCCCCCCCCCCCCCCCCCCCCCCC,135.73263017881413,1.104199431840904
P126,CCCCCCCCCCCCCCCCCCCCCCCCCCCCCCCCCCCCCCCCCCCCCCCCCCCCCCCCCCCCCCCCCCCCCCCCCCCCCCCCCCCCCCCCCCCCCCCCCCCCCCCCCCCCCCCCCCCCCCCCCCCCCC,135.48947887378844,1.1044129257317836
P127,CCCCCCCCCCCCCCCCCCCCCCCCCCCCCCCCCCCCCCCCCCCCCCCCCCCCCCCCCCCCCCCCCCCCCCCCCCCCCCCCCCCCCCCCCCCCCCCCCCCCCCCCCCCCCCCCCCCCCCCCCCCCCCC,135.263880966397,1.1046109301900535
P128,CCCCCCCCCCCCCCCCCCCCCCCCCCCCCCCCCCCCCCCCCCCCCCCCCCCCCCCCCCCCCCCCCCCCCCCCCCCCCCCCCCCCCCCCCCCCCCCCCCCCCCCCCCCCCCCCCCCCCCCCCCCCCCCC,135.05476428859401,1.1047944712052182
P129,CCCCCCCCCCCCCCCCCCCCCCCCCCCCCCCCCCCCCCCCCCCCCCCCCCCCCCCCCCCCCCCCCCCCCCCCCCCCCCCCCCCCCCCCCCCCCCCCCCCCCCCCCCCCCCCCCCCCCCCCCCCCCCCCC,134.8609075351964,1.1049645112425215
P130,CCCCCCCCCCCCCCCCCCCCCCCCCCCCCCCCCCCCCCCCCCCCCCCCCCCCCCCCCCCCCCCCCCCCCCCCCCCCCCCCCCCCCCCCCCCCCCCCCCCCCCCCCCCCCCCCCCCCCCCCCCCCCCCCCC,134.68144829069493,1.1051219546923223
P131,CCCCCCCCCCCCCCCCCCCCCCCCCCCCCCCCCCCCCCCCCCCCCCCCCCCCCCCCCCCCCCCCCCCCCCCCCCCCCCCCCCCCCCCCCCCCCCCCCCCCCCCCCCCCCCCCCCCCCCCCCCCCCCCCCCC,134.51541071235567,1.1052676512024293
P132,CCCCCCCCCCCCCCCCCCCCCCCCCCCCCCCCCCCCCCCCCCCCCCCCCCCCCCCCCCCCCCCCCCCCCCCCCCCCCCCCCCCCCCCCCCCCCCCCCCCCCCCCCCCCCCCCCCCCCCCCCCCCCCCCCCCC,134.3618708207041,1.105402399537228
P133,CCCCCCCCCCCCCCCCCCCCCCCCCCCCCCCCCCCCCCCCCCCCCCCCCCCCCCCCCCCCCCCCCCCCCCCCCCCCCCCCCCCCCCCCCCCCCCCCCCCCCCCCCCCCCCCCCCCCCCCCCCCCCCCCCCCCC,134.2199243643291,1.1055269483361723
P134,CCCCCCCCCCCCCCCCCCCCCCCCCCCCCCCCCCCCCCCCCCCCCCCCCCCCCCCCCCCCCCCCCCCCCCCCCCCCCCCCCCCCCCCCCCCCCCCCCCCCCCCCCCCCCCCCCCCCCCCCCCCCCCCCCCCCCC,134.08891893561074,1.105642001410808
P135,CCCCCCCCCCCCCCCCCCCCCCCCCCCCCCCCCCCCCCCCCCCCCCCCCCCCCCCCCCCCCCCCCCCCCCCCCCCCCCCCCCCCCCCCCCCCCCCCCCCCCCCCCCCCCCCCCCCCCCCCCCCCCCCCCCCCCCC,133.96780703009793,1.1057482169207462
P136,CCCCCCCCCCCCCCCCCCCCCCCCCCCCCCCCCCCCCCCCCCCCCCCCCCCCCCCCCCCCCCCCCCCCCCCCCCCCCCCCCCCCCCCCCCCCCCCCCCCCCCCCCCCCCCCCCCCCCCCCCCCCCCCCCCCCCCCC,133.85618237746075,1.1058462146511405
P137,CCCCCCCCCCCCCCCCCCCCCCCCCCCCCCCCCCCCCCCCCCCCCCCCCCCCCCCCCCCCCCCCCCCCCCCCCCCCCCCCCCCCCCCCCCCCCCCCCCCCCCCCCCCCCCCCCCCCCCCCCCCCCCCCCCCCCCCCC,133.75331920354597,1.1059365741883385
P138,CCCCCCCCCCCCCCCCCCCCCCCCCCCCCCCCCCCCCCCCCCCCCCCCCCCCCCCCCCCCCCCCCCCCCCCCCCCCCCCCCCCCCCCCCCCCCCCCCCCCCCCCCCCCCCCCCCCCCCCCCCCCCCCCCCCCCCCCCC,133.65844960505865,1.1060198392269585
P139,CCCCCCCCCCCCCCCCCCCCCCCCCCCCCCCCCCCCCCCCCCCCCCCCCCCCCCCCCCCCCCCCCCCCCCCCCCCCCCCCCCCCCCCCCCCCCCCCCCCCCCCCCCCCCCCCCCCCCCCCCCCCCCCCCCCCCCCCCCC,133.5712529433435,1.1060965171454906
P140,CCCCCCCCCCCCCCCCCCCCCCCCCCCCCCCCCCCCCCCCCCCCCCCCCCCCCCCCCCCCCCCCCCCCCCCCCCCCCCCCCCCCCCCCCCCCCCCCCCCCCCCCCCCCCCCCCCCCCCCCCCCCCCCCCCCCCCCCCCCC,133.49095066891908,1.1061670845931169
P141,CCCCCCCCCCCCCCCCCCCCCCCCCCCCCCCCCCCCCCCCCCCCCCCCCCCCCCCCCCCCCCCCCCCCCCCCCCCCCCCCCCCCCCCCCCCCCCCCCCCCCCCCCCCCCCCCCCCCCCCCCCCCCCCCCCCCCCCCCCCCC,133.4171044193005,1.1062319864021366
P142,CCCCCCCCCCCCCCCCCCCCCCCCCCCCCCCCCCCCCCCCCCCCCCCCCCCCCCCCCCCCCCCCCCCCCCCCCCCCCCCCCCCCCCCCCCCCCCCCCCCCCCCCCCCCCCCCCCCCCCCCCCCCCCCCCCCCCCCCCCCCCC,133.34927494833752,1.1062916391075337
P143,CCCCCCCCCCCCCCCCCCCCCCCCCCCCCCCCCCCCCCCCCCCCCCCCCCCCCCCCCCCCCCCCCCCCCCCCCCCCCCCCCCCCCCCCCCCCCCCCCCCCCCCCCCCCCCCCCCCCCCCCCCCCCCCCCCCCCCCCCCCCCCC,133.2869829265564,1.1063464310759121
P144,CCCCCCCCCCCCCCCCCCCCCCCCCCCCCCCCCCCCCCCCCCCCCCCCCCCCCCCCCCCCCCCCCCCCCCCCCCCCCCCCCCCCCCCCCCCCCCCCCCCCCCCCCCCCCCCCCCCCCCCCCCCCCCCCCCCCCCCCCCCCCCCC,133.22976315851307,1.1063967259049114
P145,CCCCCCCCCCCCCCCCCCCCCCCCCCCCCCCCCCCCCCCCCCCCCCCCCCCCCCCCCCCCCCCCCCCCCCCCCCCCCCCCCCCCCCCCCCCCCCCCCCCCCCCCCCCCCCCCCCCCCCCCCCCCCCCCCCCCCCCCCCCCCCCCC,133.17743012495004,1.1064428615838398
P146,CCCCCCCCCCCCCCCCCCCCCCCCCCCCCCCCCCCCCCCCCCCCCCCCCCCCCCCCCCCCCCCCCCCCCCCCCCCCCCCCCCCCCCCCCCCCCCCCCCCCCCCCCCCCCCCCCCCCCCCCCCCCCCCCCCCCCCCCCCCCCCCCCC,133.1294731852316,1.1064851543812773
P147,CCCCCCCCCCCCCCCCCCCCCCCCCCCCCCCCCCCCCCCCCCCCCCCCCCCCCCCCCCCCCCCCCCCCCCCCCCCCCCCCCCCCCCCCCCCCCCCCCCCCCCCCCCCCCCCCCCCCCCCCCCCCCCCCCCCCCCCCCCCCCCCCCCC,133.08545115530902,1.1065238981124763
P148,CCCCCCCCCCCCCCCCCCCCCCCCCCCCCCCCCCCCCCCCCCCCCCCCCCCCCCCCCCCCCCCCCCCCCCCCCCCCCCCCCCCCCCCCCCCCCCCCCCCCCCCCCCCCCCCCCCCCCCCCCCCCCCCCCCCCCCCCCCCCCCCCCCCC,133.04520741759595,1.1065593674173682
P149,CCCCCCCCCCCCCCCCCCCCCCCCCCCCCCCCCCCCCCCCCCCCCCCCCCCCCCCCCCCCCCCCCCCCCCCCCCCCCCCCCCCCCCCCCCCCCCCCCCCCCCCCCCCCCCCCCCCCCCCCCCCCCCCCCCCCCCCCCCCCCCCCCCCCC,133.0083734611843,1.1065918164145825
P150,CCCCCCCCCCCCCCCCCCCCCCCCCCCCCCCCCCCCCCCCCCCCCCCCCCCCCCCCCCCCCCCCCCCCCCCCCCCCCCCCCCCCCCCCCCCCCCCCCCCCCCCCCCCCCCCCCCCCCCCCCCCCCCCCCCCCCCCCCCCCCCCCCCCCCC,132.9748200068795,1.1066214829411793
iP4,CC(C)C,406.0400590014726,0.025512897621692388
iP5,CCC(C)C,459.3824668971028,0.014360862669732974
iP6,CCCC(C)C,497.1631283501896,0.013895036571856548
iP7,CCCCC(C)C,530.121404484611,0.01491275966650401
iP8,CCCCCC(C)C,558.2831174980621,0.015392594319543906
iP9,CCCCCCC(C)C,584.6429129298087,0.013419272921405902
iP10,CCCCCCCC(C)C,608.2683341304021,0.013315119267487642
iP11,CCCCCCCCC(C)C,630.1488077685443,0.014440374000110456
iP12,CCCCCCCCCC(C)C,649.3710801648867,0.013730988284074454
iP13,CCCCCCCCCCC(C)C,667.3196307217673,0.013351422732426432
iP14,CCCCCCCCCCCC(C)C,683.5158623611311,0.013849209647519529
iP15,CCCCCCCCCCCCC(C)C,696.3424543665108,0.019459263609677594
iP16,CCCCCCCCCCCCCC(C)C,708.2695812118127,0.02685464828084528
iP17,CCCCCCCCCCCCCCC(C)C,719.3807418939014,0.03235492984195674
iP18,CCCCCCCCCCCCCCCC(C)C,730.3308728341744,0.036273194236757046
iP19,CCCCCCCCCCCCCCCCC(C)C,740.7709514708519,0.03917789027056198
iP20,CCCCCCCCCCCCCCCCCC(C)C,751.2162842310862,0.041985655457877795
iP21,CCCCCCCCCCCCCCCCCCC(C)C,761.526056530989,0.04362298582015156
iP22,CCCCCCCCCCCCCCCCCCCC(C)C,771.8877979493077,0.044327492652075855
iP23,CCCCCCCCCCCCCCCCCCCCC(C)C,782.0109786406455,0.04489757672983244
iP24,CCCCCCCCCCCCCCCCCCCCCC(C)C,791.9847375741356,0.045342416550566325
iP25,CCCCCCCCCCCCCCCCCCCCCCC(C)C,801.7239512138137,0.04548098518898993
iP26,CCCCCCCCCCCCCCCCCCCCCCCC(C)C,811.287161443788,0.045508330095493106
iP27,CCCCCCCCCCCCCCCCCCCCCCCCC(C)C,820.6684334730729,0.045516440884815025
iP28,CCCCCCCCCCCCCCCCCCCCCCCCCC(C)C,830.0128848063152,0.04572118136761177
iP29,CCCCCCCCCCCCCCCCCCCCCCCCCCC(C)C,839.1445196535886,0.046150640846338666
iP30,CCCCCCCCCCCCCCCCCCCCCCCCCCCC(C)C,847.1802669307489,0.046857072894490044
iP31,CCCCCCCCCCCCCCCCCCCCCCCCCCCCC(C)C,852.8271439603817,0.05137240811594686
iP32,CCCCCCCCCCCCCCCCCCCCCCCCCCCCCC(C)C,855.3087196170648,0.06516388965478076
iP33,CCCCCCCCCCCCCCCCCCCCCCCCCCCCCCC(C)C,854.5027337046016,0.08775713528121189
iP34,CCCCCCCCCCCCCCCCCCCCCCCCCCCCCCCC(C)C,850.5041357621176,0.11593686959989909
iP35,CCCCCCCCCCCCCCCCCCCCCCCCCCCCCCCCC(C)C,843.5180258462882,0.14728370043222658
iP36,CCCCCCCCCCCCCCCCCCCCCCCCCCCCCCCCCC(C)C,833.7665135392364,0.18044350948451687
iP37,CCCCCCCCCCCCCCCCCCCCCCCCCCCCCCCCCCC(C)C,821.5292293258311,0.21458632673372663
iP38,CCCCCCCCCCCCCCCCCCCCCCCCCCCCCCCCCCCC(C)C,807.0793999145218,0.24920917350996752
iP39,CCCCCCCCCCCCCCCCCCCCCCCCCCCCCCCCCCCCC(C)C,790.7279838676003,0.28394937622605454
iP40,CCCCCCCCCCCCCCCCCCCCCCCCCCCCCCCCCCCCCC(C)C,772.7614971750351,0.3185586235939048
iP41,CCCCCCCCCCCCCCCCCCCCCCCCCCCCCCCCCCCCCCC(C)C,753.4798417681261,0.3528341384226018
iP42,CCCCCCCCCCCCCCCCCCCCCCCCCCCCCCCCCCCCCCCC(C)C,733.1530187181528,0.3866259575355014
iP43,CCCCCCCCCCCCCCCCCCCCCCCCCCCCCCCCCCCCCCCCC(C)C,712.0476778555817,0.4198038058434556
iP44,CCCCCCCCCCCCCCCCCCCCCCCCCCCCCCCCCCCCCCCCCC(C)C,690.3961366494306,0.45226837672461007
iP45,CCCCCCCCCCCCCCCCCCCCCCCCCCCCCCCCCCCCCCCCCCC(C)C,668.4201742440608,0.48393237002751316
iP46,CCCCCCCCCCCCCCCCCCCCCCCCCCCCCCCCCCCCCCCCCCCC(C)C,646.3070524846613,0.5147297334871107
iP47,CCCCCCCCCCCCCCCCCCCCCCCCCCCCCCCCCCCCCCCCCCCCC(C)C,624.2306335827761,0.5446036758249402
iP48,CCCCCCCCCCCCCCCCCCCCCCCCCCCCCCCCCCCCCCCCCCCCCC(C)C,602.3322286111132,0.57351310091388
iP49,CCCCCCCCCCCCCCCCCCCCCCCCCCCCCCCCCCCCCCCCCCCCCCC(C)C,580.7409686911298,0.6014247440344124
iP50,CCCCCCCCCCCCCCCCCCCCCCCCCCCCCCCCCCCCCCCCCCCCCCCC(C)C,559.5576600339241,0.6283171756983814
iP51,CCCCCCCCCCCCCCCCCCCCCCCCCCCCCCCCCCCCCCCCCCCCCCCCC(C)C,538.870739752639,0.6541756682261737
iP52,CCCCCCCCCCCCCCCCCCCCCCCCCCCCCCCCCCCCCCCCCCCCCCCCCC(C)C,518.7470603407872,0.6789943797138617
iP53,CCCCCCCCCCCCCCCCCCCCCCCCCCCCCCCCCCCCCCCCCCCCCCCCCCC(C)C,499.2422372828873,0.7027731154551873
iP54,CCCCCCCCCCCCCCCCCCCCCCCCCCCCCCCCCCCCCCCCCCCCCCCCCCCC(C)C,480.3953283794027,0.7255182003944964
iP55,CCCCCCCCCCCCCCCCCCCCCCCCCCCCCCCCCCCCCCCCCCCCCCCCCCCCC(C)C,462.2367388878998,0.7472406172696978
iP56,CCCCCCCCCCCCCCCCCCCCCCCCCCCCCCCCCCCCCCCCCCCCCCCCCCCCCC(C)C,444.7837222831311,0.7679559379644194
iP57,CCCCCCCCCCCCCCCCCCCCCCCCCCCCCCCCCCCCCCCCCCCCCCCCCCCCCCC(C)C,428.04728965281384,0.787683470208238
iP58,CCCCCCCCCCCCCCCCCCCCCCCCCCCCCCCCCCCCCCCCCCCCCCCCCCCCCCCC(C)C,412.02920773328816,0.8064455695368731
iP59,CCCCCCCCCCCCCCCCCCCCCCCCCCCCCCCCCCCCCCCCCCCCCCCCCCCCCCCCC(C)C,396.72701500708934,0.8242674668570197
iP60,CCCCCCCCCCCCCCCCCCCCCCCCCCCCCCCCCCCCCCCCCCCCCCCCCCCCCCCCCC(C)C,382.13055034040855,0.8411762330626279
iP61,CCCCCCCCCCCCCCCCCCCCCCCCCCCCCCCCCCCCCCCCCCCCCCCCCCCCCCCCCCC(C)C,368.2283460917507,0.8572010360855281
iP62,CCCCCCCCCCCCCCCCCCCCCCCCCCCCCCCCCCCCCCCCCCCCCCCCCCCCCCCCCCCC(C)C,355.0030275070725,0.8723719451230356
iP63,CCCCCCCCCCCCCCCCCCCCCCCCCCCCCCCCCCCCCCCCCCCCCCCCCCCCCCCCCCCCC(C)C,342.4367337289603,0.8867204610796787
iP64,CCCCCCCCCCCCCCCCCCCCCCCCCCCCCCCCCCCCCCCCCCCCCCCCCCCCCCCCCCCCCC(C)C,330.507606680173,0.9002782468748671
iP65,CCCCCCCCCCCCCCCCCCCCCCCCCCCCCCCCCCCCCCCCCCCCCCCCCCCCCCCCCCCCCCC(C)C,319.19440583560606,0.9130778476354687
iP66,CCCCCCCCCCCCCCCCCCCCCCCCCCCCCCCCCCCCCCCCCCCCCCCCCCCCCCCCCCCCCCCC(C)C,308.4728952470126,0.9251514143703744
iP67,CCCCCCCCCCCCCCCCCCCCCCCCCCCCCCCCCCCCCCCCCCCCCCCCCCCCCCCCCCCCCCCCC(C)C,298.31991398693503,0.9365315244269034
iP68,CCCCCCCCCCCCCCCCCCCCCCCCCCCCCCCCCCCCCCCCCCCCCCCCCCCCCCCCCCCCCCCCCC(C)C,288.7105980311117,0.9472499585776654
iP69,CCCCCCCCCCCCCCCCCCCCCCCCCCCCCCCCCCCCCCCCCCCCCCCCCCCCCCCCCCCCCCCCCCC(C)C,279.6213921783563,0.9573385561655203
iP70,CCCCCCCCCCCCCCCCCCCCCCCCCCCCCCCCCCCCCCCCCCCCCCCCCCCCCCCCCCCCCCCCCCCC(C)C,271.0279289396214,0.9668280796639446
iP71,CCCCCCCCCCCCCCCCCCCCCCCCCCCCCCCCCCCCCCCCCCCCCCCCCCCCCCCCCCCCCCCCCCCCC(C)C,262.906947565058,0.9757490677785995
iP72,CCCCCCCCCCCCCCCCCCCCCCCCCCCCCCCCCCCCCCCCCCCCCCCCCCCCCCCCCCCCCCCCCCCCCC(C)C,255.23511258198084,0.9841307909516589
iP73,CCCCCCCCCCCCCCCCCCCCCCCCCCCCCCCCCCCCCCCCCCCCCCCCCCCCCCCCCCCCCCCCCCCCCCC(C)C,247.99023736688662,0.9920020944685309
iP74,CCCCCCCCCCCCCCCCCCCCCCCCCCCCCCCCCCCCCCCCCCCCCCCCCCCCCCCCCCCCCCCCCCCCCCCC(C)C,241.15020366782636,0.99939044578334
iP75,CCCCCCCCCCCCCCCCCCCCCCCCCCCCCCCCCCCCCCCCCCCCCCCCCCCCCCCCCCCCCCCCCCCCCCCCC(C)C,234.6943744046841,1.0063227353254605
iP76,CCCCCCCCCCCCCCCCCCCCCCCCCCCCCCCCCCCCCCCCCCCCCCCCCCCCCCCCCCCCCCCCCCCCCCCCCC(C)C,228.60243114154213,1.0128244324902218
iP77,CCCCCCCCCCCCCCCCCCCCCCCCCCCCCCCCCCCCCCCCCCCCCCCCCCCCCCCCCCCCCCCCCCCCCCCCCCC(C)C,222.85507500700788,1.0189203297569787
iP78,CCCCCCCCCCCCCCCCCCCCCCCCCCCCCCCCCCCCCCCCCCCCCCCCCCCCCCCCCCCCCCCCCCCCCCCCCCCC(C)C,217.43402028855851,1.0246338063691494
iP79,CCCCCCCCCCCCCCCCCCCCCCCCCCCCCCCCCCCCCCCCCCCCCCCCCCCCCCCCCCCCCCCCCCCCCCCCCCCCC(C)C,212.32141353378572,1.0299875046771392
iP80,CCCCCCCCCCCCCCCCCCCCCCCCCCCCCCCCCCCCCCCCCCCCCCCCCCCCCCCCCCCCCCCCCCCCCCCCCCCCCC(C)C,207.50062558605876,1.0350026914310817
iP81,CCCCCCCCCCCCCCCCCCCCCCCCCCCCCCCCCCCCCCCCCCCCCCCCCCCCCCCCCCCCCCCCCCCCCCCCCCCCCCC(C)C,202.9555333682789,1.0396998759994187
iP82,CCCCCCCCCCCCCCCCCCCCCCCCCCCCCCCCCCCCCCCCCCCCCCCCCCCCCCCCCCCCCCCCCCCCCCCCCCCCCCCC(C)C,198.67112766800372,1.0440982556724108
iP83,CCCCCCCCCCCCCCCCCCCCCCCCCCCCCCCCCCCCCCCCCCCCCCCCCCCCCCCCCCCCCCCCCCCCCCCCCCCCCCCCC(C)C,194.63277045372203,1.0482162743056676
iP84,CCCCCCCCCCCCCCCCCCCCCCCCCCCCCCCCCCCCCCCCCCCCCCCCCCCCCCCCCCCCCCCCCCCCCCCCCCCCCCCCCC(C)C,190.82733545392136,1.0520711437285317
iP85,CCCCCCCCCCCCCCCCCCCCCCCCCCCCCCCCCCCCCCCCCCCCCCCCCCCCCCCCCCCCCCCCCCCCCCCCCCCCCCCCCCC(C)C,187.2413489442758,1.055679346603126
iP86,CCCCCCCCCCCCCCCCCCCCCCCCCCCCCCCCCCCCCCCCCCCCCCCCCCCCCCCCCCCCCCCCCCCCCCCCCCCCCCCCCCCC(C)C,183.86280491768892,1.059056227283978
iP87,CCCCCCCCCCCCCCCCCCCCCCCCCCCCCCCCCCCCCCCCCCCCCCCCCCCCCCCCCCCCCCCCCCCCCCCCCCCCCCCCCCCCC(C)C,180.68035329950007,1.0622164356973813
iP88,CCCCCCCCCCCCCCCCCCCCCCCCCCCCCCCCCCCCCCCCCCCCCCCCCCCCCCCCCCCCCCCCCCCCCCCCCCCCCCCCCCCCCC(C)C,177.68281768795595,1.0651735814368974
iP89,CCCCCCCCCCCCCCCCCCCCCCCCCCCCCCCCCCCCCCCCCCCCCCCCCCCCCCCCCCCCCCCCCCCCCCCCCCCCCCCCCCCCCCC(C)C,174.86000909381463,1.0679406254979387
iP90,CCCCCCCCCCCCCCCCCCCCCCCCCCCCCCCCCCCCCCCCCCCCCCCCCCCCCCCCCCCCCCCCCCCCCCCCCCCCCCCCCCCCCCCC(C)C,172.2021338457461,1.0705295935192232
iP91,CCCCCCCCCCCCCCCCCCCCCCCCCCCCCCCCCCCCCCCCCCCCCCCCCCCCCCCCCCCCCCCCCCCCCCCCCCCCCCCCCCCCCCCCC(C)C,169.70003087864964,1.0729519057021961
iP92,CCCCCCCCCCCCCCCCCCCCCCCCCCCCCCCCCCCCCCCCCCCCCCCCCCCCCCCCCCCCCCCCCCCCCCCCCCCCCCCCCCCCCCCCCC(C)C,167.3449429323548,1.0752181483325378
iP93,CCCCCCCCCCCCCCCCCCCCCCCCCCCCCCCCCCCCCCCCCCCCCCCCCCCCCCCCCCCCCCCCCCCCCCCCCCCCCCCCCCCCCCCCCCC(C)C,165.12862297087386,1.0773383563265766
iP94,CCCCCCCCCCCCCCCCCCCCCCCCCCCCCCCCCCCCCCCCCCCCCCCCCCCCCCCCCCCCCCCCCCCCCCCCCCCCCCCCCCCCCCCCCCCC(C)C,163.04342341402074,1.0793218239002291
iP95,CCCCCCCCCCCCCCCCCCCCCCCCCCCCCCCCCCCCCCCCCCCCCCCCCCCCCCCCCCCCCCCCCCCCCCCCCCCCCCCCCCCCCCCCCCCCC(C)C,161.08202890349003,1.0811773471117567
iP96,CCCCCCCCCCCCCCCCCCCCCCCCCCCCCCCCCCCCCCCCCCCCCCCCCCCCCCCCCCCCCCCCCCCCCCCCCCCCCCCCCCCCCCCCCCCCCC(C)C,159.23740835892087,1.0829130697364522
iP97,CCCCCCCCCCCCCCCCCCCCCCCCCCCCCCCCCCCCCCCCCCCCCCCCCCCCCCCCCCCCCCCCCCCCCCCCCCCCCCCCCCCCCCCCCCCCCCC(C)C,157.50310940374555,1.0845366892830601
iP98,CCCCCCCCCCCCCCCCCCCCCCCCCCCCCCCCCCCCCCCCCCCCCCCCCCCCCCCCCCCCCCCCCCCCCCCCCCCCCCCCCCCCCCCCCCCCCCCC(C)C,155.87297581983705,1.0860553304351321
iP99,CCCCCCCCCCCCCCCCCCCCCCCCCCCCCCCCCCCCCCCCCCCCCCCCCCCCCCCCCCCCCCCCCCCCCCCCCCCCCCCCCCCCCCCCCCCCCCCCC(C)C,154.34112666755627,1.0874757233809937
iP100,CCCCCCCCCCCCCCCCCCCCCCCCCCCCCCCCCCCCCCCCCCCCCCCCCCCCCCCCCCCCCCCCCCCCCCCCCCCCCCCCCCCCCCCCCCCCCCCCCC(C)C,152.90198716422282,1.0888040961947976
iP101,CCCCCCCCCCCCCCCCCCCCCCCCCCCCCCCCCCCCCCCCCCCCCCCCCCCCCCCCCCCCCCCCCCCCCCCCCCCCCCCCCCCCCCCCCCCCCCCCCCC(C)C,151.55044129169534,1.0900463299095808
iP102,CCCCCCCCCCCCCCCCCCCCCCCCCCCCCCCCCCCCCCCCCCCCCCCCCCCCCCCCCCCCCCCCCCCCCCCCCCCCCCCCCCCCCCCCCCCCCCCCCCCC(C)C,150.28161856121017,1.0912078688728362
iP103,CCCCCCCCCCCCCCCCCCCCCCCCCCCCCCCCCCCCCCCCCCCCCCCCCCCCCCCCCCCCCCCCCCCCCCCCCCCCCCCCCCCCCCCCCCCCCCCCCCCCC(C)C,149.09070050923458,1.0922938517836587
iP104,CCCCCCCCCCCCCCCCCCCCCCCCCCCCCCCCCCCCCCCCCCCCCCCCCCCCCCCCCCCCCCCCCCCCCCCCCCCCCCCCCCCCCCCCCCCCCCCCCCCCCC(C)C,147.97320026134088,1.0933086620878942
iP105,CCCCCCCCCCCCCCCCCCCCCCCCCCCCCCCCCCCCCCCCCCCCCCCCCCCCCCCCCCCCCCCCCCCCCCCCCCCCCCCCCCCCCCCCCCCCCCCCCCCCCCC(C)C,146.9250084235278,1.094257091444536
iP106,CCCCCCCCCCCCCCCCCCCCCCCCCCCCCCCCCCCCCCCCCCCCCCCCCCCCCCCCCCCCCCCCCCCCCCCCCCCCCCCCCCCCCCCCCCCCCCCCCCCCCCCC(C)C,145.94243654389697,1.0951433727063522
iP107,CCCCCCCCCCCCCCCCCCCCCCCCCCCCCCCCCCCCCCCCCCCCCCCCCCCCCCCCCCCCCCCCCCCCCCCCCCCCCCCCCCCCCCCCCCCCCCCCCCCCCCCCC(C)C,145.0215157488116,1.0959714661941395
iP108,CCCCCCCCCCCCCCCCCCCCCCCCCCCCCCCCCCCCCCCCCCCCCCCCCCCCCCCCCCCCCCCCCCCCCCCCCCCCCCCCCCCCCCCCCCCCCCCCCCCCCCCCCC(C)C,144.1588763945034,1.0967450360063618
iP109,CCCCCCCCCCCCCCCCCCCCCCCCCCCCCCCCCCCCCCCCCCCCCCCCCCCCCCCCCCCCCCCCCCCCCCCCCCCCCCCCCCCCCCCCCCCCCCCCCCCCCCCCCCC(C)C,143.35104942287904,1.0974675336865598
iP110,CCCCCCCCCCCCCCCCCCCCCCCCCCCCCCCCCCCCCCCCCCCCCCCCCCCCCCCCCCCCCCCCCCCCCCCCCCCCCCCCCCCCCCCCCCCCCCCCCCCCCCCCCCCC(C)C,142.59505777147126,1.0981421630485826
iP111,CCCCCCCCCCCCCCCCCCCCCCCCCCCCCCCCCCCCCCCCCCCCCCCCCCCCCCCCCCCCCCCCCCCCCCCCCCCCCCCCCCCCCCCCCCCCCCCCCCCCCCCCCCCCC(C)C,141.88773399228526,1.0987719463010148
iP112,CCCCCCCCCCCCCCCCCCCCCCCCCCCCCCCCCCCCCCCCCCCCCCCCCCCCCCCCCCCCCCCCCCCCCCCCCCCCCCCCCCCCCCCCCCCCCCCCCCCCCCCCCCCCCC(C)C,141.22639889546357,1.0993596936955288
iP113,CCCCCCCCCCCCCCCCCCCCCCCCCCCCCCCCCCCCCCCCCCCCCCCCCCCCCCCCCCCCCCCCCCCCCCCCCCCCCCCCCCCCCCCCCCCCCCCCCCCCCCCCCCCCCCC(C)C,140.60815193353633,1.0999080580044513
iP114,CCCCCCCCCCCCCCCCCCCCCCCCCCCCCCCCCCCCCCCCCCCCCCCCCCCCCCCCCCCCCCCCCCCCCCCCCCCCCCCCCCCCCCCCCCCCCCCCCCCCCCCCCCCCCCCC(C)C,140.0305943921233,1.1004195095166645
iP115,CCCCCCCCCCCCCCCCCCCCCCCCCCCCCCCCCCCCCCCCCCCCCCCCCCCCCCCCCCCCCCCCCCCCCCCCCCCCCCCCCCCCCCCCCCCCCCCCCCCCCCCCCCCCCCCCC(C)C,139.4912208096905,1.1008963796932942
iP116,CCCCCCCCCCCCCCCCCCCCCCCCCCCCCCCCCCCCCCCCCCCCCCCCCCCCCCCCCCCCCCCCCCCCCCCCCCCCCCCCCCCCCCCCCCCCCCCCCCCCCCCCCCCCCCCCCC(C)C,138.98791104773764,1.1013408443951351
iP117,CCCCCCCCCCCCCCCCCCCCCCCCCCCCCCCCCCCCCCCCCCCCCCCCCCCCCCCCCCCCCCCCCCCCCCCCCCCCCCCCCCCCCCCCCCCCCCCCCCCCCCCCCCCCCCCCCCC(C)C,138.51834654439185,1.101754956607818
iP118,CCCCCCCCCCCCCCCCCCCCCCCCCCCCCCCCCCCCCCCCCCCCCCCCCCCCCCCCCCCCCCCCCCCCCCCCCCCCCCCCCCCCCCCCCCCCCCCCCCCCCCCCCCCCCCCCCCCC(C)C,138.0805678469445,1.1021406333312915
iP119,CCCCCCCCCCCCCCCCCCCCCCCCCCCCCCCCCCCCCCCCCCCCCCCCCCCCCCCCCCCCCCCCCCCCCCCCCCCCCCCCCCCCCCCCCCCCCCCCCCCCCCCCCCCCCCCCCCCCC(C)C,137.67255992235903,1.102499686070283
iP120,CCCCCCCCCCCCCCCCCCCCCCCCCCCCCCCCCCCCCCCCCCCCCCCCCCCCCCCCCCCCCCCCCCCCCCCCCCCCCCCCCCCCCCCCCCCCCCCCCCCCCCCCCCCCCCCCCCCCCC(C)C,137.29263667283544,1.1028338063066634
iP121,CCCCCCCCCCCCCCCCCCCCCCCCCCCCCCCCCCCCCCCCCCCCCCCCCCCCCCCCCCCCCCCCCCCCCCCCCCCCCCCCCCCCCCCCCCCCCCCCCCCCCCCCCCCCCCCCCCCCCCC(C)C,136.93895863232433,1.1031445923365304
iP122,CCCCCCCCCCCCCCCCCCCCCCCCCCCCCCCCCCCCCCCCCCCCCCCCCCCCCCCCCCCCCCCCCCCCCCCCCCCCCCCCCCCCCCCCCCCCCCCCCCCCCCCCCCCCCCCCCCCCCCCC(C)C,136.60989691305232,1.103433537457918
iP123,CCCCCCCCCCCCCCCCCCCCCCCCCCCCCCCCCCCCCCCCCCCCCCCCCCCCCCCCCCCCCCCCCCCCCCCCCCCCCCCCCCCCCCCCCCCCCCCCCCCCCCCCCCCCCCCCCCCCCCCCC(C)C,136.30388615044947,1.1037020546752292
iP124,CCCCCCCCCCCCCCCCCCCCCCCCCCCCCCCCCCCCCCCCCCCCCCCCCCCCCCCCCCCCCCCCCCCCCCCCCCCCCCCCCCCCCCCCCCCCCCCCCCCCCCCCCCCCCCCCCCCCCCCCCC(C)C,136.01966158058346,1.10395146266401
iP125,CCCCCCCCCCCCCCCCCCCCCCCCCCCCCCCCCCCCCCCCCCCCCCCCCCCCCCCCCCCCCCCCCCCCCCCCCCCCCCCCCCCCCCCCCCCCCCCCCCCCCCCCCCCCCCCCCCCCCCCCCCC(C)C,135.75552729612969,1.1041830090739866
iP126,CCCCCCCCCCCCCCCCCCCCCCCCCCCCCCCCCCCCCCCCCCCCCCCCCCCCCCCCCCCCCCCCCCCCCCCCCCCCCCCCCCCCCCCCCCCCCCCCCCCCCCCCCCCCCCCCCCCCCCCCCCCC(C)C,135.5104785295768,1.104397859753788
iP127,CCCCCCCCCCCCCCCCCCCCCCCCCCCCCCCCCCCCCCCCCCCCCCCCCCCCCCCCCCCCCCCCCCCCCCCCCCCCCCCCCCCCCCCCCCCCCCCCCCCCCCCCCCCCCCCCCCCCCCCCCCCCC(C)C,135.28310433186013,1.1045971160304944
iP128,CCCCCCCCCCCCCCCCCCCCCCCCCCCCCCCCCCCCCCCCCCCCCCCCCCCCCCCCCCCCCCCCCCCCCCCCCCCCCCCCCCCCCCCCCCCCCCCCCCCCCCCCCCCCCCCCCCCCCCCCCCCCCC(C)C,135.07233473304717,1.1047818089906194
iP129,CCCCCCCCCCCCCCCCCCCCCCCCCCCCCCCCCCCCCCCCCCCCCCCCCCCCCCCCCCCCCCCCCCCCCCCCCCCCCCCCCCCCCCCCCCCCCCCCCCCCCCCCCCCCCCCCCCCCCCCCCCCCCCC(C)C,134.87701744200803,1.1049529103389104
iP130,CCCCCCCCCCCCCCCCCCCCCCCCCCCCCCCCCCCCCCCCCCCCCCCCCCCCCCCCCCCCCCCCCCCCCCCCCCCCCCCCCCCCCCCCCCCCCCCCCCCCCCCCCCCCCCCCCCCCCCCCCCCCCCCC(C)C,134.69620579961764,1.1051113301453006
iP131,CCCCCCCCCCCCCCCCCCCCCCCCCCCCCCCCCCCCCCCCCCCCCCCCCCCCCCCCCCCCCCCCCCCCCCCCCCCCCCCCCCCCCCCCCCCCCCCCCCCCCCCCCCCCCCCCCCCCCCCCCCCCCCCCC(C)C,134.52889951874965,1.1052579258604647
iP132,CCCCCCCCCCCCCCCCCCCCCCCCCCCCCCCCCCCCCCCCCCCCCCCCCCCCCCCCCCCCCCCCCCCCCCCCCCCCCCCCCCCCCCCCCCCCCCCCCCCCCCCCCCCCCCCCCCCCCCCCCCCCCCCCCC(C)C,134.3742283859294,1.1053935012331635
iP133,CCCCCCCCCCCCCCCCCCCCCCCCCCCCCCCCCCCCCCCCCCCCCCCCCCCCCCCCCCCCCCCCCCCCCCCCCCCCCCCCCCCCCCCCCCCCCCCCCCCCCCCCCCCCCCCCCCCCCCCCCCCCCCCCCCC(C)C,134.23118537370996,1.1055188105471077
iP134,CCCCCCCCCCCCCCCCCCCCCCCCCCCCCCCCCCCCCCCCCCCCCCCCCCCCCCCCCCCCCCCCCCCCCCCCCCCCCCCCCCCCCCCCCCCCCCCCCCCCCCCCCCCCCCCCCCCCCCCCCCCCCCCCCCCC(C)C,134.0991166789037,1.1056345623209554
iP135,CCCCCCCCCCCCCCCCCCCCCCCCCCCCCCCCCCCCCCCCCCCCCCCCCCCCCCCCCCCCCCCCCCCCCCCCCCCCCCCCCCCCCCCCCCCCCCCCCCCCCCCCCCCCCCCCCCCCCCCCCCCCCCCCCCCCC(C)C,133.9771620419714,1.1057414214673906
iP136,CCCCCCCCCCCCCCCCCCCCCCCCCCCCCCCCCCCCCCCCCCCCCCCCCCCCCCCCCCCCCCCCCCCCCCCCCCCCCCCCCCCCCCCCCCCCCCCCCCCCCCCCCCCCCCCCCCCCCCCCCCCCCCCCCCCCCC(C)C,133.86475868319528,1.1058400091160772
iP137,CCCCCCCCCCCCCCCCCCCCCCCCCCCCCCCCCCCCCCCCCCCCCCCCCCCCCCCCCCCCCCCCCCCCCCCCCCCCCCCCCCCCCCCCCCCCCCCCCCCCCCCCCCCCCCCCCCCCCCCCCCCCCCCCCCCCCCC(C)C,133.761078731859,1.1059309112687459
iP138,CCCCCCCCCCCCCCCCCCCCCCCCCCCCCCCCCCCCCCCCCCCCCCCCCCCCCCCCCCCCCCCCCCCCCCCCCCCCCCCCCCCCCCCCCCCCCCCCCCCCCCCCCCCCCCCCCCCCCCCCCCCCCCCCCCCCCCCC(C)C,133.6655832585811,1.1060146731691853
iP139,CCCCCCCCCCCCCCCCCCCCCCCCCCCCCCCCCCCCCCCCCCCCCCCCCCCCCCCCCCCCCCCCCCCCCCCCCCCCCCCCCCCCCCCCCCCCCCCCCCCCCCCCCCCCCCCCCCCCCCCCCCCCCCCCCCCCCCCCC(C)C,133.57768250702534,1.1060918070856482
iP140,CCCCCCCCCCCCCCCCCCCCCCCCCCCCCCCCCCCCCCCCCCCCCCCCCCCCCCCCCCCCCCCCCCCCCCCCCCCCCCCCCCCCCCCCCCCCCCCCCCCCCCCCCCCCCCCCCCCCCCCCCCCCCCCCCCCCCCCCCC(C)C,133.4967776117844,1.1061627930485576
iP141,CCCCCCCCCCCCCCCCCCCCCCCCCCCCCCCCCCCCCCCCCCCCCCCCCCCCCCCCCCCCCCCCCCCCCCCCCCCCCCCCCCCCCCCCCCCCCCCCCCCCCCCCCCCCCCCCCCCCCCCCCCCCCCCCCCCCCCCCCCC(C)C,133.42241132980715,1.106228078391908
iP142,CCCCCCCCCCCCCCCCCCCCCCCCCCCCCCCCCCCCCCCCCCCCCCCCCCCCCCCCCCCCCCCCCCCCCCCCCCCCCCCCCCCCCCCCCCCCCCCCCCCCCCCCCCCCCCCCCCCCCCCCCCCCCCCCCCCCCCCCCCCC(C)C,133.35408517743187,1.106288082143842
iP143,CCCCCCCCCCCCCCCCCCCCCCCCCCCCCCCCCCCCCCCCCCCCCCCCCCCCCCCCCCCCCCCCCCCCCCCCCCCCCCCCCCCCCCCCCCCCCCCCCCCCCCCCCCCCCCCCCCCCCCCCCCCCCCCCCCCCCCCCCCCCC(C)C,133.29138598877097,1.1063431961276133
iP144,CCCCCCCCCCCCCCCCCCCCCCCCCCCCCCCCCCCCCCCCCCCCCCCCCCCCCCCCCCCCCCCCCCCCCCCCCCCCCCCCCCCCCCCCCCCCCCCCCCCCCCCCCCCCCCCCCCCCCCCCCCCCCCCCCCCCCCCCCCCCCC(C)C,133.23382877739724,1.1063937844596978
iP145,CCCCCCCCCCCCCCCCCCCCCCCCCCCCCCCCCCCCCCCCCCCCCCCCCCCCCCCCCCCCCCCCCCCCCCCCCCCCCCCCCCCCCCCCCCCCCCCCCCCCCCCCCCCCCCCCCCCCCCCCCCCCCCCCCCCCCCCCCCCCCCC(C)C,133.18107017093007,1.106440189364587
iP146,CCCCCCCCCCCCCCCCCCCCCCCCCCCCCCCCCCCCCCCCCCCCCCCCCCCCCCCCCCCCCCCCCCCCCCCCCCCCCCCCCCCCCCCCCCCCCCCCCCCCCCCCCCCCCCCCCCCCCCCCCCCCCCCCCCCCCCCCCCCCCCCC(C)C,133.13271635165097,1.106482727769876
iP147,CCCCCCCCCCCCCCCCCCCCCCCCCCCCCCCCCCCCCCCCCCCCCCCCCCCCCCCCCCCCCCCCCCCCCCCCCCCCCCCCCCCCCCCCCCCCCCCCCCCCCCCCCCCCCCCCCCCCCCCCCCCCCCCCCCCCCCCCCCCCCCCCC(C)C,133.0884395329717,1.1065216964030435
iP148,CCCCCCCCCCCCCCCCCCCCCCCCCCCCCCCCCCCCCCCCCCCCCCCCCCCCCCCCCCCCCCCCCCCCCCCCCCCCCCCCCCCCCCCCCCCCCCCCCCCCCCCCCCCCCCCCCCCCCCCCCCCCCCCCCCCCCCCCCCCCCCCCCC(C)C,133.04793252262937,1.1065573702415787
iP149,CCCCCCCCCCCCCCCCCCCCCCCCCCCCCCCCCCCCCCCCCCCCCCCCCCCCCCCCCCCCCCCCCCCCCCCCCCCCCCCCCCCCCCCCCCCCCCCCCCCCCCCCCCCCCCCCCCCCCCCCCCCCCCCCCCCCCCCCCCCCCCCCCCC(C)C,133.0107936234888,1.1065900065630156
iP150,CCCCCCCCCCCCCCCCCCCCCCCCCCCCCCCCCCCCCCCCCCCCCCCCCCCCCCCCCCCCCCCCCCCCCCCCCCCCCCCCCCCCCCCCCCCCCCCCCCCCCCCCCCCCCCCCCCCCCCCCCCCCCCCCCCCCCCCCCCCCCCCCCCCC(C)C,132.97698926577775,1.106619842932194
O2,C=C,283.29307420502556,0.01575701360783356
O3,C=CC,366.1954493302125,0.01528056300965482
O4,C=CCC,419.69617413301785,0.014553837084511299
O5,C=CCCC,465.8004825545947,0.01389041133256475
O6,C=CCCCC,502.6374009480831,0.01426064274834297
O7,C=CCCCCC,537.3352683146312,0.015260281907040525
O8,C=CCCCCCC,566.3771491102341,0.01376127545085631
O9,C=CCCCCCCC,591.8798348304731,0.013548664687250078
O10,C=CCCCCCCCC,616.4236063743862,0.013681496570119033
O11,C=CCCCCCCCCC,638.0558672717129,0.014031067383077038
O12,C=CCCCCCCCCCC,658.5205964996683,0.014080603975200088
O13,C=CCCCCCCCCCCC,676.5257932954144,0.016156357285890023
O14,C=CCCCCCCCCCCCC,691.6014250333836,0.014400491423328332
O15,C=CCCCCCCCCCCCCC,706.9880353928827,0.013770525995541355
O16,C=CCCCCCCCCCCCCCC,721.7444255619793,0.01388011583073829
O17,C=CCCCCCCCCCCCCCCC,735.8116533426025,0.013920144523537539
O18,C=CCCCCCCCCCCCCCCCC,748.2165632842776,0.01391016260451966
O19,C=CCCCCCCCCCCCCCCCCC,760.0158699096737,0.014679082105622587
O20,C=CCCCCCCCCCCCCCCCCCC,770.9748557899817,0.01883743424170466
O21,C=CCCCCCCCCCCCCCCCCCCC,781.5855643141375,0.018875390384341394
O22,C=CCCCCCCCCCCCCCCCCCCCC,791.6144558463966,0.015237470239233391
O23,C=CCCCCCCCCCCCCCCCCCCCCC,801.2615569482234,0.01629615730050978
O24,C=CCCCCCCCCCCCCCCCCCCCCCC,810.3413423234666,0.015030282989937221
O25,C=CCCCCCCCCCCCCCCCCCCCCCCC,818.986689956935,0.016311984058364044
O26,C=CCCCCCCCCCCCCCCCCCCCCCCCC,827.1172950281334,0.015037732592061285
O27,C=CCCCCCCCCCCCCCCCCCCCCCCCCC,834.8085391107501,0.016350638402132897
O28,C=CCCCCCCCCCCCCCCCCCCCCCCCCCC,842.4216875542282,0.015102881807336531
O29,C=CCCCCCCCCCCCCCCCCCCCCCCCCCCC,850.1316893349866,0.016619158332169436
O30,C=CCCCCCCCCCCCCCCCCCCCCCCCCCCCC,856.8324590177311,0.015596642181804761
O31,C=CCCCCCCCCCCCCCCCCCCCCCCCCCCCCC,861.0938895008153,0.02837768209257824
O32,C=CCCCCCCCCCCCCCCCCCCCCCCCCCCCCCC,862.2580975210086,0.05191182843223665
O33,C=CCCCCCCCCCCCCCCCCCCCCCCCCCCCCCCC,860.2422602954725,0.08021833546816655
O34,C=CCCCCCCCCCCCCCCCCCCCCCCCCCCCCCCCC,855.1586676128683,0.11132946796778234
O35,C=CCCCCCCCCCCCCCCCCCCCCCCCCCCCCCCCCC,847.206572277279,0.14419472007414388
O36,C=CCCCCCCCCCCCCCCCCCCCCCCCCCCCCCCCCCC,836.6238482109702,0.1781348676447783
O37,C=CCCCCCCCCCCCCCCCCCCCCCCCCCCCCCCCCCCC,823.6719721509887,0.21269139055200242
O38,C=CCCCCCCCCCCCCCCCCCCCCCCCCCCCCCCCCCCCC,808.6329766300165,0.24752494202661673
O39,C=CCCCCCCCCCCCCCCCCCCCCCCCCCCCCCCCCCCCCC,791.7903940094714,0.2823810848170551
O40,C=CCCCCCCCCCCCCCCCCCCCCCCCCCCCCCCCCCCCCCC,773.4326844838812,0.3170524882957805
O41,C=CCCCCCCCCCCCCCCCCCCCCCCCCCCCCCCCCCCCCCCC,753.8359691863493,0.35137265235672693
O42,C=CCCCCCCCCCCCCCCCCCCCCCCCCCCCCCCCCCCCCCCCC,733.2683910868716,0.38519914078850187
O43,C=CCCCCCCCCCCCCCCCCCCCCCCCCCCCCCCCCCCCCCCCCC,711.9758510526655,0.41841470361823785
O44,C=CCCCCCCCCCCCCCCCCCCCCCCCCCCCCCCCCCCCCCCCCCC,690.1905621061012,0.4509184257743195
O45,C=CCCCCCCCCCCCCCCCCCCCCCCCCCCCCCCCCCCCCCCCCCCC,668.11547659114,0.4826278151221224
O46,C=CCCCCCCCCCCCCCCCCCCCCCCCCCCCCCCCCCCCCCCCCCCCC,645.9394150830011,0.5134734765316015
O47,C=CCCCCCCCCCCCCCCCCCCCCCCCCCCCCCCCCCCCCCCCCCCCCC,623.8207256851009,0.5434003595130931
O48,C=CCCCCCCCCCCCCCCCCCCCCCCCCCCCCCCCCCCCCCCCCCCCCCC,601.9040517576585,0.5723644659344643
O49,C=CCCCCCCCCCCCCCCCCCCCCCCCCCCCCCCCCCCCCCCCCCCCCCCC,580.3063925963046,0.6003330545419733
O50,C=CCCCCCCCCCCCCCCCCCCCCCCCCCCCCCCCCCCCCCCCCCCCCCCCC,559.1298003595882,0.6272827111648022
O51,C=CCCCCCCCCCCCCCCCCCCCCCCCCCCCCCCCCCCCCCCCCCCCCCCCCC,538.4564236776395,0.6531986962559954
O52,C=CCCCCCCCCCCCCCCCCCCCCCCCCCCCCCCCCCCCCCCCCCCCCCCCCCC,518.3531826504361,0.6780740573462672
O53,C=CCCCCCCCCCCCCCCCCCCCCCCCCCCCCCCCCCCCCCCCCCCCCCCCCCCC,498.87149774148617,0.7019083186489069
O54,C=CCCCCCCCCCCCCCCCCCCCCCCCCCCCCCCCCCCCCCCCCCCCCCCCCCCCC,480.05078653303184,0.7247073650900069
O55,C=CCCCCCCCCCCCCCCCCCCCCCCCCCCCCCCCCCCCCCCCCCCCCCCCCCCCCC,461.91835425164703,0.7464817535972096
O56,C=CCCCCCCCCCCCCCCCCCCCCCCCCCCCCCCCCCCCCCCCCCCCCCCCCCCCCCC,444.4924785613143,0.7672470945740755
O57,C=CCCCCCCCCCCCCCCCCCCCCCCCCCCCCCCCCCCCCCCCCCCCCCCCCCCCCCCC,427.7819460231944,0.7870221876892601
O58,C=CCCCCCCCCCCCCCCCCCCCCCCCCCCCCCCCCCCCCCCCCCCCCCCCCCCCCCCCC,411.78982020111283,0.8058297465097622
O59,C=CCCCCCCCCCCCCCCCCCCCCCCCCCCCCCCCCCCCCCCCCCCCCCCCCCCCCCCCCC,396.51120241624153,0.8236944505080064
O60,C=CCCCCCCCCCCCCCCCCCCCCCCCCCCCCCCCCCCCCCCCCCCCCCCCCCCCCCCCCCC,381.9377191795294,0.8406439196192145
O61,C=CCCCCCCCCCCCCCCCCCCCCCCCCCCCCCCCCCCCCCCCCCCCCCCCCCCCCCCCCCCC,368.05626302642844,0.8567067674594322
O62,C=CCCCCCCCCCCCCCCCCCCCCCCCCCCCCCCCCCCCCCCCCCCCCCCCCCCCCCCCCCCCC,354.8506181229824,0.8719137063911668
O63,C=CCCCCCCCCCCCCCCCCCCCCCCCCCCCCCCCCCCCCCCCCCCCCCCCCCCCCCCCCCCCCC,342.30161098117577,0.8862956983723206
O64,C=CCCCCCCCCCCCCCCCCCCCCCCCCCCCCCCCCCCCCCCCCCCCCCCCCCCCCCCCCCCCCCC,330.38898191960396,0.8998850977378217
O65,C=CCCCCCCCCCCCCCCCCCCCCCCCCCCCCCCCCCCCCCCCCCCCCCCCCCCCCCCCCCCCCCCC,319.08997369589093,0.9127139266028677
O66,C=CCCCCCCCCCCCCCCCCCCCCCCCCCCCCCCCCCCCCCCCCCCCCCCCCCCCCCCCCCCCCCCCC,308.38187630172894,0.9248150337328642
O67,C=CCCCCCCCCCCCCCCCCCCCCCCCCCCCCCCCCCCCCCCCCCCCCCCCCCCCCCCCCCCCCCCCCC,298.24036490172364,0.9362205015825019
O68,C=CCCCCCCCCCCCCCCCCCCCCCCCCCCCCCCCCCCCCCCCCCCCCCCCCCCCCCCCCCCCCCCCCCC,288.6417559634885,0.9469627875888508
O69,C=CCCCCCCCCCCCCCCCCCCCCCCCCCCCCCCCCCCCCCCCCCCCCCCCCCCCCCCCCCCCCCCCCCCC,279.5617554508761,0.9570732761340176
O70,C=CCCCCCCCCCCCCCCCCCCCCCCCCCCCCCCCCCCCCCCCCCCCCCCCCCCCCCCCCCCCCCCCCCCCC,270.97678432740264,0.9665833580770823
O71,C=CCCCCCCCCCCCCCCCCCCCCCCCCCCCCCCCCCCCCCCCCCCCCCCCCCCCCCCCCCCCCCCCCCCCCC,262.8630845888978,0.9755231597960653
O72,C=CCCCCCCCCCCCCCCCCCCCCCCCCCCCCCCCCCCCCCCCCCCCCCCCCCCCCCCCCCCCCCCCCCCCCCC,255.1976487311268,0.9839225374796028
O73,C=CCCCCCCCCCCCCCCCCCCCCCCCCCCCCCCCCCCCCCCCCCCCCCCCCCCCCCCCCCCCCCCCCCCCCCCC,247.95840932219542,0.9918099581060784
O74,C=CCCCCCCCCCCCCCCCCCCCCCCCCCCCCCCCCCCCCCCCCCCCCCCCCCCCCCCCCCCCCCCCCCCCCCCCC,241.12336723898014,0.9992134217782789
O75,C=CCCCCCCCCCCCCCCCCCCCCCCCCCCCCCCCCCCCCCCCCCCCCCCCCCCCCCCCCCCCCCCCCCCCCCCCCC,234.67190266441668,1.006159476975092
O76,C=CCCCCCCCCCCCCCCCCCCCCCCCCCCCCCCCCCCCCCCCCCCCCCCCCCCCCCCCCCCCCCCCCCCCCCCCCCC,228.5837437966966,1.0126740777412
O77,C=CCCCCCCCCCCCCCCCCCCCCCCCCCCCCCCCCCCCCCCCCCCCCCCCCCCCCCCCCCCCCCCCCCCCCCCCCCCC,222.83978220802769,1.0187817107712576
O78,C=CCCCCCCCCCCCCCCCCCCCCCCCCCCCCCCCCCCCCCCCCCCCCCCCCCCCCCCCCCCCCCCCCCCCCCCCCCCCC,217.4213869742588,1.0245061816471308
O79,C=CCCCCCCCCCCCCCCCCCCCCCCCCCCCCCCCCCCCCCCCCCCCCCCCCCCCCCCCCCCCCCCCCCCCCCCCCCCCCC,212.3113494089534,1.0298698670143964
O80,C=CCCCCCCCCCCCCCCCCCCCCCCCCCCCCCCCCCCCCCCCCCCCCCCCCCCCCCCCCCCCCCCCCCCCCCCCCCCCCCC,207.49258995597117,1.0348944072485047
O81,C=CCCCCCCCCCCCCCCCCCCCCCCCCCCCCCCCCCCCCCCCCCCCCCCCCCCCCCCCCCCCCCCCCCCCCCCCCCCCCCCC,202.94932109994068,1.039600079332493
O82,C=CCCCCCCCCCCCCCCCCCCCCCCCCCCCCCCCCCCCCCCCCCCCCCCCCCCCCCCCCCCCCCCCCCCCCCCCCCCCCCCCC,198.66643959921024,1.0440064091033767
O83,C=CCCCCCCCCCCCCCCCCCCCCCCCCCCCCCCCCCCCCCCCCCCCCCCCCCCCCCCCCCCCCCCCCCCCCCCCCCCCCCCCCC,194.62954768300807,1.048131634152443
O84,C=CCCCCCCCCCCCCCCCCCCCCCCCCCCCCCCCCCCCCCCCCCCCCCCCCCCCCCCCCCCCCCCCCCCCCCCCCCCCCCCCCCC,190.82515005571557,1.051993255836777
O85,C=CCCCCCCCCCCCCCCCCCCCCCCCCCCCCCCCCCCCCCCCCCCCCCCCCCCCCCCCCCCCCCCCCCCCCCCCCCCCCCCCCCCC,187.23995450013058,1.0556075749226335
O86,C=CCCCCCCCCCCCCCCCCCCCCCCCCCCCCCCCCCCCCCCCCCCCCCCCCCCCCCCCCCCCCCCCCCCCCCCCCCCCCCCCCCCCC,183.86231919704616,1.0589901862401194
O87,C=CCCCCCCCCCCCCCCCCCCCCCCCCCCCCCCCCCCCCCCCCCCCCCCCCCCCCCCCCCCCCCCCCCCCCCCCCCCCCCCCCCCCCC,180.68029797924754,1.0621555843459431
O88,C=CCCCCCCCCCCCCCCCCCCCCCCCCCCCCCCCCCCCCCCCCCCCCCCCCCCCCCCCCCCCCCCCCCCCCCCCCCCCCCCCCCCCCCC,177.68335671683224,1.065117593521003
O89,C=CCCCCCCCCCCCCCCCCCCCCCCCCCCCCCCCCCCCCCCCCCCCCCCCCCCCCCCCCCCCCCCCCCCCCCCCCCCCCCCCCCCCCCCC,174.8610551195178,1.0678890415345665
O90,C=CCCCCCCCCCCCCCCCCCCCCCCCCCCCCCCCCCCCCCCCCCCCCCCCCCCCCCCCCCCCCCCCCCCCCCCCCCCCCCCCCCCCCCCCC,172.20339453968634,1.070482135529679
O91,C=CCCCCCCCCCCCCCCCCCCCCCCCCCCCCCCCCCCCCCCCCCCCCCCCCCCCCCCCCCCCCCCCCCCCCCCCCCCCCCCCCCCCCCCCCC,169.70158363539477,1.0729081860674954
O92,C=CCCCCCCCCCCCCCCCCCCCCCCCCCCCCCCCCCCCCCCCCCCCCCCCCCCCCCCCCCCCCCCCCCCCCCCCCCCCCCCCCCCCCCCCCCC,167.34669975804448,1.0751779303772075
O93,C=CCCCCCCCCCCCCCCCCCCCCCCCCCCCCCCCCCCCCCCCCCCCCCCCCCCCCCCCCCCCCCCCCCCCCCCCCCCCCCCCCCCCCCCCCCCC,165.13044778732092,1.0773013110434022
O94,C=CCCCCCCCCCCCCCCCCCCCCCCCCCCCCCCCCCCCCCCCCCCCCCCCCCCCCCCCCCCCCCCCCCCCCCCCCCCCCCCCCCCCCCCCCCCCC,163.04547176283387,1.0792877512795602
O95,C=CCCCCCCCCCCCCCCCCCCCCCCCCCCCCCCCCCCCCCCCCCCCCCCCCCCCCCCCCCCCCCCCCCCCCCCCCCCCCCCCCCCCCCCCCCCCCC,161.0840725017014,1.0811459698658803
O96,C=CCCCCCCCCCCCCCCCCCCCCCCCCCCCCCCCCCCCCCCCCCCCCCCCCCCCCCCCCCCCCCCCCCCCCCCCCCCCCCCCCCCCCCCCCCCCCCC,159.23943537314946,1.0828842173562068
O97,C=CCCCCCCCCCCCCCCCCCCCCCCCCCCCCCCCCCCCCCCCCCCCCCCCCCCCCCCCCCCCCCCCCCCCCCCCCCCCCCCCCCCCCCCCCCCCCCCC,157.50516913331933,1.0845101250323577
O98,C=CCCCCCCCCCCCCCCCCCCCCCCCCCCCCCCCCCCCCCCCCCCCCCCCCCCCCCCCCCCCCCCCCCCCCCCCCCCCCCCCCCCCCCCCCCCCCCCCC,155.87501263371445,1.086030910824146
O99,C=CCCCCCCCCCCCCCCCCCCCCCCCCCCCCCCCCCCCCCCCCCCCCCCCCCCCCCCCCCCCCCCCCCCCCCCCCCCCCCCCCCCCCCCCCCCCCCCCCC,154.34303893274551,1.087453248277897
O100,C=CCCCCCCCCCCCCCCCCCCCCCCCCCCCCCCCCCCCCCCCCCCCCCCCCCCCCCCCCCCCCCCCCCCCCCCCCCCCCCCCCCCCCCCCCCCCCCCCCCC,152.903990923553,1.0887834431705188
O101,C=CCCCCCCCCCCCCCCCCCCCCCCCCCCCCCCCCCCCCCCCCCCCCCCCCCCCCCCCCCCCCCCCCCCCCCCCCCCCCCCCCCCCCCCCCCCCCCCCCCCC,151.55228770860947,1.0900273295306684
O102,C=CCCCCCCCCCCCCCCCCCCCCCCCCCCCCCCCCCCCCCCCCCCCCCCCCCCCCCCCCCCCCCCCCCCCCCCCCCCCCCCCCCCCCCCCCCCCCCCCCCCCC,150.28340587709815,1.0911904162570172
O103,C=CCCCCCCCCCCCCCCCCCCCCCCCCCCCCCCCCCCCCCCCCCCCCCCCCCCCCCCCCCCCCCCCCCCCCCCCCCCCCCCCCCCCCCCCCCCCCCCCCCCCCC,149.09235798292485,1.0922778044120538
O104,C=CCCCCCCCCCCCCCCCCCCCCCCCCCCCCCCCCCCCCCCCCCCCCCCCCCCCCCCCCCCCCCCCCCCCCCCCCCCCCCCCCCCCCCCCCCCCCCCCCCCCCCC,147.97477185792118,1.093293921706368
O105,C=CCCCCCCCCCCCCCCCCCCCCCCCCCCCCCCCCCCCCCCCCCCCCCCCCCCCCCCCCCCCCCCCCCCCCCCCCCCCCCCCCCCCCCCCCCCCCCCCCCCCCCCC,146.9266213005868,1.094243536022542
O106,C=CCCCCCCCCCCCCCCCCCCCCCCCCCCCCCCCCCCCCCCCCCCCCCCCCCCCCCCCCCCCCCCCCCCCCCCCCCCCCCCCCCCCCCCCCCCCCCCCCCCCCCCCC,145.94383558877166,1.0951309247628842
O107,C=CCCCCCCCCCCCCCCCCCCCCCCCCCCCCCCCCCCCCCCCCCCCCCCCCCCCCCCCCCCCCCCCCCCCCCCCCCCCCCCCCCCCCCCCCCCCCCCCCCCCCCCCCC,145.02287186671433,1.0959600238238412
O108,C=CCCCCCCCCCCCCCCCCCCCCCCCCCCCCCCCCCCCCCCCCCCCCCCCCCCCCCCCCCCCCCCCCCCCCCCCCCCCCCCCCCCCCCCCCCCCCCCCCCCCCCCCCCC,144.1601367375516,1.0967345347044761
O109,C=CCCCCCCCCCCCCCCCCCCCCCCCCCCCCCCCCCCCCCCCCCCCCCCCCCCCCCCCCCCCCCCCCCCCCCCCCCCCCCCCCCCCCCCCCCCCCCCCCCCCCCCCCCCC,143.352289205601,1.097457886634153
O110,C=CCCCCCCCCCCCCCCCCCCCCCCCCCCCCCCCCCCCCCCCCCCCCCCCCCCCCCCCCCCCCCCCCCCCCCCCCCCCCCCCCCCCCCCCCCCCCCCCCCCCCCCCCCCCC,142.5961725895492,1.098133314976705
O111,C=CCCCCCCCCCCCCCCCCCCCCCCCCCCCCCCCCCCCCCCCCCCCCCCCCCCCCCCCCCCCCCCCCCCCCCCCCCCCCCCCCCCCCCCCCCCCCCCCCCCCCCCCCCCCCC,141.88880218637328,1.0987638242802686
O112,C=CCCCCCCCCCCCCCCCCCCCCCCCCCCCCCCCCCCCCCCCCCCCCCCCCCCCCCCCCCCCCCCCCCCCCCCCCCCCCCCCCCCCCCCCCCCCCCCCCCCCCCCCCCCCCCC,141.22737780505372,1.0993522504568696
O113,C=CCCCCCCCCCCCCCCCCCCCCCCCCCCCCCCCCCCCCCCCCCCCCCCCCCCCCCCCCCCCCCCCCCCCCCCCCCCCCCCCCCCCCCCCCCCCCCCCCCCCCCCCCCCCCCCC,140.60906052635437,1.0999012316540464
O114,C=CCCCCCCCCCCCCCCCCCCCCCCCCCCCCCCCCCCCCCCCCCCCCCCCCCCCCCCCCCCCCCCCCCCCCCCCCCCCCCCCCCCCCCCCCCCCCCCCCCCCCCCCCCCCCCCCC,140.03138947227444,1.1004132587012037
O115,C=CCCCCCCCCCCCCCCCCCCCCCCCCCCCCCCCCCCCCCCCCCCCCCCCCCCCCCCCCCCCCCCCCCCCCCCCCCCCCCCCCCCCCCCCCCCCCCCCCCCCCCCCCCCCCCCCCC,139.49205832177216,1.1008906525277424
O116,C=CCCCCCCCCCCCCCCCCCCCCCCCCCCCCCCCCCCCCCCCCCCCCCCCCCCCCCCCCCCCCCCCCCCCCCCCCCCCCCCCCCCCCCCCCCCCCCCCCCCCCCCCCCCCCCCCCCC,138.9886811864342,1.1013356050322742
O117,C=CCCCCCCCCCCCCCCCCCCCCCCCCCCCCCCCCCCCCCCCCCCCCCCCCCCCCCCCCCCCCCCCCCCCCCCCCCCCCCCCCCCCCCCCCCCCCCCCCCCCCCCCCCCCCCCCCCCC,138.5190021372774,1.101750160836533
O118,C=CCCCCCCCCCCCCCCCCCCCCCCCCCCCCCCCCCCCCCCCCCCCCCCCCCCCCCCCCCCCCCCCCCCCCCCCCCCCCCCCCCCCCCCCCCCCCCCCCCCCCCCCCCCCCCCCCCCCC,138.08114872795193,1.10213625124696
O119,C=CCCCCCCCCCCCCCCCCCCCCCCCCCCCCCCCCCCCCCCCCCCCCCCCCCCCCCCCCCCCCCCCCCCCCCCCCCCCCCCCCCCCCCCCCCCCCCCCCCCCCCCCCCCCCCCCCCCCCC,137.67310031781852,1.1024956793713834
O120,C=CCCCCCCCCCCCCCCCCCCCCCCCCCCCCCCCCCCCCCCCCCCCCCCCCCCCCCCCCCCCCCCCCCCCCCCCCCCCCCCCCCCCCCCCCCCCCCCCCCCCCCCCCCCCCCCCCCCCCCC,137.29314961910933,1.102830148685894
O121,C=CCCCCCCCCCCCCCCCCCCCCCCCCCCCCCCCCCCCCCCCCCCCCCCCCCCCCCCCCCCCCCCCCCCCCCCCCCCCCCCCCCCCCCCCCCCCCCCCCCCCCCCCCCCCCCCCCCCCCCCC,136.93939868615035,1.1031412520428021
O122,C=CCCCCCCCCCCCCCCCCCCCCCCCCCCCCCCCCCCCCCCCCCCCCCCCCCCCCCCCCCCCCCCCCCCCCCCCCCCCCCCCCCCCCCCCCCCCCCCCCCCCCCCCCCCCCCCCCCCCCCCCC,136.61033537574676,1.1034304921186713
O123,C=CCCCCCCCCCCCCCCCCCCCCCCCCCCCCCCCCCCCCCCCCCCCCCCCCCCCCCCCCCCCCCCCCCCCCCCCCCCCCCCCCCCCCCCCCCCCCCCCCCCCCCCCCCCCCCCCCCCCCCCCCC,136.3043139118229,1.1036992768832368
O124,C=CCCCCCCCCCCCCCCCCCCCCCCCCCCCCCCCCCCCCCCCCCCCCCCCCCCCCCCCCCCCCCCCCCCCCCCCCCCCCCCCCCCCCCCCCCCCCCCCCCCCCCCCCCCCCCCCCCCCCCCCCCC,136.01999012075098,1.1039489331494008
O125,C=CCCCCCCCCCCCCCCCCCCCCCCCCCCCCCCCCCCCCCCCCCCCCCCCCCCCCCCCCCCCCCCCCCCCCCCCCCCCCCCCCCCCCCCCCCCCCCCCCCCCCCCCCCCCCCCCCCCCCCCCCCCC,135.75590643496056,1.1041807044690368
O126,C=CCCCCCCCCCCCCCCCCCCCCCCCCCCCCCCCCCCCCCCCCCCCCCCCCCCCCCCCCCCCCCCCCCCCCCCCCCCCCCCCCCCCCCCCCCCCCCCCCCCCCCCCCCCCCCCCCCCCCCCCCCCCC,135.51071423927777,1.104395764153305
O127,C=CCCCCCCCCCCCCCCCCCCCCCCCCCCCCCCCCCCCCCCCCCCCCCCCCCCCCCCCCCCCCCCCCCCCCCCCCCCCCCCCCCCCCCCCCCCCCCCCCCCCCCCCCCCCCCCCCCCCCCCCCCCCCC,135.28338440143034,1.1045952092900437
O128,C=CCCCCCCCCCCCCCCCCCCCCCCCCCCCCCCCCCCCCCCCCCCCCCCCCCCCCCCCCCCCCCCCCCCCCCCCCCCCCCCCCCCCCCCCCCCCCCCCCCCCCCCCCCCCCCCCCCCCCCCCCCCCCCC,135.0725643875988,1.1047800773349938
O129,C=CCCCCCCCCCCCCCCCCCCCCCCCCCCCCCCCCCCCCCCCCCCCCCCCCCCCCCCCCCCCCCCCCCCCCCCCCCCCCCCCCCCCCCCCCCCCCCCCCCCCCCCCCCCCCCCCCCCCCCCCCCCCCCCC,134.8773087579819,1.1049513370069024
O130,C=CCCCCCCCCCCCCCCCCCCCCCCCCCCCCCCCCCCCCCCCCCCCCCCCCCCCCCCCCCCCCCCCCCCCCCCCCCCCCCCCCCCCCCCCCCCCCCCCCCCCCCCCCCCCCCCCCCCCCCCCCCCCCCCCC,134.69642275184285,1.1051099030151372
O131,C=CCCCCCCCCCCCCCCCCCCCCCCCCCCCCCCCCCCCCCCCCCCCCCCCCCCCCCCCCCCCCCCCCCCCCCCCCCCCCCCCCCCCCCCCCCCCCCCCCCCCCCCCCCCCCCCCCCCCCCCCCCCCCCCCCC,134.52908989552884,1.1052566314141559
O132,C=CCCCCCCCCCCCCCCCCCCCCCCCCCCCCCCCCCCCCCCCCCCCCCCCCCCCCCCCCCCCCCCCCCCCCCCCCCCCCCCCCCCCCCCCCCCCCCCCCCCCCCCCCCCCCCCCCCCCCCCCCCCCCCCCCCC,134.37434011550812,1.1053923291479322
O133,C=CCCCCCCCCCCCCCCCCCCCCCCCCCCCCCCCCCCCCCCCCCCCCCCCCCCCCCCCCCCCCCCCCCCCCCCCCCCCCCCCCCCCCCCCCCCCCCCCCCCCCCCCCCCCCCCCCCCCCCCCCCCCCCCCCCCC,134.23129084524007,1.105517748939967
O134,C=CCCCCCCCCCCCCCCCCCCCCCCCCCCCCCCCCCCCCCCCCCCCCCCCCCCCCCCCCCCCCCCCCCCCCCCCCCCCCCCCCCCCCCCCCCCCCCCCCCCCCCCCCCCCCCCCCCCCCCCCCCCCCCCCCCCCC,134.0992089802653,1.1056336017780013
O135,C=CCCCCCCCCCCCCCCCCCCCCCCCCCCCCCCCCCCCCCCCCCCCCCCCCCCCCCCCCCCCCCCCCCCCCCCCCCCCCCCCCCCCCCCCCCCCCCCCCCCCCCCCCCCCCCCCCCCCCCCCCCCCCCCCCCCCCC,133.97728936637102,1.1057405522155663
O136,C=CCCCCCCCCCCCCCCCCCCCCCCCCCCCCCCCCCCCCCCCCCCCCCCCCCCCCCCCCCCCCCCCCCCCCCCCCCCCCCCCCCCCCCCCCCCCCCCCCCCCCCCCCCCCCCCCCCCCCCCCCCCCCCCCCCCCCCC,133.86477732042363,1.1058392250252653
O137,C=CCCCCCCCCCCCCCCCCCCCCCCCCCCCCCCCCCCCCCCCCCCCCCCCCCCCCCCCCCCCCCCCCCCCCCCCCCCCCCCCCCCCCCCCCCCCCCCCCCCCCCCCCCCCCCCCCCCCCCCCCCCCCCCCCCCCCCCC,133.76117429034045,1.1059302026476894
O138,C=CCCCCCCCCCCCCCCCCCCCCCCCCCCCCCCCCCCCCCCCCCCCCCCCCCCCCCCCCCCCCCCCCCCCCCCCCCCCCCCCCCCCCCCCCCCCCCCCCCCCCCCCCCCCCCCCCCCCCCCCCCCCCCCCCCCCCCCCC,133.66562621800293,1.1060140345097007
O139,C=CCCCCCCCCCCCCCCCCCCCCCCCCCCCCCCCCCCCCCCCCCCCCCCCCCCCCCCCCCCCCCCCCCCCCCCCCCCCCCCCCCCCCCCCCCCCCCCCCCCCCCCCCCCCCCCCCCCCCCCCCCCCCCCCCCCCCCCCCC,133.57776376185112,1.1060912309947102
O140,C=CCCCCCCCCCCCCCCCCCCCCCCCCCCCCCCCCCCCCCCCCCCCCCCCCCCCCCCCCCCCCCCCCCCCCCCCCCCCCCCCCCCCCCCCCCCCCCCCCCCCCCCCCCCCCCCCCCCCCCCCCCCCCCCCCCCCCCCCCCC,133.4968269008596,1.106162274331683
O141,C=CCCCCCCCCCCCCCCCCCCCCCCCCCCCCCCCCCCCCCCCCCCCCCCCCCCCCCCCCCCCCCCCCCCCCCCCCCCCCCCCCCCCCCCCCCCCCCCCCCCCCCCCCCCCCCCCCCCCCCCCCCCCCCCCCCCCCCCCCCCC,133.42247184050493,1.1062276112939313
O142,C=CCCCCCCCCCCCCCCCCCCCCCCCCCCCCCCCCCCCCCCCCCCCCCCCCCCCCCCCCCCCCCCCCCCCCCCCCCCCCCCCCCCCCCCCCCCCCCCCCCCCCCCCCCCCCCCCCCCCCCCCCCCCCCCCCCCCCCCCCCCCC,133.35408303403133,1.10628766244261
O143,C=CCCCCCCCCCCCCCCCCCCCCCCCCCCCCCCCCCCCCCCCCCCCCCCCCCCCCCCCCCCCCCCCCCCCCCCCCCCCCCCCCCCCCCCCCCCCCCCCCCCCCCCCCCCCCCCCCCCCCCCCCCCCCCCCCCCCCCCCCCCCCC,133.29143554557783,1.1063428187048359
O144,C=CCCCCCCCCCCCCCCCCCCCCCCCCCCCCCCCCCCCCCCCCCCCCCCCCCCCCCCCCCCCCCCCCCCCCCCCCCCCCCCCCCCCCCCCCCCCCCCCCCCCCCCCCCCCCCCCCCCCCCCCCCCCCCCCCCCCCCCCCCCCCCC,133.23385395870562,1.1063934460081322
O145,C=CCCCCCCCCCCCCCCCCCCCCCCCCCCCCCCCCCCCCCCCCCCCCCCCCCCCCCCCCCCCCCCCCCCCCCCCCCCCCCCCCCCCCCCCCCCCCCCCCCCCCCCCCCCCCCCCCCCCCCCCCCCCCCCCCCCCCCCCCCCCCCCC,133.18113742052142,1.1064398855152706
O146,C=CCCCCCCCCCCCCCCCCCCCCCCCCCCCCCCCCCCCCCCCCCCCCCCCCCCCCCCCCCCCCCCCCCCCCCCCCCCCCCCCCCCCCCCCCCCCCCCCCCCCCCCCCCCCCCCCCCCCCCCCCCCCCCCCCCCCCCCCCCCCCCCCC,133.13267514597925,1.1064824555309123
O147,C=CCCCCCCCCCCCCCCCCCCCCCCCCCCCCCCCCCCCCCCCCCCCCCCCCCCCCCCCCCCCCCCCCCCCCCCCCCCCCCCCCCCCCCCCCCCCCCCCCCCCCCCCCCCCCCCCCCCCCCCCCCCCCCCCCCCCCCCCCCCCCCCCCC,133.08844228845658,1.1065214523445785
O148,C=CCCCCCCCCCCCCCCCCCCCCCCCCCCCCCCCCCCCCCCCCCCCCCCCCCCCCCCCCCCCCCCCCCCCCCCCCCCCCCCCCCCCCCCCCCCCCCCCCCCCCCCCCCCCCCCCCCCCCCCCCCCCCCCCCCCCCCCCCCCCCCCCCCC,133.04790043427792,1.1065571517454609
O149,C=CCCCCCCCCCCCCCCCCCCCCCCCCCCCCCCCCCCCCCCCCCCCCCCCCCCCCCCCCCCCCCCCCCCCCCCCCCCCCCCCCCCCCCCCCCCCCCCCCCCCCCCCCCCCCCCCCCCCCCCCCCCCCCCCCCCCCCCCCCCCCCCCCCCC,133.01085135221211,1.1065898109159744
O150,C=CCCCCCCCCCCCCCCCCCCCCCCCCCCCCCCCCCCCCCCCCCCCCCCCCCCCCCCCCCCCCCCCCCCCCCCCCCCCCCCCCCCCCCCCCCCCCCCCCCCCCCCCCCCCCCCCCCCCCCCCCCCCCCCCCCCCCCCCCCCCCCCCCCCCC,132.97695614440968,1.1066196687848997
N6,C1CCCCC1,555.6065914111844,0.015397291982577166
N7,C1CCCCC1C,572.5999108987711,0.014065256996744003
N8,C1CCCCC1CC,609.968152930419,0.013874168478202314
N9,C1CCCCC1CCC,637.3513723904584,0.013605764305792915
N10,C1CCCCC1CCCC,660.2808592408228,0.01395150739833463
N11,C1CCCCC1CCCCC,672.6454994785792,0.014189621883053689
N12,C1CCCCC1CCCCCC,688.115786509466,0.017464962602523417
N13,C1CCCCC1CCCCCCC,703.4931440279689,0.01960659743530207
N14,C1CCCCC1CCCCCCCC,718.2104965627162,0.020548123354697502
N15,C1CCCCC1CCCCCCCCC,734.209481664267,0.017824136536963936
N16,C1CCCCC1CCCCCCCCCC,748.2584731758078,0.015020320600288918
N17,C1CCCCC1CCCCCCCCCCC,758.194524300602,0.017772495255390663
N18,C1CCCCC1CCCCCCCCCCCC,765.9088271150673,0.020119756339294338
N19,C1CCCCC1CCCCCCCCCCCCC,773.5860722519931,0.01779410699070418
N20,C1CCCCC1CCCCCCCCCCCCCC,780.9359714490326,0.01525138804151231
N21,C1CCCCC1CCCCCCCCCCCCCCC,789.7069516350343,0.01969298236585087
N22,C1CCCCC1CCCCCCCCCCCCCCCC,798.4808615599638,0.029907986844906254
N23,C1CCCCC1CCCCCCCCCCCCCCCCC,807.1730949108928,0.04167286797080091
N24,C1CCCCC1CCCCCCCCCCCCCCCCCC,815.5158619710452,0.05234097732599143
N25,C1CCCCC1CCCCCCCCCCCCCCCCCCC,823.8206327813779,0.06153210555808867
N26,C1CCCCC1CCCCCCCCCCCCCCCCCCCC,831.9458725622087,0.0694580552286704
N27,C1CCCCC1CCCCCCCCCCCCCCCCCCCCC,840.0900384750032,0.07621133703956916
N28,C1CCCCC1CCCCCCCCCCCCCCCCCCCCCC,848.1015017241389,0.08202182984861725
N29,C1CCCCC1CCCCCCCCCCCCCCCCCCCCCCC,855.7835557556042,0.08697949725436843
N30,C1CCCCC1CCCCCCCCCCCCCCCCCCCCCCCC,862.3255946017149,0.09167213084148718
N31,C1CCCCC1CCCCCCCCCCCCCCCCCCCCCCCCC,866.8439348119342,0.09775672048853881
N32,C1CCCCC1CCCCCCCCCCCCCCCCCCCCCCCCCC,868.575631533382,0.1079353201724497
N33,C1CCCCC1CCCCCCCCCCCCCCCCCCCCCCCCCCC,867.2749488522685,0.12371240616910602
N34,C1CCCCC1CCCCCCCCCCCCCCCCCCCCCCCCCCCC,862.8968115191228,0.1449117665251581
N35,C1CCCCC1CCCCCCCCCCCCCCCCCCCCCCCCCCCCC,855.601763900291,0.17031621675390685
N36,C1CCCCC1CCCCCCCCCCCCCCCCCCCCCCCCCCCCCC,845.5694745944298,0.19871896404614695
N37,C1CCCCC1CCCCCCCCCCCCCCCCCCCCCCCCCCCCCCC,833.0665018910349,0.22909642120435755
N38,C1CCCCC1CCCCCCCCCCCCCCCCCCCCCCCCCCCCCCCC,818.351954778108,0.26073770622588777
N39,C1CCCCC1CCCCCCCCCCCCCCCCCCCCCCCCCCCCCCCCC,801.726776160431,0.2930939771650614
N40,C1CCCCC1CCCCCCCCCCCCCCCCCCCCCCCCCCCCCCCCCC,783.4744610571913,0.32578507643007437
N41,C1CCCCC1CCCCCCCCCCCCCCCCCCCCCCCCCCCCCCCCCCC,763.8907273156567,0.35850278066240543
N42,C1CCCCC1CCCCCCCCCCCCCCCCCCCCCCCCCCCCCCCCCCCC,743.2476652115638,0.391023850474203
N43,C1CCCCC1CCCCCCCCCCCCCCCCCCCCCCCCCCCCCCCCCCCCC,721.810387281527,0.4231583737874281
N44,C1CCCCC1CCCCCCCCCCCCCCCCCCCCCCCCCCCCCCCCCCCCCC,699.8147652403915,0.45476482160419357
N45,C1CCCCC1CCCCCCCCCCCCCCCCCCCCCCCCCCCCCCCCCCCCCCC,677.4828398378776,0.4857202040087908
N46,C1CCCCC1CCCCCCCCCCCCCCCCCCCCCCCCCCCCCCCCCCCCCCCC,655.0065482961119,0.5159328964017011
N47,C1CCCCC1CCCCCCCCCCCCCCCCCCCCCCCCCCCCCCCCCCCCCCCCC,632.5597589790192,0.5453234950459519
N48,C1CCCCC1CCCCCCCCCCCCCCCCCCCCCCCCCCCCCCCCCCCCCCCCCC,610.2897742628561,0.573834838269281
N49,C1CCCCC1CCCCCCCCCCCCCCCCCCCCCCCCCCCCCCCCCCCCCCCCCCC,588.3248610576647,0.6014185824385502
N50,C1CCCCC1CCCCCCCCCCCCCCCCCCCCCCCCCCCCCCCCCCCCCCCCCCCC,566.7707803834918,0.6280429631114306
N51,C1CCCCC1CCCCCCCCCCCCCCCCCCCCCCCCCCCCCCCCCCCCCCCCCCCCC,545.7172170721439,0.6536827504433805
N52,C1CCCCC1CCCCCCCCCCCCCCCCCCCCCCCCCCCCCCCCCCCCCCCCCCCCCC,525.2333533439719,0.6783253804187945
N53,C1CCCCC1CCCCCCCCCCCCCCCCCCCCCCCCCCCCCCCCCCCCCCCCCCCCCCC,505.3764268731943,0.701963037930756
N54,C1CCCCC1CCCCCCCCCCCCCCCCCCCCCCCCCCCCCCCCCCCCCCCCCCCCCCCC,486.187829373312,0.7245976739331933
N55,C1CCCCC1CCCCCCCCCCCCCCCCCCCCCCCCCCCCCCCCCCCCCCCCCCCCCCCCC,467.6978669809316,0.7462345550946407
N56,C1CCCCC1CCCCCCCCCCCCCCCCCCCCCCCCCCCCCCCCCCCCCCCCCCCCCCCCCC,449.9258292163278,0.7668864380987449
N57,C1CCCCC1CCCCCCCCCCCCCCCCCCCCCCCCCCCCCCCCCCCCCCCCCCCCCCCCCCC,432.88295622488045,0.7865682253046937
N58,C1CCCCC1CCCCCCCCCCCCCCCCCCCCCCCCCCCCCCCCCCCCCCCCCCCCCCCCCCCC,416.57213220877725,0.8053005001223905
N59,C1CCCCC1CCCCCCCCCCCCCCCCCCCCCCCCCCCCCCCCCCCCCCCCCCCCCCCCCCCCC,400.9902196858932,0.8231050330177773
N60,C1CCCCC1CCCCCCCCCCCCCCCCCCCCCCCCCCCCCCCCCCCCCCCCCCCCCCCCCCCCCC,386.12825510120945,0.840007817002189
N61,C1CCCCC1CCCCCCCCCCCCCCCCCCCCCCCCCCCCCCCCCCCCCCCCCCCCCCCCCCCCCCC,371.97355888989597,0.8560352644051502
N62,C1CCCCC1CCCCCCCCCCCCCCCCCCCCCCCCCCCCCCCCCCCCCCCCCCCCCCCCCCCCCCCC,358.50979677123064,0.8712168527539599
N63,C1CCCCC1CCCCCCCCCCCCCCCCCCCCCCCCCCCCCCCCCCCCCCCCCCCCCCCCCCCCCCCCC,345.7176286653283,0.8855818444002694
N64,C1CCCCC1CCCCCCCCCCCCCCCCCCCCCCCCCCCCCCCCCCCCCCCCCCCCCCCCCCCCCCCCCC,333.57610467894307,0.8991616415572875
N65,C1CCCCC1CCCCCCCCCCCCCCCCCCCCCCCCCCCCCCCCCCCCCCCCCCCCCCCCCCCCCCCCCCC,322.06237877605724,0.9119869651383125
N66,C1CCCCC1CCCCCCCCCCCCCCCCCCCCCCCCCCCCCCCCCCCCCCCCCCCCCCCCCCCCCCCCCCCC,311.1527128561745,0.9240899246617926
N67,C1CCCCC1CCCCCCCCCCCCCCCCCCCCCCCCCCCCCCCCCCCCCCCCCCCCCCCCCCCCCCCCCCCCC,300.8228108776424,0.935501604792947
N68,C1CCCCC1CCCCCCCCCCCCCCCCCCCCCCCCCCCCCCCCCCCCCCCCCCCCCCCCCCCCCCCCCCCCCC,291.0478999195038,0.9462538864059591
N69,C1CCCCC1CCCCCCCCCCCCCCCCCCCCCCCCCCCCCCCCCCCCCCCCCCCCCCCCCCCCCCCCCCCCCCC,281.8034008210406,0.9563773858544311
N70,C1CCCCC1CCCCCCCCCCCCCCCCCCCCCCCCCCCCCCCCCCCCCCCCCCCCCCCCCCCCCCCCCCCCCCCC,273.0645510410057,0.9659030561307895
N71,C1CCCCC1CCCCCCCCCCCCCCCCCCCCCCCCCCCCCCCCCCCCCCCCCCCCCCCCCCCCCCCCCCCCCCCCC,264.8075492085196,0.9748604284022876
N72,C1CCCCC1CCCCCCCCCCCCCCCCCCCCCCCCCCCCCCCCCCCCCCCCCCCCCCCCCCCCCCCCCCCCCCCCCC,257.0083183077119,0.9832790274455465
N73,C1CCCCC1CCCCCCCCCCCCCCCCCCCCCCCCCCCCCCCCCCCCCCCCCCCCCCCCCCCCCCCCCCCCCCCCCCC,249.64457380692906,0.9911868660749688
N74,C1CCCCC1CCCCCCCCCCCCCCCCCCCCCCCCCCCCCCCCCCCCCCCCCCCCCCCCCCCCCCCCCCCCCCCCCCCC,242.69369340503485,0.9986116923195624
N75,C1CCCCC1CCCCCCCCCCCCCCCCCCCCCCCCCCCCCCCCCCCCCCCCCCCCCCCCCCCCCCCCCCCCCCCCCCCCC,236.13414583504897,1.0055797178687749
N76,C1CCCCC1CCCCCCCCCCCCCCCCCCCCCCCCCCCCCCCCCCCCCCCCCCCCCCCCCCCCCCCCCCCCCCCCCCCCCC,229.94543395693248,1.0121167053518019
N77,C1CCCCC1CCCCCCCCCCCCCCCCCCCCCCCCCCCCCCCCCCCCCCCCCCCCCCCCCCCCCCCCCCCCCCCCCCCCCCC,224.1078122322908,1.0182468922980656
N78,C1CCCCC1CCCCCCCCCCCCCCCCCCCCCCCCCCCCCCCCCCCCCCCCCCCCCCCCCCCCCCCCCCCCCCCCCCCCCCCC,218.60248316821654,1.0239939473275856
N79,C1CCCCC1CCCCCCCCCCCCCCCCCCCCCCCCCCCCCCCCCCCCCCCCCCCCCCCCCCCCCCCCCCCCCCCCCCCCCCCCC,213.41143242131753,1.0293800608889951
N80,C1CCCCC1CCCCCCCCCCCCCCCCCCCCCCCCCCCCCCCCCCCCCCCCCCCCCCCCCCCCCCCCCCCCCCCCCCCCCCCCCC,208.5172053352303,1.0344267825239366
N81,C1CCCCC1CCCCCCCCCCCCCCCCCCCCCCCCCCCCCCCCCCCCCCCCCCCCCCCCCCCCCCCCCCCCCCCCCCCCCCCCCCC,203.9037789545144,1.0391542535158849
N82,C1CCCCC1CCCCCCCCCCCCCCCCCCCCCCCCCCCCCCCCCCCCCCCCCCCCCCCCCCCCCCCCCCCCCCCCCCCCCCCCCCCC,199.55555105347995,1.0435819416638825
N83,C1CCCCC1CCCCCCCCCCCCCCCCCCCCCCCCCCCCCCCCCCCCCCCCCCCCCCCCCCCCCCCCCCCCCCCCCCCCCCCCCCCCC,195.45783586950742,1.047727991229207
N84,C1CCCCC1CCCCCCCCCCCCCCCCCCCCCCCCCCCCCCCCCCCCCCCCCCCCCCCCCCCCCCCCCCCCCCCCCCCCCCCCCCCCCC,191.5967936879822,1.0516098673414447
N85,C1CCCCC1CCCCCCCCCCCCCCCCCCCCCCCCCCCCCCCCCCCCCCCCCCCCCCCCCCCCCCCCCCCCCCCCCCCCCCCCCCCCCCC,187.95902674957935,1.0552438115789584
N86,C1CCCCC1CCCCCCCCCCCCCCCCCCCCCCCCCCCCCCCCCCCCCCCCCCCCCCCCCCCCCCCCCCCCCCCCCCCCCCCCCCCCCCCC,184.5322782755596,1.058645402016928
N87,C1CCCCC1CCCCCCCCCCCCCCCCCCCCCCCCCCCCCCCCCCCCCCCCCCCCCCCCCCCCCCCCCCCCCCCCCCCCCCCCCCCCCCCCC,181.30472587054334,1.0618290940593023
N88,C1CCCCC1CCCCCCCCCCCCCCCCCCCCCCCCCCCCCCCCCCCCCCCCCCCCCCCCCCCCCCCCCCCCCCCCCCCCCCCCCCCCCCCCCC,178.26518144344965,1.06480871212165
N89,C1CCCCC1CCCCCCCCCCCCCCCCCCCCCCCCCCCCCCCCCCCCCCCCCCCCCCCCCCCCCCCCCCCCCCCCCCCCCCCCCCCCCCCCCCC,175.40300365743877,1.067597065500473
N90,C1CCCCC1CCCCCCCCCCCCCCCCCCCCCCCCCCCCCCCCCCCCCCCCCCCCCCCCCCCCCCCCCCCCCCCCCCCCCCCCCCCCCCCCCCCC,172.70854818563078,1.0702063678273241
N91,C1CCCCC1CCCCCCCCCCCCCCCCCCCCCCCCCCCCCCCCCCCCCCCCCCCCCCCCCCCCCCCCCCCCCCCCCCCCCCCCCCCCCCCCCCCCC,170.17217394104185,1.0726479225320373
N92,C1CCCCC1CCCCCCCCCCCCCCCCCCCCCCCCCCCCCCCCCCCCCCCCCCCCCCCCCCCCCCCCCCCCCCCCCCCCCCCCCCCCCCCCCCCCCC,167.78514094367688,1.0749324854809812
N93,C1CCCCC1CCCCCCCCCCCCCCCCCCCCCCCCCCCCCCCCCCCCCCCCCCCCCCCCCCCCCCCCCCCCCCCCCCCCCCCCCCCCCCCCCCCCCCC,165.53915050633134,1.0770700010589092
N94,C1CCCCC1CCCCCCCCCCCCCCCCCCCCCCCCCCCCCCCCCCCCCCCCCCCCCCCCCCCCCCCCCCCCCCCCCCCCCCCCCCCCCCCCCCCCCCCC,163.42608233579625,1.0790699136475073
N95,C1CCCCC1CCCCCCCCCCCCCCCCCCCCCCCCCCCCCCCCCCCCCCCCCCCCCCCCCCCCCCCCCCCCCCCCCCCCCCCCCCCCCCCCCCCCCCCCC,161.43869629963504,1.0809409496315403
N96,C1CCCCC1CCCCCCCCCCCCCCCCCCCCCCCCCCCCCCCCCCCCCCCCCCCCCCCCCCCCCCCCCCCCCCCCCCCCCCCCCCCCCCCCCCCCCCCCCC,159.56973409727914,1.0826913848386475
N97,C1CCCCC1CCCCCCCCCCCCCCCCCCCCCCCCCCCCCCCCCCCCCCCCCCCCCCCCCCCCCCCCCCCCCCCCCCCCCCCCCCCCCCCCCCCCCCCCCCC,157.81273406406393,1.0843288651183918
N98,C1CCCCC1CCCCCCCCCCCCCCCCCCCCCCCCCCCCCCCCCCCCCCCCCCCCCCCCCCCCCCCCCCCCCCCCCCCCCCCCCCCCCCCCCCCCCCCCCCCC,156.16141531310558,1.0858606317643582
N99,C1CCCCC1CCCCCCCCCCCCCCCCCCCCCCCCCCCCCCCCCCCCCCCCCCCCCCCCCCCCCCCCCCCCCCCCCCCCCCCCCCCCCCCCCCCCCCCCCCCCC,154.60982511374706,1.0872933757805732
N100,C1CCCCC1CCCCCCCCCCCCCCCCCCCCCCCCCCCCCCCCCCCCCCCCCCCCCCCCCCCCCCCCCCCCCCCCCCCCCCCCCCCCCCCCCCCCCCCCCCCCCC,153.15224608556926,1.0886334272952531
N101,C1CCCCC1CCCCCCCCCCCCCCCCCCCCCCCCCCCCCCCCCCCCCCCCCCCCCCCCCCCCCCCCCCCCCCCCCCCCCCCCCCCCCCCCCCCCCCCCCCCCCCC,151.7834715370781,1.0898866394377527
N102,C1CCCCC1CCCCCCCCCCCCCCCCCCCCCCCCCCCCCCCCCCCCCCCCCCCCCCCCCCCCCCCCCCCCCCCCCCCCCCCCCCCCCCCCCCCCCCCCCCCCCCCC,150.49845004769765,1.091058546746256
N103,C1CCCCC1CCCCCCCCCCCCCCCCCCCCCCCCCCCCCCCCCCCCCCCCCCCCCCCCCCCCCCCCCCCCCCCCCCCCCCCCCCCCCCCCCCCCCCCCCCCCCCCCC,149.29249257387963,1.0921542677468103
N104,C1CCCCC1CCCCCCCCCCCCCCCCCCCCCCCCCCCCCCCCCCCCCCCCCCCCCCCCCCCCCCCCCCCCCCCCCCCCCCCCCCCCCCCCCCCCCCCCCCCCCCCCCC,148.1610797280242,1.093178641069636
N105,C1CCCCC1CCCCCCCCCCCCCCCCCCCCCCCCCCCCCCCCCCCCCCCCCCCCCCCCCCCCCCCCCCCCCCCCCCCCCCCCCCCCCCCCCCCCCCCCCCCCCCCCCCC,147.10003829303014,1.09413614472821
N106,C1CCCCC1CCCCCCCCCCCCCCCCCCCCCCCCCCCCCCCCCCCCCCCCCCCCCCCCCCCCCCCCCCCCCCCCCCCCCCCCCCCCCCCCCCCCCCCCCCCCCCCCCCCC,146.1053894399255,1.095031014928606
N107,C1CCCCC1CCCCCCCCCCCCCCCCCCCCCCCCCCCCCCCCCCCCCCCCCCCCCCCCCCCCCCCCCCCCCCCCCCCCCCCCCCCCCCCCCCCCCCCCCCCCCCCCCCCCC,145.17300684702795,1.0958668551196837
N108,C1CCCCC1CCCCCCCCCCCCCCCCCCCCCCCCCCCCCCCCCCCCCCCCCCCCCCCCCCCCCCCCCCCCCCCCCCCCCCCCCCCCCCCCCCCCCCCCCCCCCCCCCCCCCC,144.29963425982857,1.0966476266578897
N109,C1CCCCC1CCCCCCCCCCCCCCCCCCCCCCCCCCCCCCCCCCCCCCCCCCCCCCCCCCCCCCCCCCCCCCCCCCCCCCCCCCCCCCCCCCCCCCCCCCCCCCCCCCCCCCC,143.4819041049915,1.097376824169084
N110,C1CCCCC1CCCCCCCCCCCCCCCCCCCCCCCCCCCCCCCCCCCCCCCCCCCCCCCCCCCCCCCCCCCCCCCCCCCCCCCCCCCCCCCCCCCCCCCCCCCCCCCCCCCCCCCC,142.71658498785436,1.0980577242201333
N111,C1CCCCC1CCCCCCCCCCCCCCCCCCCCCCCCCCCCCCCCCCCCCCCCCCCCCCCCCCCCCCCCCCCCCCCCCCCCCCCCCCCCCCCCCCCCCCCCCCCCCCCCCCCCCCCCC,142.00050442281355,1.0986933578597375
N112,C1CCCCC1CCCCCCCCCCCCCCCCCCCCCCCCCCCCCCCCCCCCCCCCCCCCCCCCCCCCCCCCCCCCCCCCCCCCCCCCCCCCCCCCCCCCCCCCCCCCCCCCCCCCCCCCCC,141.33092275393295,1.0992865870005513
N113,C1CCCCC1CCCCCCCCCCCCCCCCCCCCCCCCCCCCCCCCCCCCCCCCCCCCCCCCCCCCCCCCCCCCCCCCCCCCCCCCCCCCCCCCCCCCCCCCCCCCCCCCCCCCCCCCCCC,140.70517294148553,1.0998400699402324
N114,C1CCCCC1CCCCCCCCCCCCCCCCCCCCCCCCCCCCCCCCCCCCCCCCCCCCCCCCCCCCCCCCCCCCCCCCCCCCCCCCCCCCCCCCCCCCCCCCCCCCCCCCCCCCCCCCCCCC,140.1204705002298,1.1003563162495202
N115,C1CCCCC1CCCCCCCCCCCCCCCCCCCCCCCCCCCCCCCCCCCCCCCCCCCCCCCCCCCCCCCCCCCCCCCCCCCCCCCCCCCCCCCCCCCCCCCCCCCCCCCCCCCCCCCCCCCCC,139.5746012644069,1.1008376632093326
N116,C1CCCCC1CCCCCCCCCCCCCCCCCCCCCCCCCCCCCCCCCCCCCCCCCCCCCCCCCCCCCCCCCCCCCCCCCCCCCCCCCCCCCCCCCCCCCCCCCCCCCCCCCCCCCCCCCCCCCC,139.0650175837483,1.1012863189536701
N117,C1CCCCC1CCCCCCCCCCCCCCCCCCCCCCCCCCCCCCCCCCCCCCCCCCCCCCCCCCCCCCCCCCCCCCCCCCCCCCCCCCCCCCCCCCCCCCCCCCCCCCCCCCCCCCCCCCCCCCC,138.58969628238398,1.1017043416134682
N118,C1CCCCC1CCCCCCCCCCCCCCCCCCCCCCCCCCCCCCCCCCCCCCCCCCCCCCCCCCCCCCCCCCCCCCCCCCCCCCCCCCCCCCCCCCCCCCCCCCCCCCCCCCCCCCCCCCCCCCCC,138.1465453758222,1.1020936771997296
N119,C1CCCCC1CCCCCCCCCCCCCCCCCCCCCCCCCCCCCCCCCCCCCCCCCCCCCCCCCCCCCCCCCCCCCCCCCCCCCCCCCCCCCCCCCCCCCCCCCCCCCCCCCCCCCCCCCCCCCCCCC,137.73366644762166,1.1024561423698416
N120,C1CCCCC1CCCCCCCCCCCCCCCCCCCCCCCCCCCCCCCCCCCCCCCCCCCCCCCCCCCCCCCCCCCCCCCCCCCCCCCCCCCCCCCCCCCCCCCCCCCCCCCCCCCCCCCCCCCCCCCCCC,137.349135426877,1.102793451809486
N121,C1CCCCC1CCCCCCCCCCCCCCCCCCCCCCCCCCCCCCCCCCCCCCCCCCCCCCCCCCCCCCCCCCCCCCCCCCCCCCCCCCCCCCCCCCCCCCCCCCCCCCCCCCCCCCCCCCCCCCCCCCC,136.99112358383093,1.1031072097133636
N122,C1CCCCC1CCCCCCCCCCCCCCCCCCCCCCCCCCCCCCCCCCCCCCCCCCCCCCCCCCCCCCCCCCCCCCCCCCCCCCCCCCCCCCCCCCCCCCCCCCCCCCCCCCCCCCCCCCCCCCCCCCCC,136.65803717483985,1.1033989309198988
N123,C1CCCCC1CCCCCCCCCCCCCCCCCCCCCCCCCCCCCCCCCCCCCCCCCCCCCCCCCCCCCCCCCCCCCCCCCCCCCCCCCCCCCCCCCCCCCCCCCCCCCCCCCCCCCCCCCCCCCCCCCCCCC,136.34839030673845,1.1036700310647554
N124,C1CCCCC1CCCCCCCCCCCCCCCCCCCCCCCCCCCCCCCCCCCCCCCCCCCCCCCCCCCCCCCCCCCCCCCCCCCCCCCCCCCCCCCCCCCCCCCCCCCCCCCCCCCCCCCCCCCCCCCCCCCCCC,136.0605936240244,1.103921849617173
N125,C1CCCCC1CCCCCCCCCCCCCCCCCCCCCCCCCCCCCCCCCCCCCCCCCCCCCCCCCCCCCCCCCCCCCCCCCCCCCCCCCCCCCCCCCCCCCCCCCCCCCCCCCCCCCCCCCCCCCCCCCCCCCCC,135.79332175354915,1.104155637511724
N126,C1CCCCC1CCCCCCCCCCCCCCCCCCCCCCCCCCCCCCCCCCCCCCCCCCCCCCCCCCCCCCCCCCCCCCCCCCCCCCCCCCCCCCCCCCCCCCCCCCCCCCCCCCCCCCCCCCCCCCCCCCCCCCCC,135.5452544010293,1.1043725773040425
N127,C1CCCCC1CCCCCCCCCCCCCCCCCCCCCCCCCCCCCCCCCCCCCCCCCCCCCCCCCCCCCCCCCCCCCCCCCCCCCCCCCCCCCCCCCCCCCCCCCCCCCCCCCCCCCCCCCCCCCCCCCCCCCCCCC,135.31519643837922,1.1045737746563484
N128,C1CCCCC1CCCCCCCCCCCCCCCCCCCCCCCCCCCCCCCCCCCCCCCCCCCCCCCCCCCCCCCCCCCCCCCCCCCCCCCCCCCCCCCCCCCCCCCCCCCCCCCCCCCCCCCCCCCCCCCCCCCCCCCCCC,135.10184776807694,1.1047602742240068
N129,C1CCCCC1CCCCCCCCCCCCCCCCCCCCCCCCCCCCCCCCCCCCCCCCCCCCCCCCCCCCCCCCCCCCCCCCCCCCCCCCCCCCCCCCCCCCCCCCCCCCCCCCCCCCCCCCCCCCCCCCCCCCCCCCCCC,134.90423458609595,1.104933052496772
N130,C1CCCCC1CCCCCCCCCCCCCCCCCCCCCCCCCCCCCCCCCCCCCCCCCCCCCCCCCCCCCCCCCCCCCCCCCCCCCCCCCCCCCCCCCCCCCCCCCCCCCCCCCCCCCCCCCCCCCCCCCCCCCCCCCCCC,134.72120722323262,1.105093031490584
N131,C1CCCCC1CCCCCCCCCCCCCCCCCCCCCCCCCCCCCCCCCCCCCCCCCCCCCCCCCCCCCCCCCCCCCCCCCCCCCCCCCCCCCCCCCCCCCCCCCCCCCCCCCCCCCCCCCCCCCCCCCCCCCCCCCCCCC,134.5518692974565,1.1052410725911759
N132,C1CCCCC1CCCCCCCCCCCCCCCCCCCCCCCCCCCCCCCCCCCCCCCCCCCCCCCCCCCCCCCCCCCCCCCCCCCCCCCCCCCCCCCCCCCCCCCCCCCCCCCCCCCCCCCCCCCCCCCCCCCCCCCCCCCCCC,134.39528497074355,1.105377989291025
N133,C1CCCCC1CCCCCCCCCCCCCCCCCCCCCCCCCCCCCCCCCCCCCCCCCCCCCCCCCCCCCCCCCCCCCCCCCCCCCCCCCCCCCCCCCCCCCCCCCCCCCCCCCCCCCCCCCCCCCCCCCCCCCCCCCCCCCCC,134.25050908596847,1.105504541950908
N134,C1CCCCC1CCCCCCCCCCCCCCCCCCCCCCCCCCCCCCCCCCCCCCCCCCCCCCCCCCCCCCCCCCCCCCCCCCCCCCCCCCCCCCCCCCCCCCCCCCCCCCCCCCCCCCCCCCCCCCCCCCCCCCCCCCCCCCCC,134.11679400821723,1.1056214459678007
N135,C1CCCCC1CCCCCCCCCCCCCCCCCCCCCCCCCCCCCCCCCCCCCCCCCCCCCCCCCCCCCCCCCCCCCCCCCCCCCCCCCCCCCCCCCCCCCCCCCCCCCCCCCCCCCCCCCCCCCCCCCCCCCCCCCCCCCCCCC,133.9934504798032,1.1057293707291003
N136,C1CCCCC1CCCCCCCCCCCCCCCCCCCCCCCCCCCCCCCCCCCCCCCCCCCCCCCCCCCCCCCCCCCCCCCCCCCCCCCCCCCCCCCCCCCCCCCCCCCCCCCCCCCCCCCCCCCCCCCCCCCCCCCCCCCCCCCCCC,133.87963665630684,1.1058289459537103
N137,C1CCCCC1CCCCCCCCCCCCCCCCCCCCCCCCCCCCCCCCCCCCCCCCCCCCCCCCCCCCCCCCCCCCCCCCCCCCCCCCCCCCCCCCCCCCCCCCCCCCCCCCCCCCCCCCCCCCCCCCCCCCCCCCCCCCCCCCCCC,133.7746812236633,1.1059207601178602
N138,C1CCCCC1CCCCCCCCCCCCCCCCCCCCCCCCCCCCCCCCCCCCCCCCCCCCCCCCCCCCCCCCCCCCCCCCCCCCCCCCCCCCCCCCCCCCCCCCCCCCCCCCCCCCCCCCCCCCCCCCCCCCCCCCCCCCCCCCCCCC,133.678072625351,1.1060053651806967
N139,C1CCCCC1CCCCCCCCCCCCCCCCCCCCCCCCCCCCCCCCCCCCCCCCCCCCCCCCCCCCCCCCCCCCCCCCCCCCCCCCCCCCCCCCCCCCCCCCCCCCCCCCCCCCCCCCCCCCCCCCCCCCCCCCCCCCCCCCCCCCC,133.58912870415432,1.106083278034323
N140,C1CCCCC1CCCCCCCCCCCCCCCCCCCCCCCCCCCCCCCCCCCCCCCCCCCCCCCCCCCCCCCCCCCCCCCCCCCCCCCCCCCCCCCCCCCCCCCCCCCCCCCCCCCCCCCCCCCCCCCCCCCCCCCCCCCCCCCCCCCCCC,133.5071964624741,1.1061549823770171
N141,C1CCCCC1CCCCCCCCCCCCCCCCCCCCCCCCCCCCCCCCCCCCCCCCCCCCCCCCCCCCCCCCCCCCCCCCCCCCCCCCCCCCCCCCCCCCCCCCCCCCCCCCCCCCCCCCCCCCCCCCCCCCCCCCCCCCCCCCCCCCCCC,133.43194083934404,1.1062209302605623
N142,C1CCCCC1CCCCCCCCCCCCCCCCCCCCCCCCCCCCCCCCCCCCCCCCCCCCCCCCCCCCCCCCCCCCCCCCCCCCCCCCCCCCCCCCCCCCCCCCCCCCCCCCCCCCCCCCCCCCCCCCCCCCCCCCCCCCCCCCCCCCCCCC,133.3628024717202,1.1062815447602272
N143,C1CCCCC1CCCCCCCCCCCCCCCCCCCCCCCCCCCCCCCCCCCCCCCCCCCCCCCCCCCCCCCCCCCCCCCCCCCCCCCCCCCCCCCCCCCCCCCCCCCCCCCCCCCCCCCCCCCCCCCCCCCCCCCCCCCCCCCCCCCCCCCCC,133.2993187609133,1.1063372204816653
N144,C1CCCCC1CCCCCCCCCCCCCCCCCCCCCCCCCCCCCCCCCCCCCCCCCCCCCCCCCCCCCCCCCCCCCCCCCCCCCCCCCCCCCCCCCCCCCCCCCCCCCCCCCCCCCCCCCCCCCCCCCCCCCCCCCCCCCCCCCCCCCCCCCC,133.24106211296743,1.1063883271497676
N145,C1CCCCC1CCCCCCCCCCCCCCCCCCCCCCCCCCCCCCCCCCCCCCCCCCCCCCCCCCCCCCCCCCCCCCCCCCCCCCCCCCCCCCCCCCCCCCCCCCCCCCCCCCCCCCCCCCCCCCCCCCCCCCCCCCCCCCCCCCCCCCCCCCC,133.18762450035123,1.1064352076533033
N146,C1CCCCC1CCCCCCCCCCCCCCCCCCCCCCCCCCCCCCCCCCCCCCCCCCCCCCCCCCCCCCCCCCCCCCCCCCCCCCCCCCCCCCCCCCCCCCCCCCCCCCCCCCCCCCCCCCCCCCCCCCCCCCCCCCCCCCCCCCCCCCCCCCCC,133.13867166248323,1.106478183491517
N147,C1CCCCC1CCCCCCCCCCCCCCCCCCCCCCCCCCCCCCCCCCCCCCCCCCCCCCCCCCCCCCCCCCCCCCCCCCCCCCCCCCCCCCCCCCCCCCCCCCCCCCCCCCCCCCCCCCCCCCCCCCCCCCCCCCCCCCCCCCCCCCCCCCCCC,133.09384074276483,1.1065175539390972
N148,C1CCCCC1CCCCCCCCCCCCCCCCCCCCCCCCCCCCCCCCCCCCCCCCCCCCCCCCCCCCCCCCCCCCCCCCCCCCCCCCCCCCCCCCCCCCCCCCCCCCCCCCCCCCCCCCCCCCCCCCCCCCCCCCCCCCCCCCCCCCCCCCCCCCCC,133.0528722170845,1.1065535968401634
N149,C1CCCCC1CCCCCCCCCCCCCCCCCCCCCCCCCCCCCCCCCCCCCCCCCCCCCCCCCCCCCCCCCCCCCCCCCCCCCCCCCCCCCCCCCCCCCCCCCCCCCCCCCCCCCCCCCCCCCCCCCCCCCCCCCCCCCCCCCCCCCCCCCCCCCCC,133.01534181054862,1.10658657130042
N150,C1CCCCC1CCCCCCCCCCCCCCCCCCCCCCCCCCCCCCCCCCCCCCCCCCCCCCCCCCCCCCCCCCCCCCCCCCCCCCCCCCCCCCCCCCCCCCCCCCCCCCCCCCCCCCCCCCCCCCCCCCCCCCCCCCCCCCCCCCCCCCCCCCCCCCCC,132.9811042413072,1.1066167182128865
A6,c1ccccc1,582.0682408490724,0.05594113423133675
A7,c1ccccc1C,592.351827232776,0.015017079953739111
A8,c1ccccc1CC,621.9925232551507,0.01721793409312094
A9,c1ccccc1CCC,641.4312372874242,0.013928524745817275
A10,c1ccccc1CCCC,661.2294750262841,0.014025846949572611
A11,c1ccccc1CCCCC,679.9149183793141,0.014494924618979655
A12,c1ccccc1CCCCCC,698.087070836725,0.013913025099891821
A13,c1ccccc1CCCCCCC,713.8604673160033,0.013967264756899678
A14,c1ccccc1CCCCCCCC,728.1399848342558,0.013967148296814683
A15,c1ccccc1CCCCCCCCC,740.7100112738693,0.014533948409153745
A16,c1ccccc1CCCCCCCCCC,752.1218061754208,0.016547190812245715
A17,c1ccccc1CCCCCCCCCCC,765.1175530071238,0.01454396903606482
A18,c1ccccc1CCCCCCCCCCCC,778.6911402017062,0.013991691016565706
A19,c1ccccc1CCCCCCCCCCCCC,790.3833076456062,0.013983665102406239
A20,c1ccccc1CCCCCCCCCCCCCC,800.0714474217382,0.013967406861871215
A21,c1ccccc1CCCCCCCCCCCCCCC,809.2544147054801,0.013986362831600098
A22,c1ccccc1CCCCCCCCCCCCCCCC,817.8412285163141,0.013989884996572046
A23,c1ccccc1CCCCCCCCCCCCCCCCC,826.1853755199439,0.0151988798990873
A24,c1ccccc1CCCCCCCCCCCCCCCCCC,834.3551499609554,0.026300854178304692
A25,c1ccccc1CCCCCCCCCCCCCCCCCCC,842.7406676354184,0.04184030953552432
A26,c1ccccc1CCCCCCCCCCCCCCCCCCCC,851.1392842419508,0.0563256307014027
A27,c1ccccc1CCCCCCCCCCCCCCCCCCCCC,859.7275475144166,0.06854201384371642
A28,c1ccccc1CCCCCCCCCCCCCCCCCCCCCC,868.259089357997,0.078573149572096
A29,c1ccccc1CCCCCCCCCCCCCCCCCCCCCCC,876.5933601602,0.08675883472414672
A30,c1ccccc1CCCCCCCCCCCCCCCCCCCCCCCC,884.1086548734487,0.09382574343124439
A31,c1ccccc1CCCCCCCCCCCCCCCCCCCCCCCCC,890.1332792062012,0.10093882445234029
A32,c1ccccc1CCCCCCCCCCCCCCCCCCCCCCCCCC,893.8283799837926,0.10996232898127872
A33,c1ccccc1CCCCCCCCCCCCCCCCCCCCCCCCCCC,894.6702892779957,0.12247259552503001
A34,c1ccccc1CCCCCCCCCCCCCCCCCCCCCCCCCCCC,892.3154676321805,0.13922568279041755
A35,c1ccccc1CCCCCCCCCCCCCCCCCCCCCCCCCCCCC,886.7368918472216,0.16001926372449726
A36,c1ccccc1CCCCCCCCCCCCCCCCCCCCCCCCCCCCCC,878.0131158118271,0.18425543151677973
A37,c1ccccc1CCCCCCCCCCCCCCCCCCCCCCCCCCCCCCC,866.3896428060131,0.2111704826444087
A38,c1ccccc1CCCCCCCCCCCCCCCCCCCCCCCCCCCCCCCC,852.135124502275,0.24009618307183708
A39,c1ccccc1CCCCCCCCCCCCCCCCCCCCCCCCCCCCCCCCC,835.5914847295966,0.2704364152760504
A40,c1ccccc1CCCCCCCCCCCCCCCCCCCCCCCCCCCCCCCCCC,817.090321168246,0.3017225233507863
A41,c1ccccc1CCCCCCCCCCCCCCCCCCCCCCCCCCCCCCCCCCC,796.9807447831881,0.3335542621516822
A42,c1ccccc1CCCCCCCCCCCCCCCCCCCCCCCCCCCCCCCCCCCC,775.5831336831816,0.36561778813789714
A43,c1ccccc1CCCCCCCCCCCCCCCCCCCCCCCCCCCCCCCCCCCCC,753.2116902919618,0.39764495618116047
A44,c1ccccc1CCCCCCCCCCCCCCCCCCCCCCCCCCCCCCCCCCCCCC,730.1431377131865,0.42942448797853855
A45,c1ccccc1CCCCCCCCCCCCCCCCCCCCCCCCCCCCCCCCCCCCCCC,706.636458819717,0.46077597905349676
A46,c1ccccc1CCCCCCCCCCCCCCCCCCCCCCCCCCCCCCCCCCCCCCCC,682.9142573866106,0.4915582505083206
A47,c1ccccc1CCCCCCCCCCCCCCCCCCCCCCCCCCCCCCCCCCCCCCCCC,659.1782800887433,0.5216517869508592
A48,c1ccccc1CCCCCCCCCCCCCCCCCCCCCCCCCCCCCCCCCCCCCCCCCC,635.5964527933384,0.5509652630867257
A49,c1ccccc1CCCCCCCCCCCCCCCCCCCCCCCCCCCCCCCCCCCCCCCCCCC,612.3169030052005,0.5794229237717184
A50,c1ccccc1CCCCCCCCCCCCCCCCCCCCCCCCCCCCCCCCCCCCCCCCCCCC,589.4587756845486,0.6069698432377398
A51,c1ccccc1CCCCCCCCCCCCCCCCCCCCCCCCCCCCCCCCCCCCCCCCCCCCC,567.1239472094757,0.6335623332819742
A52,c1ccccc1CCCCCCCCCCCCCCCCCCCCCCCCCCCCCCCCCCCCCCCCCCCCCC,545.3922374037367,0.6591723644572888
A53,c1ccccc1CCCCCCCCCCCCCCCCCCCCCCCCCCCCCCCCCCCCCCCCCCCCCCC,524.3261247623128,0.6837799264300185
A54,c1ccccc1CCCCCCCCCCCCCCCCCCCCCCCCCCCCCCCCCCCCCCCCCCCCCCCC,503.9729071230901,0.7073768776893083
A55,c1ccccc1CCCCCCCCCCCCCCCCCCCCCCCCCCCCCCCCCCCCCCCCCCCCCCCCC,484.36709327605433,0.7299606675718713
A56,c1ccccc1CCCCCCCCCCCCCCCCCCCCCCCCCCCCCCCCCCCCCCCCCCCCCCCCCC,465.5300566463946,0.751537711343029
A57,c1ccccc1CCCCCCCCCCCCCCCCCCCCCCCCCCCCCCCCCCCCCCCCCCCCCCCCCCC,447.47433762453545,0.772118145943582
A58,c1ccccc1CCCCCCCCCCCCCCCCCCCCCCCCCCCCCCCCCCCCCCCCCCCCCCCCCCCC,430.2029628769118,0.7917188348344946
A59,c1ccccc1CCCCCCCCCCCCCCCCCCCCCCCCCCCCCCCCCCCCCCCCCCCCCCCCCCCCC,413.7135409728349,0.8103589141379485
A60,c1ccccc1CCCCCCCCCCCCCCCCCCCCCCCCCCCCCCCCCCCCCCCCCCCCCCCCCCCCCC,397.99585906681654,0.8280624857835657
A61,c1ccccc1CCCCCCCCCCCCCCCCCCCCCCCCCCCCCCCCCCCCCCCCCCCCCCCCCCCCCCC,383.03601244147245,0.8448548024857547
A62,c1ccccc1CCCCCCCCCCCCCCCCCCCCCCCCCCCCCCCCCCCCCCCCCCCCCCCCCCCCCCCC,368.81580380670556,0.8607646923107762
A63,c1ccccc1CCCCCCCCCCCCCCCCCCCCCCCCCCCCCCCCCCCCCCCCCCCCCCCCCCCCCCCCC,355.31488968965397,0.8758212807209749
A64,c1ccccc1CCCCCCCCCCCCCCCCCCCCCCCCCCCCCCCCCCCCCCCCCCCCCCCCCCCCCCCCCC,342.50942026742155,0.890056165614469
A65,c1ccccc1CCCCCCCCCCCCCCCCCCCCCCCCCCCCCCCCCCCCCCCCCCCCCCCCCCCCCCCCCCC,330.3749643750578,0.9035006004375089
A66,c1ccccc1CCCCCCCCCCCCCCCCCCCCCCCCCCCCCCCCCCCCCCCCCCCCCCCCCCCCCCCCCCCC,318.8856047916841,0.9161874500134949
A67,c1ccccc1CCCCCCCCCCCCCCCCCCCCCCCCCCCCCCCCCCCCCCCCCCCCCCCCCCCCCCCCCCCCC,308.01506850750536,0.928148756946388
A68,c1ccccc1CCCCCCCCCCCCCCCCCCCCCCCCCCCCCCCCCCCCCCCCCCCCCCCCCCCCCCCCCCCCCC,297.73579306073947,0.9394175074733371
A69,c1ccccc1CCCCCCCCCCCCCCCCCCCCCCCCCCCCCCCCCCCCCCCCCCCCCCCCCCCCCCCCCCCCCCC,288.021630698111,0.9500255315503108
A70,c1ccccc1CCCCCCCCCCCCCCCCCCCCCCCCCCCCCCCCCCCCCCCCCCCCCCCCCCCCCCCCCCCCCCCC,278.845318652444,0.960005079938999
A71,c1ccccc1CCCCCCCCCCCCCCCCCCCCCCCCCCCCCCCCCCCCCCCCCCCCCCCCCCCCCCCCCCCCCCCCC,270.1813597507965,0.969387033982577
A72,c1ccccc1CCCCCCCCCCCCCCCCCCCCCCCCCCCCCCCCCCCCCCCCCCCCCCCCCCCCCCCCCCCCCCCCCC,262.0038062280452,0.9782022993456616
A73,c1ccccc1CCCCCCCCCCCCCCCCCCCCCCCCCCCCCCCCCCCCCCCCCCCCCCCCCCCCCCCCCCCCCCCCCCC,254.28793128076526,0.9864802847040349
A74,c1ccccc1CCCCCCCCCCCCCCCCCCCCCCCCCCCCCCCCCCCCCCCCCCCCCCCCCCCCCCCCCCCCCCCCCCCC,247.00991441101098,0.9942501351681677
A75,c1ccccc1CCCCCCCCCCCCCCCCCCCCCCCCCCCCCCCCCCCCCCCCCCCCCCCCCCCCCCCCCCCCCCCCCCCCC,240.14623244056838,1.0015394332638592
A76,c1ccccc1CCCCCCCCCCCCCCCCCCCCCCCCCCCCCCCCCCCCCCCCCCCCCCCCCCCCCCCCCCCCCCCCCCCCCC,233.67504382988463,1.0083753055764357
A77,c1ccccc1CCCCCCCCCCCCCCCCCCCCCCCCCCCCCCCCCCCCCCCCCCCCCCCCCCCCCCCCCCCCCCCCCCCCCCC,227.57494797996617,1.014783299850648
A78,c1ccccc1CCCCCCCCCCCCCCCCCCCCCCCCCCCCCCCCCCCCCCCCCCCCCCCCCCCCCCCCCCCCCCCCCCCCCCCC,221.825550179324,1.0207883763725816
A79,c1ccccc1CCCCCCCCCCCCCCCCCCCCCCCCCCCCCCCCCCCCCCCCCCCCCCCCCCCCCCCCCCCCCCCCCCCCCCCCC,216.40771129003733,1.0264139542880335
A80,c1ccccc1CCCCCCCCCCCCCCCCCCCCCCCCCCCCCCCCCCCCCCCCCCCCCCCCCCCCCCCCCCCCCCCCCCCCCCCCCC,211.30290691348497,1.0316827793615881
A81,c1ccccc1CCCCCCCCCCCCCCCCCCCCCCCCCCCCCCCCCCCCCCCCCCCCCCCCCCCCCCCCCCCCCCCCCCCCCCCCCCC,206.49378495738995,1.0366161217718843
A82,c1ccccc1CCCCCCCCCCCCCCCCCCCCCCCCCCCCCCCCCCCCCCCCCCCCCCCCCCCCCCCCCCCCCCCCCCCCCCCCCCCC,201.96374957119616,1.0412345412531414
A83,c1ccccc1CCCCCCCCCCCCCCCCCCCCCCCCCCCCCCCCCCCCCCCCCCCCCCCCCCCCCCCCCCCCCCCCCCCCCCCCCCCCC,197.69703400315473,1.0455572078768336
A84,c1ccccc1CCCCCCCCCCCCCCCCCCCCCCCCCCCCCCCCCCCCCCCCCCCCCCCCCCCCCCCCCCCCCCCCCCCCCCCCCCCCCC,193.678756846504,1.0496025655770804
A85,c1ccccc1CCCCCCCCCCCCCCCCCCCCCCCCCCCCCCCCCCCCCCCCCCCCCCCCCCCCCCCCCCCCCCCCCCCCCCCCCCCCCCC,189.8951672603714,1.0533877777952245
A86,c1ccccc1CCCCCCCCCCCCCCCCCCCCCCCCCCCCCCCCCCCCCCCCCCCCCCCCCCCCCCCCCCCCCCCCCCCCCCCCCCCCCCCC,186.3325550806267,1.056929293573318
A87,c1ccccc1CCCCCCCCCCCCCCCCCCCCCCCCCCCCCCCCCCCCCCCCCCCCCCCCCCCCCCCCCCCCCCCCCCCCCCCCCCCCCCCCC,182.9786265076833,1.0602423853261773
A88,c1ccccc1CCCCCCCCCCCCCCCCCCCCCCCCCCCCCCCCCCCCCCCCCCCCCCCCCCCCCCCCCCCCCCCCCCCCCCCCCCCCCCCCCC,179.82163205715455,1.0633416467697439
A89,c1ccccc1CCCCCCCCCCCCCCCCCCCCCCCCCCCCCCCCCCCCCCCCCCCCCCCCCCCCCCCCCCCCCCCCCCCCCCCCCCCCCCCCCCC,176.850348092121,1.0662406016354942
A90,c1ccccc1CCCCCCCCCCCCCCCCCCCCCCCCCCCCCCCCCCCCCCCCCCCCCCCCCCCCCCCCCCCCCCCCCCCCCCCCCCCCCCCCCCCC,174.05425889813014,1.068952139138088
A91,c1ccccc1CCCCCCCCCCCCCCCCCCCCCCCCCCCCCCCCCCCCCCCCCCCCCCCCCCCCCCCCCCCCCCCCCCCCCCCCCCCCCCCCCCCCC,171.42331400550557,1.0714881867633097
A92,c1ccccc1CCCCCCCCCCCCCCCCCCCCCCCCCCCCCCCCCCCCCCCCCCCCCCCCCCCCCCCCCCCCCCCCCCCCCCCCCCCCCCCCCCCCCC,168.94832102380138,1.0738600844800266
A93,c1ccccc1CCCCCCCCCCCCCCCCCCCCCCCCCCCCCCCCCCCCCCCCCCCCCCCCCCCCCCCCCCCCCCCCCCCCCCCCCCCCCCCCCCCCCCC,166.62036233272772,1.0760783179552356
A94,c1ccccc1CCCCCCCCCCCCCCCCCCCCCCCCCCCCCCCCCCCCCCCCCCCCCCCCCCCCCCCCCCCCCCCCCCCCCCCCCCCCCCCCCCCCCCCC,164.4310835629214,1.0781528370278453
A95,c1ccccc1CCCCCCCCCCCCCCCCCCCCCCCCCCCCCCCCCCCCCCCCCCCCCCCCCCCCCCCCCCCCCCCCCCCCCCCCCCCCCCCCCCCCCCCCC,162.37266518595644,1.0800928338988263
A96,c1ccccc1CCCCCCCCCCCCCCCCCCCCCCCCCCCCCCCCCCCCCCCCCCCCCCCCCCCCCCCCCCCCCCCCCCCCCCCCCCCCCCCCCCCCCCCCCC,160.43769436358022,1.0819070182730763
A97,c1ccccc1CCCCCCCCCCCCCCCCCCCCCCCCCCCCCCCCCCCCCCCCCCCCCCCCCCCCCCCCCCCCCCCCCCCCCCCCCCCCCCCCCCCCCCCCCCC,158.61923472380798,1.0836034355209867
A98,c1ccccc1CCCCCCCCCCCCCCCCCCCCCCCCCCCCCCCCCCCCCCCCCCCCCCCCCCCCCCCCCCCCCCCCCCCCCCCCCCCCCCCCCCCCCCCCCCCC,156.91060479798816,1.085189697892506
A99,c1ccccc1CCCCCCCCCCCCCCCCCCCCCCCCCCCCCCCCCCCCCCCCCCCCCCCCCCCCCCCCCCCCCCCCCCCCCCCCCCCCCCCCCCCCCCCCCCCCC,155.30555929101263,1.0866728368422658
A100,c1ccccc1CCCCCCCCCCCCCCCCCCCCCCCCCCCCCCCCCCCCCCCCCCCCCCCCCCCCCCCCCCCCCCCCCCCCCCCCCCCCCCCCCCCCCCCCCCCCCC,153.79830006721863,1.0880595012623058
A101,c1ccccc1CCCCCCCCCCCCCCCCCCCCCCCCCCCCCCCCCCCCCCCCCCCCCCCCCCCCCCCCCCCCCCCCCCCCCCCCCCCCCCCCCCCCCCCCCCCCCCC,152.38326368218856,1.0893558321436938
A102,c1ccccc1CCCCCCCCCCCCCCCCCCCCCCCCCCCCCCCCCCCCCCCCCCCCCCCCCCCCCCCCCCCCCCCCCCCCCCCCCCCCCCCCCCCCCCCCCCCCCCCC,151.0552004355048,1.0905676335840206
A103,c1ccccc1CCCCCCCCCCCCCCCCCCCCCCCCCCCCCCCCCCCCCCCCCCCCCCCCCCCCCCCCCCCCCCCCCCCCCCCCCCCCCCCCCCCCCCCCCCCCCCCCC,149.80903167234476,1.0917002716816107
A104,c1ccccc1CCCCCCCCCCCCCCCCCCCCCCCCCCCCCCCCCCCCCCCCCCCCCCCCCCCCCCCCCCCCCCCCCCCCCCCCCCCCCCCCCCCCCCCCCCCCCCCCCC,148.64025907187914,1.0927588119672451
A105,c1ccccc1CCCCCCCCCCCCCCCCCCCCCCCCCCCCCCCCCCCCCCCCCCCCCCCCCCCCCCCCCCCCCCCCCCCCCCCCCCCCCCCCCCCCCCCCCCCCCCCCCCC,147.54448171786424,1.093747944759748
A106,c1ccccc1CCCCCCCCCCCCCCCCCCCCCCCCCCCCCCCCCCCCCCCCCCCCCCCCCCCCCCCCCCCCCCCCCCCCCCCCCCCCCCCCCCCCCCCCCCCCCCCCCCCC,146.51740953220542,1.0946720958253184
A107,c1ccccc1CCCCCCCCCCCCCCCCCCCCCCCCCCCCCCCCCCCCCCCCCCCCCCCCCCCCCCCCCCCCCCCCCCCCCCCCCCCCCCCCCCCCCCCCCCCCCCCCCCCCC,145.55513255655165,1.0955353661764864
A108,c1ccccc1CCCCCCCCCCCCCCCCCCCCCCCCCCCCCCCCCCCCCCCCCCCCCCCCCCCCCCCCCCCCCCCCCCCCCCCCCCCCCCCCCCCCCCCCCCCCCCCCCCCCCC,144.65381478235506,1.0963412692813188
A109,c1ccccc1CCCCCCCCCCCCCCCCCCCCCCCCCCCCCCCCCCCCCCCCCCCCCCCCCCCCCCCCCCCCCCCCCCCCCCCCCCCCCCCCCCCCCCCCCCCCCCCCCCCCCCC,143.80995130712896,1.097093681861642
A110,c1ccccc1CCCCCCCCCCCCCCCCCCCCCCCCCCCCCCCCCCCCCCCCCCCCCCCCCCCCCCCCCCCCCCCCCCCCCCCCCCCCCCCCCCCCCCCCCCCCCCCCCCCCCCCC,143.02029922827612,1.0977960574857737
A111,c1ccccc1CCCCCCCCCCCCCCCCCCCCCCCCCCCCCCCCCCCCCCCCCCCCCCCCCCCCCCCCCCCCCCCCCCCCCCCCCCCCCCCCCCCCCCCCCCCCCCCCCCCCCCCCC,142.28171330612162,1.0984515708775233
A112,c1ccccc1CCCCCCCCCCCCCCCCCCCCCCCCCCCCCCCCCCCCCCCCCCCCCCCCCCCCCCCCCCCCCCCCCCCCCCCCCCCCCCCCCCCCCCCCCCCCCCCCCCCCCCCCCC,141.59114072410364,1.0990632088659662
A113,c1ccccc1CCCCCCCCCCCCCCCCCCCCCCCCCCCCCCCCCCCCCCCCCCCCCCCCCCCCCCCCCCCCCCCCCCCCCCCCCCCCCCCCCCCCCCCCCCCCCCCCCCCCCCCCCCC,140.94588163343894,1.0996337420922666
A114,c1ccccc1CCCCCCCCCCCCCCCCCCCCCCCCCCCCCCCCCCCCCCCCCCCCCCCCCCCCCCCCCCCCCCCCCCCCCCCCCCCCCCCCCCCCCCCCCCCCCCCCCCCCCCCCCCCC,140.34306456543348,1.100165782178597
A115,c1ccccc1CCCCCCCCCCCCCCCCCCCCCCCCCCCCCCCCCCCCCCCCCCCCCCCCCCCCCCCCCCCCCCCCCCCCCCCCCCCCCCCCCCCCCCCCCCCCCCCCCCCCCCCCCCCCC,139.78029371491652,1.1006617605644278
A116,c1ccccc1CCCCCCCCCCCCCCCCCCCCCCCCCCCCCCCCCCCCCCCCCCCCCCCCCCCCCCCCCCCCCCCCCCCCCCCCCCCCCCCCCCCCCCCCCCCCCCCCCCCCCCCCCCCCCC,139.25506142032802,1.10112397021004
A117,c1ccccc1CCCCCCCCCCCCCCCCCCCCCCCCCCCCCCCCCCCCCCCCCCCCCCCCCCCCCCCCCCCCCCCCCCCCCCCCCCCCCCCCCCCCCCCCCCCCCCCCCCCCCCCCCCCCCCC,138.76519876279318,1.1015545500328425
A118,c1ccccc1CCCCCCCCCCCCCCCCCCCCCCCCCCCCCCCCCCCCCCCCCCCCCCCCCCCCCCCCCCCCCCCCCCCCCCCCCCCCCCCCCCCCCCCCCCCCCCCCCCCCCCCCCCCCCCCC,138.30863050398543,1.101955517062328
A119,c1ccccc1CCCCCCCCCCCCCCCCCCCCCCCCCCCCCCCCCCCCCCCCCCCCCCCCCCCCCCCCCCCCCCCCCCCCCCCCCCCCCCCCCCCCCCCCCCCCCCCCCCCCCCCCCCCCCCCCC,137.88315935121622,1.102328754280897
A120,c1ccccc1CCCCCCCCCCCCCCCCCCCCCCCCCCCCCCCCCCCCCCCCCCCCCCCCCCCCCCCCCCCCCCCCCCCCCCCCCCCCCCCCCCCCCCCCCCCCCCCCCCCCCCCCCCCCCCCCCC,137.48687736215513,1.1026760411556464
A121,c1ccccc1CCCCCCCCCCCCCCCCCCCCCCCCCCCCCCCCCCCCCCCCCCCCCCCCCCCCCCCCCCCCCCCCCCCCCCCCCCCCCCCCCCCCCCCCCCCCCCCCCCCCCCCCCCCCCCCCCCC,137.11806925374015,1.1029990354032049
A122,c1ccccc1CCCCCCCCCCCCCCCCCCCCCCCCCCCCCCCCCCCCCCCCCCCCCCCCCCCCCCCCCCCCCCCCCCCCCCCCCCCCCCCCCCCCCCCCCCCCCCCCCCCCCCCCCCCCCCCCCCCC,136.77504120923604,1.103299307724426
A123,c1ccccc1CCCCCCCCCCCCCCCCCCCCCCCCCCCCCCCCCCCCCCCCCCCCCCCCCCCCCCCCCCCCCCCCCCCCCCCCCCCCCCCCCCCCCCCCCCCCCCCCCCCCCCCCCCCCCCCCCCCCC,136.45611366206703,1.1035783220918378
A124,c1ccccc1CCCCCCCCCCCCCCCCCCCCCCCCCCCCCCCCCCCCCCCCCCCCCCCCCCCCCCCCCCCCCCCCCCCCCCCCCCCCCCCCCCCCCCCCCCCCCCCCCCCCCCCCCCCCCCCCCCCCCC,136.15969670853545,1.1038374628537961
A125,c1ccccc1CCCCCCCCCCCCCCCCCCCCCCCCCCCCCCCCCCCCCCCCCCCCCCCCCCCCCCCCCCCCCCCCCCCCCCCCCCCCCCCCCCCCCCCCCCCCCCCCCCCCCCCCCCCCCCCCCCCCCCC,135.88445846094757,1.1040780242226027
A126,c1ccccc1CCCCCCCCCCCCCCCCCCCCCCCCCCCCCCCCCCCCCCCCCCCCCCCCCCCCCCCCCCCCCCCCCCCCCCCCCCCCCCCCCCCCCCCCCCCCCCCCCCCCCCCCCCCCCCCCCCCCCCCC,135.62906716001154,1.104301226659168
A127,c1ccccc1CCCCCCCCCCCCCCCCCCCCCCCCCCCCCCCCCCCCCCCCCCCCCCCCCCCCCCCCCCCCCCCCCCCCCCCCCCCCCCCCCCCCCCCCCCCCCCCCCCCCCCCCCCCCCCCCCCCCCCCCC,135.392198599954,1.104508213374871
A128,c1ccccc1CCCCCCCCCCCCCCCCCCCCCCCCCCCCCCCCCCCCCCCCCCCCCCCCCCCCCCCCCCCCCCCCCCCCCCCCCCCCCCCCCCCCCCCCCCCCCCCCCCCCCCCCCCCCCCCCCCCCCCCCCC,135.17254177748265,1.104700062773228
A129,c1ccccc1CCCCCCCCCCCCCCCCCCCCCCCCCCCCCCCCCCCCCCCCCCCCCCCCCCCCCCCCCCCCCCCCCCCCCCCCCCCCCCCCCCCCCCCCCCCCCCCCCCCCCCCCCCCCCCCCCCCCCCCCCCC,134.9690399481528,1.1048777819039919
A130,c1ccccc1CCCCCCCCCCCCCCCCCCCCCCCCCCCCCCCCCCCCCCCCCCCCCCCCCCCCCCCCCCCCCCCCCCCCCCCCCCCCCCCCCCCCCCCCCCCCCCCCCCCCCCCCCCCCCCCCCCCCCCCCCCCC,134.78068500605036,1.1050423228411599
A131,c1ccccc1CCCCCCCCCCCCCCCCCCCCCCCCCCCCCCCCCCCCCCCCCCCCCCCCCCCCCCCCCCCCCCCCCCCCCCCCCCCCCCCCCCCCCCCCCCCCCCCCCCCCCCCCCCCCCCCCCCCCCCCCCCCCC,134.60642418570234,1.1051945740485998
A132,c1ccccc1CCCCCCCCCCCCCCCCCCCCCCCCCCCCCCCCCCCCCCCCCCCCCCCCCCCCCCCCCCCCCCCCCCCCCCCCCCCCCCCCCCCCCCCCCCCCCCCCCCCCCCCCCCCCCCCCCCCCCCCCCCCCCC,134.44515656496483,1.1053353752116712
A133,c1ccccc1CCCCCCCCCCCCCCCCCCCCCCCCCCCCCCCCCCCCCCCCCCCCCCCCCCCCCCCCCCCCCCCCCCCCCCCCCCCCCCCCCCCCCCCCCCCCCCCCCCCCCCCCCCCCCCCCCCCCCCCCCCCCCCC,134.29619064035748,1.105465508570395
A134,c1ccccc1CCCCCCCCCCCCCCCCCCCCCCCCCCCCCCCCCCCCCCCCCCCCCCCCCCCCCCCCCCCCCCCCCCCCCCCCCCCCCCCCCCCCCCCCCCCCCCCCCCCCCCCCCCCCCCCCCCCCCCCCCCCCCCCC,134.15873141675,1.1055857126230797
A135,c1ccccc1CCCCCCCCCCCCCCCCCCCCCCCCCCCCCCCCCCCCCCCCCCCCCCCCCCCCCCCCCCCCCCCCCCCCCCCCCCCCCCCCCCCCCCCCCCCCCCCCCCCCCCCCCCCCCCCCCCCCCCCCCCCCCCCCC,134.03170863156697,1.1056966770711358
A136,c1ccccc1CCCCCCCCCCCCCCCCCCCCCCCCCCCCCCCCCCCCCCCCCCCCCCCCCCCCCCCCCCCCCCCCCCCCCCCCCCCCCCCCCCCCCCCCCCCCCCCCCCCCCCCCCCCCCCCCCCCCCCCCCCCCCCCCCC,133.91455577371823,1.1057990506134983
A137,c1ccccc1CCCCCCCCCCCCCCCCCCCCCCCCCCCCCCCCCCCCCCCCCCCCCCCCCCCCCCCCCCCCCCCCCCCCCCCCCCCCCCCCCCCCCCCCCCCCCCCCCCCCCCCCCCCCCCCCCCCCCCCCCCCCCCCCCCC,133.806630414573,1.1058934394764246
A138,c1ccccc1CCCCCCCCCCCCCCCCCCCCCCCCCCCCCCCCCCCCCCCCCCCCCCCCCCCCCCCCCCCCCCCCCCCCCCCCCCCCCCCCCCCCCCCCCCCCCCCCCCCCCCCCCCCCCCCCCCCCCCCCCCCCCCCCCCCC,133.7071863681717,1.105980412174432
A139,c1ccccc1CCCCCCCCCCCCCCCCCCCCCCCCCCCCCCCCCCCCCCCCCCCCCCCCCCCCCCCCCCCCCCCCCCCCCCCCCCCCCCCCCCCCCCCCCCCCCCCCCCCCCCCCCCCCCCCCCCCCCCCCCCCCCCCCCCCCC,133.61569268868317,1.1060605011256839
A140,c1ccccc1CCCCCCCCCCCCCCCCCCCCCCCCCCCCCCCCCCCCCCCCCCCCCCCCCCCCCCCCCCCCCCCCCCCCCCCCCCCCCCCCCCCCCCCCCCCCCCCCCCCCCCCCCCCCCCCCCCCCCCCCCCCCCCCCCCCCCC,133.5314677128563,1.1061342048405267
A141,c1ccccc1CCCCCCCCCCCCCCCCCCCCCCCCCCCCCCCCCCCCCCCCCCCCCCCCCCCCCCCCCCCCCCCCCCCCCCCCCCCCCCCCCCCCCCCCCCCCCCCCCCCCCCCCCCCCCCCCCCCCCCCCCCCCCCCCCCCCCCC,133.4539972729539,1.1062019874486946
A142,c1ccccc1CCCCCCCCCCCCCCCCCCCCCCCCCCCCCCCCCCCCCCCCCCCCCCCCCCCCCCCCCCCCCCCCCCCCCCCCCCCCCCCCCCCCCCCCCCCCCCCCCCCCCCCCCCCCCCCCCCCCCCCCCCCCCCCCCCCCCCCC,133.38292836018792,1.106264285714955
A143,c1ccccc1CCCCCCCCCCCCCCCCCCCCCCCCCCCCCCCCCCCCCCCCCCCCCCCCCCCCCCCCCCCCCCCCCCCCCCCCCCCCCCCCCCCCCCCCCCCCCCCCCCCCCCCCCCCCCCCCCCCCCCCCCCCCCCCCCCCCCCCCC,133.31761113749656,1.10632150558029
A144,c1ccccc1CCCCCCCCCCCCCCCCCCCCCCCCCCCCCCCCCCCCCCCCCCCCCCCCCCCCCCCCCCCCCCCCCCCCCCCCCCCCCCCCCCCCCCCCCCCCCCCCCCCCCCCCCCCCCCCCCCCCCCCCCCCCCCCCCCCCCCCCCC,133.257696834742,1.1063740266193303
A145,c1ccccc1CCCCCCCCCCCCCCCCCCCCCCCCCCCCCCCCCCCCCCCCCCCCCCCCCCCCCCCCCCCCCCCCCCCCCCCCCCCCCCCCCCCCCCCCCCCCCCCCCCCCCCCCCCCCCCCCCCCCCCCCCCCCCCCCCCCCCCCCCCC,133.20274265607944,1.1064222027475794
A146,c1ccccc1CCCCCCCCCCCCCCCCCCCCCCCCCCCCCCCCCCCCCCCCCCCCCCCCCCCCCCCCCCCCCCCCCCCCCCCCCCCCCCCCCCCCCCCCCCCCCCCCCCCCCCCCCCCCCCCCCCCCCCCCCCCCCCCCCCCCCCCCCCCC,133.15237109942262,1.1064663642285613
A147,c1ccccc1CCCCCCCCCCCCCCCCCCCCCCCCCCCCCCCCCCCCCCCCCCCCCCCCCCCCCCCCCCCCCCCCCCCCCCCCCCCCCCCCCCCCCCCCCCCCCCCCCCCCCCCCCCCCCCCCCCCCCCCCCCCCCCCCCCCCCCCCCCCCC,133.10629151885664,1.1065068184438973
A148,c1ccccc1CCCCCCCCCCCCCCCCCCCCCCCCCCCCCCCCCCCCCCCCCCCCCCCCCCCCCCCCCCCCCCCCCCCCCCCCCCCCCCCCCCCCCCCCCCCCCCCCCCCCCCCCCCCCCCCCCCCCCCCCCCCCCCCCCCCCCCCCCCCCCC,133.06415331079813,1.1065438531043508
A149,c1ccccc1CCCCCCCCCCCCCCCCCCCCCCCCCCCCCCCCCCCCCCCCCCCCCCCCCCCCCCCCCCCCCCCCCCCCCCCCCCCCCCCCCCCCCCCCCCCCCCCCCCCCCCCCCCCCCCCCCCCCCCCCCCCCCCCCCCCCCCCCCCCCCCC,133.02559413770823,1.1065777326896504
A150,c1ccccc1CCCCCCCCCCCCCCCCCCCCCCCCCCCCCCCCCCCCCCCCCCCCCCCCCCCCCCCCCCCCCCCCCCCCCCCCCCCCCCCCCCCCCCCCCCCCCCCCCCCCCCCCCCCCCCCCCCCCCCCCCCCCCCCCCCCCCCCCCCCCCCCC,132.9903784141375,1.106608705726434
