name,SMILES,PC,PC_std
P1,C,46.20275744400958,0.047519841816593425
P2,CC,48.589726867362245,0.04515143928676584
P3,CCC,42.57214289913037,0.042172138725594895
P4,CCCC,37.566095596534126,0.04279181902698591
P5,CCCCC,33.61959672702666,0.03937281750131816
P6,CCCCCC,30.252052695737593,0.03831777869971051
P7,CCCCCCC,27.415608699844388,0.03831019297995796
P8,CCCCCCCC,24.995128636361148,0.038362840884443396
P9,CCCCCCCCC,22.912783842729517,0.03836781605045613
P10,CCCCCCCCCC,21.093224465065706,0.039118393994767575
P11,CCCCCCCCCCC,19.4866419330258,0.040713534888214914
P12,CCCCCCCCCCCC,18.136455393510353,0.039912921318253206
P13,CCCCCCCCCCCCC,16.920836197673452,0.04135352479265942
P14,CCCCCCCCCCCCCC,15.801660239484056,0.03945884385275587
P15,CCCCCCCCCCCCCCC,14.792048883868684,0.03959589138797701
P16,CCCCCCCCCCCCCCCC,13.806633114708871,0.041063280382189996
P17,CCCCCCCCCCCCCCCCC,12.918442238665023,0.04387266232038276
P18,CCCCCCCCCCCCCCCCCC,12.12890292706534,0.04130265122735868
P19,CCCCCCCCCCCCCCCCCCC,11.406986096687415,0.04238967244182402
P20,CCCCCCCCCCCCCCCCCCCC,10.767100154056866,0.05073646127469747
P21,CCCCCCCCCCCCCCCCCCCCC,10.243312775814271,0.049801635793172615
P22,CCCCCCCCCCCCCCCCCCCCCC,9.781063874771421,0.042129373296181626
P23,CCCCCCCCCCCCCCCCCCCCCCC,9.333351331730666,0.040781115669946154
P24,CCCCCCCCCCCCCCCCCCCCCCCC,8.902158598203478,0.040740375446900144
P25,CCCCCCCCCCCCCCCCCCCCCCCCC,8.511494269403556,0.04093303323453633
P26,CCCCCCCCCCCCCCCCCCCCCCCCCC,8.162796591732427,0.04087625487232356
P27,CCCCCCCCCCCCCCCCCCCCCCCCCCC,7.84240319945699,0.041100534917146644
P28,CCCCCCCCCCCCCCCCCCCCCCCCCCCC,7.549597217416129,0.04110831971192965
P29,CCCCCCCCCCCCCCCCCCCCCCCCCCCCC,7.286074444906908,0.04171057608980288
P30,CCCCCCCCCCCCCCCCCCCCCCCCCCCCCC,7.066923445941815,0.04472545932608235
P31,CCCCCCCCCCCCCCCCCCCCCCCCCCCCCCC,6.914371069525878,0.08803757734264277
P32,CCCCCCCCCCCCCCCCCCCCCCCCCCCCCCCC,6.823949407651608,0.15894393761112577
P33,CCCCCCCCCCCCCCCCCCCCCCCCCCCCCCCCC,6.7838561739765,0.23783420993219567
P34,CCCCCCCCCCCCCCCCCCCCCCCCCCCCCCCCCC,6.786862389179479,0.3181559130493697
P35,CCCCCCCCCCCCCCCCCCCCCCCCCCCCCCCCCCC,6.826921559115382,0.3967223581999802
P36,CCCCCCCCCCCCCCCCCCCCCCCCCCCCCCCCCCCC,6.898768698795655,0.47171597022043227
P37,CCCCCCCCCCCCCCCCCCCCCCCCCCCCCCCCCCCCC,6.997731188017576,0.5420774004676995
P38,CCCCCCCCCCCCCCCCCCCCCCCCCCCCCCCCCCCCCC,7.119570691238531,0.6072291000797835
P39,CCCCCCCCCCCCCCCCCCCCCCCCCCCCCCCCCCCCCCC,7.26040352327719,0.6669174583008316
P40,CCCCCCCCCCCCCCCCCCCCCCCCCCCCCCCCCCCCCCCC,7.416595969056441,0.7211134938597066
P41,CCCCCCCCCCCCCCCCCCCCCCCCCCCCCCCCCCCCCCCCC,7.584763858302338,0.7699426611622785
P42,CCCCCCCCCCCCCCCCCCCCCCCCCCCCCCCCCCCCCCCCCC,7.761710725920673,0.8136369523715113
P43,CCCCCCCCCCCCCCCCCCCCCCCCCCCCCCCCCCCCCCCCCCC,7.944475064339299,0.8524972271904605
P44,CCCCCCCCCCCCCCCCCCCCCCCCCCCCCCCCCCCCCCCCCCCC,8.130290936039138,0.8868676926981741
P45,CCCCCCCCCCCCCCCCCCCCCCCCCCCCCCCCCCCCCCCCCCCCC,8.316653967111769,0.917114088900649
P46,CCCCCCCCCCCCCCCCCCCCCCCCCCCCCCCCCCCCCCCCCCCCCC,8.501287921762286,0.9436098807060589
P47,CCCCCCCCCCCCCCCCCCCCCCCCCCCCCCCCCCCCCCCCCCCCCCC,8.682208980943306,0.966723436274418
P48,CCCCCCCCCCCCCCCCCCCCCCCCCCCCCCCCCCCCCCCCCCCCCCCC,8.857688074873128,0.9868110553018743
P49,CCCCCCCCCCCCCCCCCCCCCCCCCCCCCCCCCCCCCCCCCCCCCCCCC,9.026301530342934,1.00420977775303
P50,CCCCCCCCCCCCCCCCCCCCCCCCCCCCCCCCCCCCCCCCCCCCCCCCCC,9.186885106088052,1.0192346577585765
P51,CCCCCCCCCCCCCCCCCCCCCCCCCCCCCCCCCCCCCCCCCCCCCCCCCCC,9.338566648862702,1.0321752765762622
P52,CCCCCCCCCCCCCCCCCCCCCCCCCCCCCCCCCCCCCCCCCCCCCCCCCCCC,9.480712811512507,1.0432956737278354
P53,CCCCCCCCCCCCCCCCCCCCCCCCCCCCCCCCCCCCCCCCCCCCCCCCCCCCC,9.612944995008547,1.0528332826686209
P54,CCCCCCCCCCCCCCCCCCCCCCCCCCCCCCCCCCCCCCCCCCCCCCCCCCCCCC,9.735082798286538,1.0610004262803736
P55,CCCCCCCCCCCCCCCCCCCCCCCCCCCCCCCCCCCCCCCCCCCCCCCCCCCCCCC,9.847147663808125,1.0679847369522941
P56,CCCCCCCCCCCCCCCCCCCCCCCCCCCCCCCCCCCCCCCCCCCCCCCCCCCCCCCC,9.949308012047517,1.0739514269989328
P57,CCCCCCCCCCCCCCCCCCCCCCCCCCCCCCCCCCCCCCCCCCCCCCCCCCCCCCCCC,10.041875831294506,1.079044494837439
P58,CCCCCCCCCCCCCCCCCCCCCCCCCCCCCCCCCCCCCCCCCCCCCCCCCCCCCCCCCC,10.125257683571805,1.0833892148058677
P59,CCCCCCCCCCCCCCCCCCCCCCCCCCCCCCCCCCCCCCCCCCCCCCCCCCCCCCCCCCC,10.199948727387527,1.0870936356886436
P60,CCCCCCCCCCCCCCCCCCCCCCCCCCCCCCCCCCCCCCCCCCCCCCCCCCCCCCCCCCCC,10.266492169939447,1.0902509338551583
P61,CCCCCCCCCCCCCCCCCCCCCCCCCCCCCCCCCCCCCCCCCCCCCCCCCCCCCCCCCCCCC,10.325473757738857,1.0929408899730022
P62,CCCCCCCCCCCCCCCCCCCCCCCCCCCCCCCCCCCCCCCCCCCCCCCCCCCCCCCCCCCCCC,10.377490543513371,1.0952319144334128
P63,CCCCCCCCCCCCCCCCCCCCCCCCCCCCCCCCCCCCCCCCCCCCCCCCCCCCCCCCCCCCCCC,10.423147402054198,1.0971823344963088
P64,CCCCCCCCCCCCCCCCCCCCCCCCCCCCCCCCCCCCCCCCCCCCCCCCCCCCCCCCCCCCCCCC,10.463034637618103,1.0988420245315704
P65,CCCCCCCCCCCCCCCCCCCCCCCCCCCCCCCCCCCCCCCCCCCCCCCCCCCCCCCCCCCCCCCCC,10.49772694680653,1.10025344178808
P66,CCCCCCCCCCCCCCCCCCCCCCCCCCCCCCCCCCCCCCCCCCCCCCCCCCCCCCCCCCCCCCCCCC,10.527768577172367,1.1014528741265979
P67,CCCCCCCCCCCCCCCCCCCCCCCCCCCCCCCCCCCCCCCCCCCCCCCCCCCCCCCCCCCCCCCCCCC,10.553674461461208,1.1024712284619778
P68,CCCCCCCCCCCCCCCCCCCCCCCCCCCCCCCCCCCCCCCCCCCCCCCCCCCCCCCCCCCCCCCCCCCC,10.575921305769931,1.103334950832158
P69,CCCCCCCCCCCCCCCCCCCCCCCCCCCCCCCCCCCCCCCCCCCCCCCCCCCCCCCCCCCCCCCCCCCCC,10.594950302891576,1.1040666044607894
P70,CCCCCCCCCCCCCCCCCCCCCCCCCCCCCCCCCCCCCCCCCCCCCCCCCCCCCCCCCCCCCCCCCCCCCC,10.61116254122102,1.1046855312159478
P71,CCCCCCCCCCCCCCCCCCCCCCCCCCCCCCCCCCCCCCCCCCCCCCCCCCCCCCCCCCCCCCCCCCCCCCC,10.624922648069505,1.1052082663488014
P72,CCCCCCCCCCCCCCCCCCCCCCCCCCCCCCCCCCCCCCCCCCCCCCCCCCCCCCCCCCCCCCCCCCCCCCCC,10.636557122455281,1.1056490074589052
P73,CCCCCCCCCCCCCCCCCCCCCCCCCCCCCCCCCCCCCCCCCCCCCCCCCCCCCCCCCCCCCCCCCCCCCCCCC,10.64635834659645,1.1060199100362726
P74,CCCCCCCCCCCCCCCCCCCCCCCCCCCCCCCCCCCCCCCCCCCCCCCCCCCCCCCCCCCCCCCCCCCCCCCCCC,10.654584736491286,1.1063314189275557
P75,CCCCCCCCCCCCCCCCCCCCCCCCCCCCCCCCCCCCCCCCCCCCCCCCCCCCCCCCCCCCCCCCCCCCCCCCCCC,10.661464704313467,1.106592480260696
P76,CCCCCCCCCCCCCCCCCCCCCCCCCCCCCCCCCCCCCCCCCCCCCCCCCCCCCCCCCCCCCCCCCCCCCCCCCCCC,10.667197814861492,1.1068107771683902
P77,CCCCCCCCCCCCCCCCCCCCCCCCCCCCCCCCCCCCCCCCCCCCCCCCCCCCCCCCCCCCCCCCCCCCCCCCCCCCC,10.671958429659503,1.1069928841458567
P78,CCCCCCCCCCCCCCCCCCCCCCCCCCCCCCCCCCCCCCCCCCCCCCCCCCCCCCCCCCCCCCCCCCCCCCCCCCCCCC,10.675897313471511,1.1071444367746306
P79,CCCCCCCCCCCCCCCCCCCCCCCCCCCCCCCCCCCCCCCCCCCCCCCCCCCCCCCCCCCCCCCCCCCCCCCCCCCCCCC,10.6791448149639,1.10727024636785
P80,CCCCCCCCCCCCCCCCCCCCCCCCCCCCCCCCCCCCCCCCCCCCCCCCCCCCCCCCCCCCCCCCCCCCCCCCCCCCCCCC,10.681812570879448,1.1073744239788805
P81,CCCCCCCCCCCCCCCCCCCCCCCCCCCCCCCCCCCCCCCCCCCCCCCCCCCCCCCCCCCCCCCCCCCCCCCCCCCCCCCCC,10.683996171471032,1.1074604670749473
P82,CCCCCCCCCCCCCCCCCCCCCCCCCCCCCCCCCCCCCCCCCCCCCCCCCCCCCCCCCCCCCCCCCCCCCCCCCCCCCCCCCC,10.685776758324305,1.1075313513354577
P83,CCCCCCCCCCCCCCCCCCCCCCCCCCCCCCCCCCCCCCCCCCCCCCCCCCCCCCCCCCCCCCCCCCCCCCCCCCCCCCCCCCC,10.687223184827012,1.1075895969616132
P84,CCCCCCCCCCCCCCCCCCCCCCCCCCCCCCCCCCCCCCCCCCCCCCCCCCCCCCCCCCCCCCCCCCCCCCCCCCCCCCCCCCCC,10.688393407149645,1.1076373372254118
P85,CCCCCCCCCCCCCCCCCCCCCCCCCCCCCCCCCCCCCCCCCCCCCCCCCCCCCCCCCCCCCCCCCCCCCCCCCCCCCCCCCCCCC,10.689336185961947,1.1076763694246126
P86,CCCCCCCCCCCCCCCCCCCCCCCCCCCCCCCCCCCCCCCCCCCCCCCCCCCCCCCCCCCCCCCCCCCCCCCCCCCCCCCCCCCCCC,10.690092236089669,1.1077082062347652
P87,CCCCCCCCCCCCCCCCCCCCCCCCCCCCCCCCCCCCCCCCCCCCCCCCCCCCCCCCCCCCCCCCCCCCCCCCCCCCCCCCCCCCCCC,10.690695534209613,1.1077341147629711
P88,CCCCCCCCCCCCCCCCCCCCCCCCCCCCCCCCCCCCCCCCCCCCCCCCCCCCCCCCCCCCCCCCCCCCCCCCCCCCCCCCCCCCCCCC,10.691174231640424,1.1077551549351687
P89,CCCCCCCCCCCCCCCCCCCCCCCCCCCCCCCCCCCCCCCCCCCCCCCCCCCCCCCCCCCCCCCCCCCCCCCCCCCCCCCCCCCCCCCCC,10.691551636949923,1.1077722091844189
P90,CCCCCCCCCCCCCCCCCCCCCCCCCCCCCCCCCCCCCCCCCCCCCCCCCCCCCCCCCCCCCCCCCCCCCCCCCCCCCCCCCCCCCCCCCC,10.691846917565737,1.1077860109596047
P91,CCCCCCCCCCCCCCCCCCCCCCCCCCCCCCCCCCCCCCCCCCCCCCCCCCCCCCCCCCCCCCCCCCCCCCCCCCCCCCCCCCCCCCCCCCC,10.692075823549448,1.1077971670223787
P92,CCCCCCCCCCCCCCCCCCCCCCCCCCCCCCCCCCCCCCCCCCCCCCCCCCCCCCCCCCCCCCCCCCCCCCCCCCCCCCCCCCCCCCCCCCCC,10.692251211266486,1.107806178413632
P93,CCCCCCCCCCCCCCCCCCCCCCCCCCCCCCCCCCCCCCCCCCCCCCCCCCCCCCCCCCCCCCCCCCCCCCCCCCCCCCCCCCCCCCCCCCCCC,10.692383567113403,1.1078134569555669
P94,CCCCCCCCCCCCCCCCCCCCCCCCCCCCCCCCCCCCCCCCCCCCCCCCCCCCCCCCCCCCCCCCCCCCCCCCCCCCCCCCCCCCCCCCCCCCCC,10.692481388631531,1.1078193404888574
P95,CCCCCCCCCCCCCCCCCCCCCCCCCCCCCCCCCCCCCCCCCCCCCCCCCCCCCCCCCCCCCCCCCCCCCCCCCCCCCCCCCCCCCCCCCCCCCCC,10.69255155660148,1.1078241048896256
P96,CCCCCCCCCCCCCCCCCCCCCCCCCCCCCCCCCCCCCCCCCCCCCCCCCCCCCCCCCCCCCCCCCCCCCCCCCCCCCCCCCCCCCCCCCCCCCCCC,10.692599606547484,1.1078279749983457
P97,CCCCCCCCCCCCCCCCCCCCCCCCCCCCCCCCCCCCCCCCCCCCCCCCCCCCCCCCCCCCCCCCCCCCCCCCCCCCCCCCCCCCCCCCCCCCCCCCC,10.692629988751253,1.1078311332222706
P98,CCCCCCCCCCCCCCCCCCCCCCCCCCCCCCCCCCCCCCCCCCCCCCCCCCCCCCCCCCCCCCCCCCCCCCCCCCCCCCCCCCCCCCCCCCCCCCCCCC,10.692646257035314,1.1078337272679808
P99,CCCCCCCCCCCCCCCCCCCCCCCCCCCCCCCCCCCCCCCCCCCCCCCCCCCCCCCCCCCCCCCCCCCCCCCCCCCCCCCCCCCCCCCCCCCCCCCCCCC,10.692651248271645,1.1078358761912799
P100,CCCCCCCCCCCCCCCCCCCCCCCCCCCCCCCCCCCCCCCCCCCCCCCCCCCCCCCCCCCCCCCCCCCCCCCCCCCCCCCCCCCCCCCCCCCCCCCCCCCC,10.692647210711785,1.1078376757943516
P101,CCCCCCCCCCCCCCCCCCCCCCCCCCCCCCCCCCCCCCCCCCCCCCCCCCCCCCCCCCCCCCCCCCCCCCCCCCCCCCCCCCCCCCCCCCCCCCCCCCCCC,10.692635926102025,1.1078392028034658
P102,CCCCCCCCCCCCCCCCCCCCCCCCCCCCCCCCCCCCCCCCCCCCCCCCCCCCCCCCCCCCCCCCCCCCCCCCCCCCCCCCCCCCCCCCCCCCCCCCCCCCCC,10.692618795094344,1.1078405185874824
P103,CCCCCCCCCCCCCCCCCCCCCCCCCCCCCCCCCCCCCCCCCCCCCCCCCCCCCCCCCCCCCCCCCCCCCCCCCCCCCCCCCCCCCCCCCCCCCCCCCCCCCCC,10.69259691964758,1.1078416719880124
P104,CCCCCCCCCCCCCCCCCCCCCCCCCCCCCCCCCCCCCCCCCCCCCCCCCCCCCCCCCCCCCCCCCCCCCCCCCCCCCCCCCCCCCCCCCCCCCCCCCCCCCCCC,10.692571157992312,1.1078427018514116
P105,CCCCCCCCCCCCCCCCCCCCCCCCCCCCCCCCCCCCCCCCCCCCCCCCCCCCCCCCCCCCCCCCCCCCCCCCCCCCCCCCCCCCCCCCCCCCCCCCCCCCCCCCC,10.69254218017868,1.107843638907006
P106,CCCCCCCCCCCCCCCCCCCCCCCCCCCCCCCCCCCCCCCCCCCCCCCCCCCCCCCCCCCCCCCCCCCCCCCCCCCCCCCCCCCCCCCCCCCCCCCCCCCCCCCCCC,10.692510502404964,1.1078445074742946
P107,CCCCCCCCCCCCCCCCCCCCCCCCCCCCCCCCCCCCCCCCCCCCCCCCCCCCCCCCCCCCCCCCCCCCCCCCCCCCCCCCCCCCCCCCCCCCCCCCCCCCCCCCCCC,10.692476524053951,1.1078453266808628
P108,CCCCCCCCCCCCCCCCCCCCCCCCCCCCCCCCCCCCCCCCCCCCCCCCCCCCCCCCCCCCCCCCCCCCCCCCCCCCCCCCCCCCCCCCCCCCCCCCCCCCCCCCCCCC,10.692440548545578,1.1078461116056373
P109,CCCCCCCCCCCCCCCCCCCCCCCCCCCCCCCCCCCCCCCCCCCCCCCCCCCCCCCCCCCCCCCCCCCCCCCCCCCCCCCCCCCCCCCCCCCCCCCCCCCCCCCCCCCCC,10.692402808013686,1.1078468740468304
P110,CCCCCCCCCCCCCCCCCCCCCCCCCCCCCCCCCCCCCCCCCCCCCCCCCCCCCCCCCCCCCCCCCCCCCCCCCCCCCCCCCCCCCCCCCCCCCCCCCCCCCCCCCCCCCC,10.692363475265271,1.1078476232858465
P111,CCCCCCCCCCCCCCCCCCCCCCCCCCCCCCCCCCCCCCCCCCCCCCCCCCCCCCCCCCCCCCCCCCCCCCCCCCCCCCCCCCCCCCCCCCCCCCCCCCCCCCCCCCCCCCC,10.692322680508633,1.1078483665537677
P112,CCCCCCCCCCCCCCCCCCCCCCCCCCCCCCCCCCCCCCCCCCCCCCCCCCCCCCCCCCCCCCCCCCCCCCCCCCCCCCCCCCCCCCCCCCCCCCCCCCCCCCCCCCCCCCCC,10.692280517252877,1.107849109544195
P113,CCCCCCCCCCCCCCCCCCCCCCCCCCCCCCCCCCCCCCCCCCCCCCCCCCCCCCCCCCCCCCCCCCCCCCCCCCCCCCCCCCCCCCCCCCCCCCCCCCCCCCCCCCCCCCCCC,10.692237054465327,1.1078498566810668
P114,CCCCCCCCCCCCCCCCCCCCCCCCCCCCCCCCCCCCCCCCCCCCCCCCCCCCCCCCCCCCCCCCCCCCCCCCCCCCCCCCCCCCCCCCCCCCCCCCCCCCCCCCCCCCCCCCCC,10.69219233828597,1.1078506114678832
P115,CCCCCCCCCCCCCCCCCCCCCCCCCCCCCCCCCCCCCCCCCCCCCCCCCCCCCCCCCCCCCCCCCCCCCCCCCCCCCCCCCCCCCCCCCCCCCCCCCCCCCCCCCCCCCCCCCCC,10.69214640106743,1.1078513766267875
P116,CCCCCCCCCCCCCCCCCCCCCCCCCCCCCCCCCCCCCCCCCCCCCCCCCCCCCCCCCCCCCCCCCCCCCCCCCCCCCCCCCCCCCCCCCCCCCCCCCCCCCCCCCCCCCCCCCCCC,10.692099260999713,1.1078521543427782
P117,CCCCCCCCCCCCCCCCCCCCCCCCCCCCCCCCCCCCCCCCCCCCCCCCCCCCCCCCCCCCCCCCCCCCCCCCCCCCCCCCCCCCCCCCCCCCCCCCCCCCCCCCCCCCCCCCCCCCC,10.69205092898258,1.1078529463206446
P118,CCCCCCCCCCCCCCCCCCCCCCCCCCCCCCCCCCCCCCCCCCCCCCCCCCCCCCCCCCCCCCCCCCCCCCCCCCCCCCCCCCCCCCCCCCCCCCCCCCCCCCCCCCCCCCCCCCCCCC,10.692001406751878,1.107853753962807
P119,CCCCCCCCCCCCCCCCCCCCCCCCCCCCCCCCCCCCCCCCCCCCCCCCCCCCCCCCCCCCCCCCCCCCCCCCCCCCCCCCCCCCCCCCCCCCCCCCCCCCCCCCCCCCCCCCCCCCCCC,10.69195069262576,1.107854578374589
P120,CCCCCCCCCCCCCCCCCCCCCCCCCCCCCCCCCCCCCCCCCCCCCCCCCCCCCCCCCCCCCCCCCCCCCCCCCCCCCCCCCCCCCCCCCCCCCCCCCCCCCCCCCCCCCCCCCCCCCCCC,10.691898778846692,1.107855420500796
P121,CCCCCCCCCCCCCCCCCCCCCCCCCCCCCCCCCCCCCCCCCCCCCCCCCCCCCCCCCCCCCCCCCCCCCCCCCCCCCCCCCCCCCCCCCCCCCCCCCCCCCCCCCCCCCCCCCCCCCCCCC,10.691845656558401,1.107856281098984
P122,CCCCCCCCCCCCCCCCCCCCCCCCCCCCCCCCCCCCCCCCCCCCCCCCCCCCCCCCCCCCCCCCCCCCCCCCCCCCCCCCCCCCCCCCCCCCCCCCCCCCCCCCCCCCCCCCCCCCCCCCCC,10.691791312355637,1.1078571608506793
P123,CCCCCCCCCCCCCCCCCCCCCCCCCCCCCCCCCCCCCCCCCCCCCCCCCCCCCCCCCCCCCCCCCCCCCCCCCCCCCCCCCCCCCCCCCCCCCCCCCCCCCCCCCCCCCCCCCCCCCCCCCCC,10.691735733134088,1.1078580603152026
P124,CCCCCCCCCCCCCCCCCCCCCCCCCCCCCCCCCCCCCCCCCCCCCCCCCCCCCCCCCCCCCCCCCCCCCCCCCCCCCCCCCCCCCCCCCCCCCCCCCCCCCCCCCCCCCCCCCCCCCCCCCCCC,10.691678902341554,1.1078589800255083
P125,CCCCCCCCCCCCCCCCCCCCCCCCCCCCCCCCCCCCCCCCCCCCCCCCCCCCCCCCCCCCCCCCCCCCCCCCCCCCCCCCCCCCCCCCCCCCCCCCCCCCCCCCCCCCCCCCCCCCCCCCCCCCC,10.691620804435097,1.1078599204302713
P126,CCCCCCCCCCCCCCCCCCCCCCCCCCCCCCCCCCCCCCCCCCCCCCCCCCCCCCCCCCCCCCCCCCCCCCCCCCCCCCCCCCCCCCCCCCCCCCCCCCCCCCCCCCCCCCCCCCCCCCCCCCCCCC,10.691561420860335,1.107860881980622
P127,CCCCCCCCCCCCCCCCCCCCCCCCCCCCCCCCCCCCCCCCCCCCCCCCCCCCCCCCCCCCCCCCCCCCCCCCCCCCCCCCCCCCCCCCCCCCCCCCCCCCCCCCCCCCCCCCCCCCCCCCCCCCCCC,10.691500734620648,1.1078618650653178
P128,CCCCCCCCCCCCCCCCCCCCCCCCCCCCCCCCCCCCCCCCCCCCCCCCCCCCCCCCCCCCCCCCCCCCCCCCCCCCCCCCCCCCCCCCCCCCCCCCCCCCCCCCCCCCCCCCCCCCCCCCCCCCCCCC,10.691438726018756,1.1078628700919866
P129,CCCCCCCCCCCCCCCCCCCCCCCCCCCCCCCCCCCCCCCCCCCCCCCCCCCCCCCCCCCCCCCCCCCCCCCCCCCCCCCCCCCCCCCCCCCCCCCCCCCCCCCCCCCCCCCCCCCCCCCCCCCCCCCCC,10.69137537707641,1.1078638974183737
P130,CCCCCCCCCCCCCCCCCCCCCCCCCCCCCCCCCCCCCCCCCCCCCCCCCCCCCCCCCCCCCCCCCCCCCCCCCCCCCCCCCCCCCCCCCCCCCCCCCCCCCCCCCCCCCCCCCCCCCCCCCCCCCCCCCC,10.691310667334276,1.107864947430367
P131,CCCCCCCCCCCCCCCCCCCCCCCCCCCCCCCCCCCCCCCCCCCCCCCCCCCCCCCCCCCCCCCCCCCCCCCCCCCCCCCCCCCCCCCCCCCCCCCCCCCCCCCCCCCCCCCCCCCCCCCCCCCCCCCCCCC,10.691244578164241,1.1078660204709658
P132,CCCCCCCCCCCCCCCCCCCCCCCCCCCCCCCCCCCCCCCCCCCCCCCCCCCCCCCCCCCCCCCCCCCCCCCCCCCCCCCCCCCCCCCCCCCCCCCCCCCCCCCCCCCCCCCCCCCCCCCCCCCCCCCCCCCC,10.691177088580378,1.1078671169164749
P133,CCCCCCCCCCCCCCCCCCCCCCCCCCCCCCCCCCCCCCCCCCCCCCCCCCCCCCCCCCCCCCCCCCCCCCCCCCCCCCCCCCCCCCCCCCCCCCCCCCCCCCCCCCCCCCCCCCCCCCCCCCCCCCCCCCCCC,10.691108179490444,1.1078682371042121
P134,CCCCCCCCCCCCCCCCCCCCCCCCCCCCCCCCCCCCCCCCCCCCCCCCCCCCCCCCCCCCCCCCCCCCCCCCCCCCCCCCCCCCCCCCCCCCCCCCCCCCCCCCCCCCCCCCCCCCCCCCCCCCCCCCCCCCCC,10.691037829497274,1.107869381407595
P135,CCCCCCCCCCCCCCCCCCCCCCCCCCCCCCCCCCCCCCCCCCCCCCCCCCCCCCCCCCCCCCCCCCCCCCCCCCCCCCCCCCCCCCCCCCCCCCCCCCCCCCCCCCCCCCCCCCCCCCCCCCCCCCCCCCCCCCC,10.690966019026975,1.1078705501632207
P136,CCCCCCCCCCCCCCCCCCCCCCCCCCCCCCCCCCCCCCCCCCCCCCCCCCCCCCCCCCCCCCCCCCCCCCCCCCCCCCCCCCCCCCCCCCCCCCCCCCCCCCCCCCCCCCCCCCCCCCCCCCCCCCCCCCCCCCCC,10.69089272644309,1.1078717437452659
P137,CCCCCCCCCCCCCCCCCCCCCCCCCCCCCCCCCCCCCCCCCCCCCCCCCCCCCCCCCCCCCCCCCCCCCCCCCCCCCCCCCCCCCCCCCCCCCCCCCCCCCCCCCCCCCCCCCCCCCCCCCCCCCCCCCCCCCCCCC,10.690817931791218,1.107872962492296
P138,CCCCCCCCCCCCCCCCCCCCCCCCCCCCCCCCCCCCCCCCCCCCCCCCCCCCCCCCCCCCCCCCCCCCCCCCCCCCCCCCCCCCCCCCCCCCCCCCCCCCCCCCCCCCCCCCCCCCCCCCCCCCCCCCCCCCCCCCCC,10.690741613069955,1.1078742067812135
P139,CCCCCCCCCCCCCCCCCCCCCCCCCCCCCCCCCCCCCCCCCCCCCCCCCCCCCCCCCCCCCCCCCCCCCCCCCCCCCCCCCCCCCCCCCCCCCCCCCCCCCCCCCCCCCCCCCCCCCCCCCCCCCCCCCCCCCCCCCCC,10.690663749997444,1.1078754769539503
P140,CCCCCCCCCCCCCCCCCCCCCCCCCCCCCCCCCCCCCCCCCCCCCCCCCCCCCCCCCCCCCCCCCCCCCCCCCCCCCCCCCCCCCCCCCCCCCCCCCCCCCCCCCCCCCCCCCCCCCCCCCCCCCCCCCCCCCCCCCCCC,10.690584320376148,1.1078767733911916
P141,CCCCCCCCCCCCCCCCCCCCCCCCCCCCCCCCCCCCCCCCCCCCCCCCCCCCCCCCCCCCCCCCCCCCCCCCCCCCCCCCCCCCCCCCCCCCCCCCCCCCCCCCCCCCCCCCCCCCCCCCCCCCCCCCCCCCCCCCCCCCC,10.690503303578266,1.1078780964389576
P142,CCCCCCCCCCCCCCCCCCCCCCCCCCCCCCCCCCCCCCCCCCCCCCCCCCCCCCCCCCCCCCCCCCCCCCCCCCCCCCCCCCCCCCCCCCCCCCCCCCCCCCCCCCCCCCCCCCCCCCCCCCCCCCCCCCCCCCCCCCCCCC,10.690420676993972,1.1078794464822566
P143,CCCCCCCCCCCCCCCCCCCCCCCCCCCCCCCCCCCCCCCCCCCCCCCCCCCCCCCCCCCCCCCCCCCCCCCCCCCCCCCCCCCCCCCCCCCCCCCCCCCCCCCCCCCCCCCCCCCCCCCCCCCCCCCCCCCCCCCCCCCCCCC,10.690336419843739,1.1078808238716107
P144,CCCCCCCCCCCCCCCCCCCCCCCCCCCCCCCCCCCCCCCCCCCCCCCCCCCCCCCCCCCCCCCCCCCCCCCCCCCCCCCCCCCCCCCCCCCCCCCCCCCCCCCCCCCCCCCCCCCCCCCCCCCCCCCCCCCCCCCCCCCCCCCC,10.690250509146738,1.1078822289965702
P145,CCCCCCCCCCCCCCCCCCCCCCCCCCCCCCCCCCCCCCCCCCCCCCCCCCCCCCCCCCCCCCCCCCCCCCCCCCCCCCCCCCCCCCCCCCCCCCCCCCCCCCCCCCCCCCCCCCCCCCCCCCCCCCCCCCCCCCCCCCCCCCCCC,10.690162923879567,1.1078836622123618
P146,CCCCCCCCCCCCCCCCCCCCCCCCCCCCCCCCCCCCCCCCCCCCCCCCCCCCCCCCCCCCCCCCCCCCCCCCCCCCCCCCCCCCCCCCCCCCCCCCCCCCCCCCCCCCCCCCCCCCCCCCCCCCCCCCCCCCCCCCCCCCCCCCCC,10.690073640797667,1.1078851239132295
P147,CCCCCCCCCCCCCCCCCCCCCCCCCCCCCCCCCCCCCCCCCCCCCCCCCCCCCCCCCCCCCCCCCCCCCCCCCCCCCCCCCCCCCCCCCCCCCCCCCCCCCCCCCCCCCCCCCCCCCCCCCCCCCCCCCCCCCCCCCCCCCCCCCCC,10.689982638508077,1.107886614459145
P148,CCCCCCCCCCCCCCCCCCCCCCCCCCCCCCCCCCCCCCCCCCCCCCCCCCCCCCCCCCCCCCCCCCCCCCCCCCCCCCCCCCCCCCCCCCCCCCCCCCCCCCCCCCCCCCCCCCCCCCCCCCCCCCCCCCCCCCCCCCCCCCCCCCCC,10.689889893536838,1.1078881342491103
P149,CCCCCCCCCCCCCCCCCCCCCCCCCCCCCCCCCCCCCCCCCCCCCCCCCCCCCCCCCCCCCCCCCCCCCCCCCCCCCCCCCCCCCCCCCCCCCCCCCCCCCCCCCCCCCCCCCCCCCCCCCCCCCCCCCCCCCCCCCCCCCCCCCCCCC,10.689795384184427,1.1078896836478977
P150,CCCCCCCCCCCCCCCCCCCCCCCCCCCCCCCCCCCCCCCCCCCCCCCCCCCCCCCCCCCCCCCCCCCCCCCCCCCCCCCCCCCCCCCCCCCCCCCCCCCCCCCCCCCCCCCCCCCCCCCCCCCCCCCCCCCCCCCCCCCCCCCCCCCCCC,10.68969908671515,1.10789126305929
iP4,CC(C)C,37.08847933392218,0.04475989894231484
iP5,CCC(C)C,33.5521766103446,0.03834677876462142
iP6,CCCC(C)C,30.5262287015584,0.03701581558483621
iP7,CCCCC(C)C,27.525934306131568,0.03773423320387266
iP8,CCCCCC(C)C,24.99404877076317,0.03769090136995074
iP9,CCCCCCC(C)C,22.991215130697842,0.037048414618625014
iP10,CCCCCCCC(C)C,21.18978210625102,0.037066334582771206
iP11,CCCCCCCCC(C)C,19.5816680107637,0.03875790780477143
iP12,CCCCCCCCCC(C)C,18.243590288718565,0.03794646309801329
iP13,CCCCCCCCCCC(C)C,17.05380560002133,0.03788352770271666
iP14,CCCCCCCCCCCC(C)C,15.937861916012613,0.038344112835536015
iP15,CCCCCCCCCCCCC(C)C,14.896961121582454,0.04560480706646567
iP16,CCCCCCCCCCCCCC(C)C,13.907147350549835,0.05307867665235911
iP17,CCCCCCCCCCCCCCC(C)C,13.000572619955186,0.05866006042888665
iP18,CCCCCCCCCCCCCCCC(C)C,12.192638399455761,0.060898428699589856
iP19,CCCCCCCCCCCCCCCCC(C)C,11.459378905186934,0.06343776269369207
iP20,CCCCCCCCCCCCCCCCCC(C)C,10.812102767541496,0.06934469041965567
iP21,CCCCCCCCCCCCCCCCCCC(C)C,10.278951301001149,0.0710733470298731
iP22,CCCCCCCCCCCCCCCCCCCC(C)C,9.818587115799994,0.06729634854888257
iP23,CCCCCCCCCCCCCCCCCCCCC(C)C,9.36997687072895,0.06586714068165478
iP24,CCCCCCCCCCCCCCCCCCCCCC(C)C,8.92433346852353,0.06558867987735303
iP25,CCCCCCCCCCCCCCCCCCCCCCC(C)C,8.510070521681145,0.06530420899558456
iP26,CCCCCCCCCCCCCCCCCCCCCCCC(C)C,8.142162342371181,0.0646388598415469
iP27,CCCCCCCCCCCCCCCCCCCCCCCCC(C)C,7.809081616967838,0.06420193948782592
iP28,CCCCCCCCCCCCCCCCCCCCCCCCCC(C)C,7.508297713340465,0.06417067464984616
iP29,CCCCCCCCCCCCCCCCCCCCCCCCCCC(C)C,7.24039851418929,0.06542097741939962
iP30,CCCCCCCCCCCCCCCCCCCCCCCCCCCC(C)C,7.020402268736657,0.06860228107607297
iP31,CCCCCCCCCCCCCCCCCCCCCCCCCCCCC(C)C,6.862902362122202,0.0969793150712961
iP32,CCCCCCCCCCCCCCCCCCCCCCCCCCCCCC(C)C,6.771072484411043,0.15807724446596222
iP33,CCCCCCCCCCCCCCCCCCCCCCCCCCCCCCC(C)C,6.7315906129439815,0.23291176769975078
iP34,CCCCCCCCCCCCCCCCCCCCCCCCCCCCCCCC(C)C,6.735886771079128,0.3115976059555934
iP35,CCCCCCCCCCCCCCCCCCCCCCCCCCCCCCCCC(C)C,6.77748912176871,0.38964405575785716
iP36,CCCCCCCCCCCCCCCCCCCCCCCCCCCCCCCCCC(C)C,6.850983267245473,0.4646813909396295
iP37,CCCCCCCCCCCCCCCCCCCCCCCCCCCCCCCCCCC(C)C,6.951651805090849,0.5353815222987456
iP38,CCCCCCCCCCCCCCCCCCCCCCCCCCCCCCCCCCCC(C)C,7.075248822438868,0.6010223405191304
iP39,CCCCCCCCCCCCCCCCCCCCCCCCCCCCCCCCCCCCC(C)C,7.217898342005877,0.6612674765361044
iP40,CCCCCCCCCCCCCCCCCCCCCCCCCCCCCCCCCCCCCC(C)C,7.375974211074171,0.7160387894030987
iP41,CCCCCCCCCCCCCCCCCCCCCCCCCCCCCCCCCCCCCCC(C)C,7.546096694929914,0.7654322132806841
iP42,CCCCCCCCCCCCCCCCCCCCCCCCCCCCCCCCCCCCCCCC(C)C,7.725066654767567,0.8096622137998473
iP43,CCCCCCCCCCCCCCCCCCCCCCCCCCCCCCCCCCCCCCCCC(C)C,7.909914430447456,0.8490197722320062
iP44,CCCCCCCCCCCCCCCCCCCCCCCCCCCCCCCCCCCCCCCCCC(C)C,8.097860077033134,0.8838441727642021
iP45,CCCCCCCCCCCCCCCCCCCCCCCCCCCCCCCCCCCCCCCCCCC(C)C,8.286381833066246,0.9144995097343719
iP46,CCCCCCCCCCCCCCCCCCCCCCCCCCCCCCCCCCCCCCCCCCCC(C)C,8.47318319826507,0.9413597489439124
iP47,CCCCCCCCCCCCCCCCCCCCCCCCCCCCCCCCCCCCCCCCCCCCC(C)C,8.656259388690657,0.9647951513731029
iP48,CCCCCCCCCCCCCCCCCCCCCCCCCCCCCCCCCCCCCCCCCCCCCC(C)C,8.833860171791223,0.9851647693810711
iP49,CCCCCCCCCCCCCCCCCCCCCCCCCCCCCCCCCCCCCCCCCCCCCCC(C)C,9.004542139144029,1.0028088823328132
iP50,CCCCCCCCCCCCCCCCCCCCCCCCCCCCCCCCCCCCCCCCCCCCCCCC(C)C,9.167122974270447,1.0180460074815876
iP51,CCCCCCCCCCCCCCCCCCCCCCCCCCCCCCCCCCCCCCCCCCCCCCCCC(C)C,9.320715165282042,1.0311692229036031
iP52,CCCCCCCCCCCCCCCCCCCCCCCCCCCCCCCCCCCCCCCCCCCCCCCCCC(C)C,9.464672627082617,1.042445972889572
iP53,CCCCCCCCCCCCCCCCCCCCCCCCCCCCCCCCCCCCCCCCCCCCCCCCCCC(C)C,9.59860720146182,1.0521169121450773
iP54,CCCCCCCCCCCCCCCCCCCCCCCCCCCCCCCCCCCCCCCCCCCCCCCCCCCC(C)C,9.722331735696661,1.0603973513755014
iP55,CCCCCCCCCCCCCCCCCCCCCCCCCCCCCCCCCCCCCCCCCCCCCCCCCCCCC(C)C,9.835863912057611,1.0674776422559873
iP56,CCCCCCCCCCCCCCCCCCCCCCCCCCCCCCCCCCCCCCCCCCCCCCCCCCCCCC(C)C,9.939370844645358,1.0735254404982486
iP57,CCCCCCCCCCCCCCCCCCCCCCCCCCCCCCCCCCCCCCCCCCCCCCCCCCCCCCC(C)C,10.033165621352895,1.0786869088389859
iP58,CCCCCCCCCCCCCCCCCCCCCCCCCCCCCCCCCCCCCCCCCCCCCCCCCCCCCCCC(C)C,10.117657722938233,1.0830892218513388
iP59,CCCCCCCCCCCCCCCCCCCCCCCCCCCCCCCCCCCCCCCCCCCCCCCCCCCCCCCCC(C)C,10.193346891165364,1.0868420777018735
iP60,CCCCCCCCCCCCCCCCCCCCCCCCCCCCCCCCCCCCCCCCCCCCCCCCCCCCCCCCCC(C)C,10.260782037020391,1.090040075812898
iP61,CCCCCCCCCCCCCCCCCCCCCCCCCCCCCCCCCCCCCCCCCCCCCCCCCCCCCCCCCCC(C)C,10.320555559588202,1.0927642132995654
iP62,CCCCCCCCCCCCCCCCCCCCCCCCCCCCCCCCCCCCCCCCCCCCCCCCCCCCCCCCCCCC(C)C,10.373271664908508,1.0950839366171536
iP63,CCCCCCCCCCCCCCCCCCCCCCCCCCCCCCCCCCCCCCCCCCCCCCCCCCCCCCCCCCCCC(C)C,10.41954274316333,1.0970584489814454
iP64,CCCCCCCCCCCCCCCCCCCCCCCCCCCCCCCCCCCCCCCCCCCCCCCCCCCCCCCCCCCCCC(C)C,10.459966643012296,1.0987383642748687
iP65,CCCCCCCCCCCCCCCCCCCCCCCCCCCCCCCCCCCCCCCCCCCCCCCCCCCCCCCCCCCCCCC(C)C,10.495125547311883,1.1001667605884562
iP66,CCCCCCCCCCCCCCCCCCCCCCCCCCCCCCCCCCCCCCCCCCCCCCCCCCCCCCCCCCCCCCCC(C)C,10.52557090743996,1.1013804472801856
iP67,CCCCCCCCCCCCCCCCCCCCCCCCCCCCCCCCCCCCCCCCCCCCCCCCCCCCCCCCCCCCCCCCC(C)C,10.55182454107627,1.1024107675723718
iP68,CCCCCCCCCCCCCCCCCCCCCCCCCCCCCCCCCCCCCCCCCCCCCCCCCCCCCCCCCCCCCCCCCC(C)C,10.574369585753356,1.1032845333594015
iP69,CCCCCCCCCCCCCCCCCCCCCCCCCCCCCCCCCCCCCCCCCCCCCCCCCCCCCCCCCCCCCCCCCCC(C)C,10.593653215316825,1.1040246138314604
iP70,CCCCCCCCCCCCCCCCCCCCCCCCCCCCCCCCCCCCCCCCCCCCCCCCCCCCCCCCCCCCCCCCCCCC(C)C,10.61008198074616,1.1046506076371856
iP71,CCCCCCCCCCCCCCCCCCCCCCCCCCCCCCCCCCCCCCCCCCCCCCCCCCCCCCCCCCCCCCCCCCCCC(C)C,10.624025483283011,1.1051792651529049
iP72,CCCCCCCCCCCCCCCCCCCCCCCCCCCCCCCCCCCCCCCCCCCCCCCCCCCCCCCCCCCCCCCCCCCCCC(C)C,10.635814683527899,1.1056249649620236
iP73,CCCCCCCCCCCCCCCCCCCCCCCCCCCCCCCCCCCCCCCCCCCCCCCCCCCCCCCCCCCCCCCCCCCCCCC(C)C,10.645745957038743,1.1060000146133706
iP74,CCCCCCCCCCCCCCCCCCCCCCCCCCCCCCCCCCCCCCCCCCCCCCCCCCCCCCCCCCCCCCCCCCCCCCCC(C)C,10.654081248675036,1.1063149872543772
iP75,CCCCCCCCCCCCCCCCCCCCCCCCCCCCCCCCCCCCCCCCCCCCCCCCCCCCCCCCCCCCCCCCCCCCCCCCC(C)C,10.661052084010295,1.1065789371189168
iP76,CCCCCCCCCCCCCCCCCCCCCCCCCCCCCCCCCCCCCCCCCCCCCCCCCCCCCCCCCCCCCCCCCCCCCCCCCC(C)C,10.666860744284156,1.1067996387747592
iP77,CCCCCCCCCCCCCCCCCCCCCCCCCCCCCCCCCCCCCCCCCCCCCCCCCCCCCCCCCCCCCCCCCCCCCCCCCCC(C)C,10.671683957740088,1.1069837439153676
iP78,CCCCCCCCCCCCCCCCCCCCCCCCCCCCCCCCCCCCCCCCCCCCCCCCCCCCCCCCCCCCCCCCCCCCCCCCCCCC(C)C,10.67567453111586,1.1071369534940998
iP79,CCCCCCCCCCCCCCCCCCCCCCCCCCCCCCCCCCCCCCCCCCCCCCCCCCCCCCCCCCCCCCCCCCCCCCCCCCCCC(C)C,10.678964572745427,1.1072641340516576
iP80,CCCCCCCCCCCCCCCCCCCCCCCCCCCCCCCCCCCCCCCCCCCCCCCCCCCCCCCCCCCCCCCCCCCCCCCCCCCCCC(C)C,10.681667222317934,1.1073694433922352
iP81,CCCCCCCCCCCCCCCCCCCCCCCCCCCCCCCCCCCCCCCCCCCCCCCCCCCCCCCCCCCCCCCCCCCCCCCCCCCCCCC(C)C,10.68387935241934,1.1074564184418598
iP82,CCCCCCCCCCCCCCCCCCCCCCCCCCCCCCCCCCCCCCCCCCCCCCCCCCCCCCCCCCCCCCCCCCCCCCCCCCCCCCCC(C)C,10.68568318973379,1.1075280682187365
iP83,CCCCCCCCCCCCCCCCCCCCCCCCCCCCCCCCCCCCCCCCCCCCCCCCCCCCCCCCCCCCCCCCCCCCCCCCCCCCCCCCC(C)C,10.687148505123536,1.1075869409944823
iP84,CCCCCCCCCCCCCCCCCCCCCCCCCCCCCCCCCCCCCCCCCCCCCCCCCCCCCCCCCCCCCCCCCCCCCCCCCCCCCCCCCC(C)C,10.688334024359017,1.1076351936801143
iP85,CCCCCCCCCCCCCCCCCCCCCCCCCCCCCCCCCCCCCCCCCCCCCCCCCCCCCCCCCCCCCCCCCCCCCCCCCCCCCCCCCCC(C)C,10.68928915341501,1.1076746434036564
iP86,CCCCCCCCCCCCCCCCCCCCCCCCCCCCCCCCCCCCCCCCCCCCCCCCCCCCCCCCCCCCCCCCCCCCCCCCCCCCCCCCCCCC(C)C,10.690055143888998,1.1077068194671904
iP87,CCCCCCCCCCCCCCCCCCCCCCCCCCCCCCCCCCCCCCCCCCCCCCCCCCCCCCCCCCCCCCCCCCCCCCCCCCCCCCCCCCCCC(C)C,10.69066641903133,1.1077330028606407
iP88,CCCCCCCCCCCCCCCCCCCCCCCCCCCCCCCCCCCCCCCCCCCCCCCCCCCCCCCCCCCCCCCCCCCCCCCCCCCCCCCCCCCCCC(C)C,10.691151498598401,1.1077542650893561
iP89,CCCCCCCCCCCCCCCCCCCCCCCCCCCCCCCCCCCCCCCCCCCCCCCCCCCCCCCCCCCCCCCCCCCCCCCCCCCCCCCCCCCCCCC(C)C,10.691533995495531,1.1077714982031952
iP90,CCCCCCCCCCCCCCCCCCCCCCCCCCCCCCCCCCCCCCCCCCCCCCCCCCCCCCCCCCCCCCCCCCCCCCCCCCCCCCCCCCCCCCCC(C)C,10.691833326391873,1.107785443625904
iP91,CCCCCCCCCCCCCCCCCCCCCCCCCCCCCCCCCCCCCCCCCCCCCCCCCCCCCCCCCCCCCCCCCCCCCCCCCCCCCCCCCCCCCCCCC(C)C,10.692065445425241,1.1077967147036631
iP92,CCCCCCCCCCCCCCCCCCCCCCCCCCCCCCCCCCCCCCCCCCCCCCCCCCCCCCCCCCCCCCCCCCCCCCCCCCCCCCCCCCCCCCCCCC(C)C,10.692243375243928,1.1078058179040893
iP93,CCCCCCCCCCCCCCCCCCCCCCCCCCCCCCCCCCCCCCCCCCCCCCCCCCCCCCCCCCCCCCCCCCCCCCCCCCCCCCCCCCCCCCCCCCC(C)C,10.69237773714729,1.1078131695024664
iP94,CCCCCCCCCCCCCCCCCCCCCCCCCCCCCCCCCCCCCCCCCCCCCCCCCCCCCCCCCCCCCCCCCCCCCCCCCCCCCCCCCCCCCCCCCCCC(C)C,10.69247713785739,1.107819110986088
iP95,CCCCCCCCCCCCCCCCCCCCCCCCCCCCCCCCCCCCCCCCCCCCCCCCCCCCCCCCCCCCCCCCCCCCCCCCCCCCCCCCCCCCCCCCCCCCC(C)C,10.692548546272295,1.1078239212044638
iP96,CCCCCCCCCCCCCCCCCCCCCCCCCCCCCCCCCCCCCCCCCCCCCCCCCCCCCCCCCCCCCCCCCCCCCCCCCCCCCCCCCCCCCCCCCCCCCC(C)C,10.692597568647543,1.1078278274171638
iP97,CCCCCCCCCCCCCCCCCCCCCCCCCCCCCCCCCCCCCCCCCCCCCCCCCCCCCCCCCCCCCCCCCCCCCCCCCCCCCCCCCCCCCCCCCCCCCCC(C)C,10.692628711867115,1.1078310139912253
iP98,CCCCCCCCCCCCCCCCCCCCCCCCCCCCCCCCCCCCCCCCCCCCCCCCCCCCCCCCCCCCCCCCCCCCCCCCCCCCCCCCCCCCCCCCCCCCCCCC(C)C,10.692645575009848,1.1078336302171794
iP99,CCCCCCCCCCCCCCCCCCCCCCCCCCCCCCCCCCCCCCCCCCCCCCCCCCCCCCCCCCCCCCCCCCCCCCCCCCCCCCCCCCCCCCCCCCCCCCCCC(C)C,10.692651030863354,1.1078357964257646
iP100,CCCCCCCCCCCCCCCCCCCCCCCCCCCCCCCCCCCCCCCCCCCCCCCCCCCCCCCCCCCCCCCCCCCCCCCCCCCCCCCCCCCCCCCCCCCCCCCCCC(C)C,10.692647356178338,1.1078376094428282
iP101,CCCCCCCCCCCCCCCCCCCCCCCCCCCCCCCCCCCCCCCCCCCCCCCCCCCCCCCCCCCCCCCCCCCCCCCCCCCCCCCCCCCCCCCCCCCCCCCCCCC(C)C,10.692636355236077,1.1078391468132494
iP102,CCCCCCCCCCCCCCCCCCCCCCCCCCCCCCCCCCCCCCCCCCCCCCCCCCCCCCCCCCCCCCCCCCCCCCCCCCCCCCCCCCCCCCCCCCCCCCCCCCCC(C)C,10.692619446437964,1.1078404705588507
iP103,CCCCCCCCCCCCCCCCCCCCCCCCCCCCCCCCCCCCCCCCCCCCCCCCCCCCCCCCCCCCCCCCCCCCCCCCCCCCCCCCCCCCCCCCCCCCCCCCCCCCC(C)C,10.692597745542857,1.107841630040068
iP104,CCCCCCCCCCCCCCCCCCCCCCCCCCCCCCCCCCCCCCCCCCCCCCCCCCCCCCCCCCCCCCCCCCCCCCCCCCCCCCCCCCCCCCCCCCCCCCCCCCCCCC(C)C,10.692572121833127,1.1078426645143735
iP105,CCCCCCCCCCCCCCCCCCCCCCCCCCCCCCCCCCCCCCCCCCCCCCCCCCCCCCCCCCCCCCCCCCCCCCCCCCCCCCCCCCCCCCCCCCCCCCCCCCCCCCC(C)C,10.692543253711444,1.1078436050356524
iP106,CCCCCCCCCCCCCCCCCCCCCCCCCCCCCCCCCCCCCCCCCCCCCCCCCCCCCCCCCCCCCCCCCCCCCCCCCCCCCCCCCCCCCCCCCCCCCCCCCCCCCCCC(C)C,10.69251166409768,1.1078444761789548
iP107,CCCCCCCCCCCCCCCCCCCCCCCCCCCCCCCCCCCCCCCCCCCCCCCCCCCCCCCCCCCCCCCCCCCCCCCCCCCCCCCCCCCCCCCCCCCCCCCCCCCCCCCCC(C)C,10.692477757404198,1.107845297272292
iP108,CCCCCCCCCCCCCCCCCCCCCCCCCCCCCCCCCCCCCCCCCCCCCCCCCCCCCCCCCCCCCCCCCCCCCCCCCCCCCCCCCCCCCCCCCCCCCCCCCCCCCCCCCC(C)C,10.692441841014075,1.1078460835514061
iP109,CCCCCCCCCCCCCCCCCCCCCCCCCCCCCCCCCCCCCCCCCCCCCCCCCCCCCCCCCCCCCCCCCCCCCCCCCCCCCCCCCCCCCCCCCCCCCCCCCCCCCCCCCCC(C)C,10.69240415013019,1.1078468469367218
iP110,CCCCCCCCCCCCCCCCCCCCCCCCCCCCCCCCCCCCCCCCCCCCCCCCCCCCCCCCCCCCCCCCCCCCCCCCCCCCCCCCCCCCCCCCCCCCCCCCCCCCCCCCCCCC(C)C,10.692364859830702,1.1078475968046515
iP111,CCCCCCCCCCCCCCCCCCCCCCCCCCCCCCCCCCCCCCCCCCCCCCCCCCCCCCCCCCCCCCCCCCCCCCCCCCCCCCCCCCCCCCCCCCCCCCCCCCCCCCCCCCCCC(C)C,10.692324102143832,1.10784834045985
iP112,CCCCCCCCCCCCCCCCCCCCCCCCCCCCCCCCCCCCCCCCCCCCCCCCCCCCCCCCCCCCCCCCCCCCCCCCCCCCCCCCCCCCCCCCCCCCCCCCCCCCCCCCCCCCCC(C)C,10.692281971994356,1.107849083652765
iP113,CCCCCCCCCCCCCCCCCCCCCCCCCCCCCCCCCCCCCCCCCCCCCCCCCCCCCCCCCCCCCCCCCCCCCCCCCCCCCCCCCCCCCCCCCCCCCCCCCCCCCCCCCCCCCCC(C)C,10.692238539313406,1.1078498308510543
iP114,CCCCCCCCCCCCCCCCCCCCCCCCCCCCCCCCCCCCCCCCCCCCCCCCCCCCCCCCCCCCCCCCCCCCCCCCCCCCCCCCCCCCCCCCCCCCCCCCCCCCCCCCCCCCCCCC(C)C,10.69219385100012,1.1078505855918175
iP115,CCCCCCCCCCCCCCCCCCCCCCCCCCCCCCCCCCCCCCCCCCCCCCCCCCCCCCCCCCCCCCCCCCCCCCCCCCCCCCCCCCCCCCCCCCCCCCCCCCCCCCCCCCCCCCCCC(C)C,10.692147940095523,1.1078513506228531
iP116,CCCCCCCCCCCCCCCCCCCCCCCCCCCCCCCCCCCCCCCCCCCCCCCCCCCCCCCCCCCCCCCCCCCCCCCCCCCCCCCCCCCCCCCCCCCCCCCCCCCCCCCCCCCCCCCCCC(C)C,10.692100825159647,1.1078521281487783
iP117,CCCCCCCCCCCCCCCCCCCCCCCCCCCCCCCCCCCCCCCCCCCCCCCCCCCCCCCCCCCCCCCCCCCCCCCCCCCCCCCCCCCCCCCCCCCCCCCCCCCCCCCCCCCCCCCCCCC(C)C,10.692052517462821,1.1078529198892484
iP118,CCCCCCCCCCCCCCCCCCCCCCCCCCCCCCCCCCCCCCCCCCCCCCCCCCCCCCCCCCCCCCCCCCCCCCCCCCCCCCCCCCCCCCCCCCCCCCCCCCCCCCCCCCCCCCCCCCCC(C)C,10.692003018954479,1.107853727257994
iP119,CCCCCCCCCCCCCCCCCCCCCCCCCCCCCCCCCCCCCCCCCCCCCCCCCCCCCCCCCCCCCCCCCCCCCCCCCCCCCCCCCCCCCCCCCCCCCCCCCCCCCCCCCCCCCCCCCCCCC(C)C,10.691952328208655,1.1078545513688591
iP120,CCCCCCCCCCCCCCCCCCCCCCCCCCCCCCCCCCCCCCCCCCCCCCCCCCCCCCCCCCCCCCCCCCCCCCCCCCCCCCCCCCCCCCCCCCCCCCCCCCCCCCCCCCCCCCCCCCCCCC(C)C,10.691900437564412,1.1078553931730672
iP121,CCCCCCCCCCCCCCCCCCCCCCCCCCCCCCCCCCCCCCCCCCCCCCCCCCCCCCCCCCCCCCCCCCCCCCCCCCCCCCCCCCCCCCCCCCCCCCCCCCCCCCCCCCCCCCCCCCCCCCC(C)C,10.691847338195327,1.107856253433011
iP122,CCCCCCCCCCCCCCCCCCCCCCCCCCCCCCCCCCCCCCCCCCCCCCCCCCCCCCCCCCCCCCCCCCCCCCCCCCCCCCCCCCCCCCCCCCCCCCCCCCCCCCCCCCCCCCCCCCCCCCCC(C)C,10.691793016858927,1.1078571328338285
iP123,CCCCCCCCCCCCCCCCCCCCCCCCCCCCCCCCCCCCCCCCCCCCCCCCCCCCCCCCCCCCCCCCCCCCCCCCCCCCCCCCCCCCCCCCCCCCCCCCCCCCCCCCCCCCCCCCCCCCCCCCC(C)C,10.691737460546047,1.1078580319375515
iP124,CCCCCCCCCCCCCCCCCCCCCCCCCCCCCCCCCCCCCCCCCCCCCCCCCCCCCCCCCCCCCCCCCCCCCCCCCCCCCCCCCCCCCCCCCCCCCCCCCCCCCCCCCCCCCCCCCCCCCCCCCC(C)C,10.691680652682644,1.1078589512790962
iP125,CCCCCCCCCCCCCCCCCCCCCCCCCCCCCCCCCCCCCCCCCCCCCCCCCCCCCCCCCCCCCCCCCCCCCCCCCCCCCCCCCCCCCCCCCCCCCCCCCCCCCCCCCCCCCCCCCCCCCCCCCCC(C)C,10.691622577710941,1.1078598913086855
iP126,CCCCCCCCCCCCCCCCCCCCCCCCCCCCCCCCCCCCCCCCCCCCCCCCCCCCCCCCCCCCCCCCCCCCCCCCCCCCCCCCCCCCCCCCCCCCCCCCCCCCCCCCCCCCCCCCCCCCCCCCCCCC(C)C,10.691563217233728,1.107860852478515
iP127,CCCCCCCCCCCCCCCCCCCCCCCCCCCCCCCCCCCCCCCCCCCCCCCCCCCCCCCCCCCCCCCCCCCCCCCCCCCCCCCCCCCCCCCCCCCCCCCCCCCCCCCCCCCCCCCCCCCCCCCCCCCCC(C)C,10.691502554123092,1.1078618351781708
iP128,CCCCCCCCCCCCCCCCCCCCCCCCCCCCCCCCCCCCCCCCCCCCCCCCCCCCCCCCCCCCCCCCCCCCCCCCCCCCCCCCCCCCCCCCCCCCCCCCCCCCCCCCCCCCCCCCCCCCCCCCCCCCCC(C)C,10.691440568810885,1.1078628398158612
iP129,CCCCCCCCCCCCCCCCCCCCCCCCCCCCCCCCCCCCCCCCCCCCCCCCCCCCCCCCCCCCCCCCCCCCCCCCCCCCCCCCCCCCCCCCCCCCCCCCCCCCCCCCCCCCCCCCCCCCCCCCCCCCCCC(C)C,10.691377243185414,1.107863866749807
iP130,CCCCCCCCCCCCCCCCCCCCCCCCCCCCCCCCCCCCCCCCCCCCCCCCCCCCCCCCCCCCCCCCCCCCCCCCCCCCCCCCCCCCCCCCCCCCCCCCCCCCCCCCCCCCCCCCCCCCCCCCCCCCCCCC(C)C,10.691312556948223,1.1078649163661698
iP131,CCCCCCCCCCCCCCCCCCCCCCCCCCCCCCCCCCCCCCCCCCCCCCCCCCCCCCCCCCCCCCCCCCCCCCCCCCCCCCCCCCCCCCCCCCCCCCCCCCCCCCCCCCCCCCCCCCCCCCCCCCCCCCCCC(C)C,10.691246491413125,1.107865989008219
iP132,CCCCCCCCCCCCCCCCCCCCCCCCCCCCCCCCCCCCCCCCCCCCCCCCCCCCCCCCCCCCCCCCCCCCCCCCCCCCCCCCCCCCCCCCCCCCCCCCCCCCCCCCCCCCCCCCCCCCCCCCCCCCCCCCCC(C)C,10.691179025613211,1.1078670850524208
iP133,CCCCCCCCCCCCCCCCCCCCCCCCCCCCCCCCCCCCCCCCCCCCCCCCCCCCCCCCCCCCCCCCCCCCCCCCCCCCCCCCCCCCCCCCCCCCCCCCCCCCCCCCCCCCCCCCCCCCCCCCCCCCCCCCCCC(C)C,10.691110140390494,1.107868204836209
iP134,CCCCCCCCCCCCCCCCCCCCCCCCCCCCCCCCCCCCCCCCCCCCCCCCCCCCCCCCCCCCCCCCCCCCCCCCCCCCCCCCCCCCCCCCCCCCCCCCCCCCCCCCCCCCCCCCCCCCCCCCCCCCCCCCCCCC(C)C,10.691039814400568,1.1078693487331033
iP135,CCCCCCCCCCCCCCCCCCCCCCCCCCCCCCCCCCCCCCCCCCCCCCCCCCCCCCCCCCCCCCCCCCCCCCCCCCCCCCCCCCCCCCCCCCCCCCCCCCCCCCCCCCCCCCCCCCCCCCCCCCCCCCCCCCCCC(C)C,10.690968028110774,1.107870517079754
iP136,CCCCCCCCCCCCCCCCCCCCCCCCCCCCCCCCCCCCCCCCCCCCCCCCCCCCCCCCCCCCCCCCCCCCCCCCCCCCCCCCCCCCCCCCCCCCCCCCCCCCCCCCCCCCCCCCCCCCCCCCCCCCCCCCCCCCCC(C)C,10.690894759859434,1.1078717102503992
iP137,CCCCCCCCCCCCCCCCCCCCCCCCCCCCCCCCCCCCCCCCCCCCCCCCCCCCCCCCCCCCCCCCCCCCCCCCCCCCCCCCCCCCCCCCCCCCCCCCCCCCCCCCCCCCCCCCCCCCCCCCCCCCCCCCCCCCCCC(C)C,10.6908199896126,1.107872928583617
iP138,CCCCCCCCCCCCCCCCCCCCCCCCCCCCCCCCCCCCCCCCCCCCCCCCCCCCCCCCCCCCCCCCCCCCCCCCCCCCCCCCCCCCCCCCCCCCCCCCCCCCCCCCCCCCCCCCCCCCCCCCCCCCCCCCCCCCCCCC(C)C,10.690743695465946,1.1078741724563623
iP139,CCCCCCCCCCCCCCCCCCCCCCCCCCCCCCCCCCCCCCCCCCCCCCCCCCCCCCCCCCCCCCCCCCCCCCCCCCCCCCCCCCCCCCCCCCCCCCCCCCCCCCCCCCCCCCCCCCCCCCCCCCCCCCCCCCCCCCCCC(C)C,10.690665857159289,1.1078754422105663
iP140,CCCCCCCCCCCCCCCCCCCCCCCCCCCCCCCCCCCCCCCCCCCCCCCCCCCCCCCCCCCCCCCCCCCCCCCCCCCCCCCCCCCCCCCCCCCCCCCCCCCCCCCCCCCCCCCCCCCCCCCCCCCCCCCCCCCCCCCCCC(C)C,10.690586452321536,1.1078767382269326
iP141,CCCCCCCCCCCCCCCCCCCCCCCCCCCCCCCCCCCCCCCCCCCCCCCCCCCCCCCCCCCCCCCCCCCCCCCCCCCCCCCCCCCCCCCCCCCCCCCCCCCCCCCCCCCCCCCCCCCCCCCCCCCCCCCCCCCCCCCCCCC(C)C,10.690505460515876,1.1078780608515002
iP142,CCCCCCCCCCCCCCCCCCCCCCCCCCCCCCCCCCCCCCCCCCCCCCCCCCCCCCCCCCCCCCCCCCCCCCCCCCCCCCCCCCCCCCCCCCCCCCCCCCCCCCCCCCCCCCCCCCCCCCCCCCCCCCCCCCCCCCCCCCCC(C)C,10.690422859046516,1.1078794104692773
iP143,CCCCCCCCCCCCCCCCCCCCCCCCCCCCCCCCCCCCCCCCCCCCCCCCCCCCCCCCCCCCCCCCCCCCCCCCCCCCCCCCCCCCCCCCCCCCCCCCCCCCCCCCCCCCCCCCCCCCCCCCCCCCCCCCCCCCCCCCCCCCC(C)C,10.690338627157582,1.1078807874307877
iP144,CCCCCCCCCCCCCCCCCCCCCCCCCCCCCCCCCCCCCCCCCCCCCCCCCCCCCCCCCCCCCCCCCCCCCCCCCCCCCCCCCCCCCCCCCCCCCCCCCCCCCCCCCCCCCCCCCCCCCCCCCCCCCCCCCCCCCCCCCCCCCC(C)C,10.690252741873948,1.1078821921256032
iP145,CCCCCCCCCCCCCCCCCCCCCCCCCCCCCCCCCCCCCCCCCCCCCCCCCCCCCCCCCCCCCCCCCCCCCCCCCCCCCCCCCCCCCCCCCCCCCCCCCCCCCCCCCCCCCCCCCCCCCCCCCCCCCCCCCCCCCCCCCCCCCCC(C)C,10.690165182144296,1.107883624908929
iP146,CCCCCCCCCCCCCCCCCCCCCCCCCCCCCCCCCCCCCCCCCCCCCCCCCCCCCCCCCCCCCCCCCCCCCCCCCCCCCCCCCCCCCCCCCCCCCCCCCCCCCCCCCCCCCCCCCCCCCCCCCCCCCCCCCCCCCCCCCCCCCCCC(C)C,10.690075924729058,1.107885086175037
iP147,CCCCCCCCCCCCCCCCCCCCCCCCCCCCCCCCCCCCCCCCCCCCCCCCCCCCCCCCCCCCCCCCCCCCCCCCCCCCCCCCCCCCCCCCCCCCCCCCCCCCCCCCCCCCCCCCCCCCCCCCCCCCCCCCCCCCCCCCCCCCCCCCC(C)C,10.689984948243893,1.1078865762838894
iP148,CCCCCCCCCCCCCCCCCCCCCCCCCCCCCCCCCCCCCCCCCCCCCCCCCCCCCCCCCCCCCCCCCCCCCCCCCCCCCCCCCCCCCCCCCCCCCCCCCCCCCCCCCCCCCCCCCCCCCCCCCCCCCCCCCCCCCCCCCCCCCCCCCC(C)C,10.689892229191221,1.1078880956344979
iP149,CCCCCCCCCCCCCCCCCCCCCCCCCCCCCCCCCCCCCCCCCCCCCCCCCCCCCCCCCCCCCCCCCCCCCCCCCCCCCCCCCCCCCCCCCCCCCCCCCCCCCCCCCCCCCCCCCCCCCCCCCCCCCCCCCCCCCCCCCCCCCCCCCCC(C)C,10.689797745935294,1.1078896445916324
iP150,CCCCCCCCCCCCCCCCCCCCCCCCCCCCCCCCCCCCCCCCCCCCCCCCCCCCCCCCCCCCCCCCCCCCCCCCCCCCCCCCCCCCCCCCCCCCCCCCCCCCCCCCCCCCCCCCCCCCCCCCCCCCCCCCCCCCCCCCCCCCCCCCCCCC(C)C,10.689701474676244,1.1078912235590714
O2,C=C,51.05083293517785,0.0450461672676181
O3,C=CC,46.460564353680134,0.04053173075044125
O4,C=CCC,40.32035620551311,0.038396945197581425
O5,C=CCCC,35.6207576865931,0.03761607909105149
O6,C=CCCCC,31.968469463078552,0.03879366760057915
O7,C=CCCCCC,28.862085218280495,0.03918642993067447
O8,C=CCCCCCC,26.287213506454645,0.03813823357901266
O9,C=CCCCCCCC,24.057856412430993,0.03803499882624498
O10,C=CCCCCCCCC,22.122692739923334,0.03821475478794778
O11,C=CCCCCCCCCC,20.44142991517501,0.03920805019844577
O12,C=CCCCCCCCCCC,18.978868082219638,0.03997892915491664
O13,C=CCCCCCCCCCCC,17.74621515973804,0.04308082588376506
O14,C=CCCCCCCCCCCCC,16.612359546435204,0.0409861819737011
O15,C=CCCCCCCCCCCCCC,15.680024773694491,0.039652087280613764
O16,C=CCCCCCCCCCCCCCC,14.82946820288618,0.03997806807688938
O17,C=CCCCCCCCCCCCCCCC,14.054836249270641,0.040251366839591775
O18,C=CCCCCCCCCCCCCCCCC,13.365789309145805,0.04033229273620616
O19,C=CCCCCCCCCCCCCCCCCC,12.728352075096991,0.041764934838519084
O20,C=CCCCCCCCCCCCCCCCCCC,12.1207994747913,0.04942497469652435
O21,C=CCCCCCCCCCCCCCCCCCCC,11.606025143050479,0.050833341470991514
O22,C=CCCCCCCCCCCCCCCCCCCCC,11.17246579244951,0.04369474036733784
O23,C=CCCCCCCCCCCCCCCCCCCCCC,10.741817023934729,0.045127141664864194
O24,C=CCCCCCCCCCCCCCCCCCCCCCC,10.310457531320703,0.04304244002202602
O25,C=CCCCCCCCCCCCCCCCCCCCCCCC,9.899773376781967,0.045418353185787345
O26,C=CCCCCCCCCCCCCCCCCCCCCCCCC,9.557293860178493,0.04309795840705949
O27,C=CCCCCCCCCCCCCCCCCCCCCCCCCC,9.231934801709377,0.0458339201540826
O28,C=CCCCCCCCCCCCCCCCCCCCCCCCCCC,8.936270666605285,0.043355772882953385
O29,C=CCCCCCCCCCCCCCCCCCCCCCCCCCCC,8.631089754477332,0.04681597509954871
O30,C=CCCCCCCCCCCCCCCCCCCCCCCCCCCCC,8.343072047546162,0.04469106984944628
O31,C=CCCCCCCCCCCCCCCCCCCCCCCCCCCCCC,8.030377129818977,0.07470701274757335
O32,C=CCCCCCCCCCCCCCCCCCCCCCCCCCCCCCC,7.781369008560555,0.1388400655634133
O33,C=CCCCCCCCCCCCCCCCCCCCCCCCCCCCCCCC,7.607225577677206,0.21537419310305647
O34,C=CCCCCCCCCCCCCCCCCCCCCCCCCCCCCCCCC,7.4974858506394595,0.2953496632595131
O35,C=CCCCCCCCCCCCCCCCCCCCCCCCCCCCCCCCCC,7.4421221297731766,0.37462512656159597
O36,C=CCCCCCCCCCCCCCCCCCCCCCCCCCCCCCCCCCC,7.432573902483889,0.45090855086923004
O37,C=CCCCCCCCCCCCCCCCCCCCCCCCCCCCCCCCCCCC,7.461576315446997,0.5228670187568314
O38,C=CCCCCCCCCCCCCCCCCCCCCCCCCCCCCCCCCCCCC,7.522876038360989,0.5897529310297606
O39,C=CCCCCCCCCCCCCCCCCCCCCCCCCCCCCCCCCCCCCC,7.611023716944293,0.6512035874899762
O40,C=CCCCCCCCCCCCCCCCCCCCCCCCCCCCCCCCCCCCCCC,7.721162305201859,0.7071197033106562
O41,C=CCCCCCCCCCCCCCCCCCCCCCCCCCCCCCCCCCCCCCCC,7.848944997952556,0.7575823533468722
O42,C=CCCCCCCCCCCCCCCCCCCCCCCCCCCCCCCCCCCCCCCCC,7.990407592763915,0.802796939621934
O43,C=CCCCCCCCCCCCCCCCCCCCCCCCCCCCCCCCCCCCCCCCCC,8.141968930341644,0.843050122166407
O44,C=CCCCCCCCCCCCCCCCCCCCCCCCCCCCCCCCCCCCCCCCCCC,8.300352579138167,0.8786805825271705
O45,C=CCCCCCCCCCCCCCCCCCCCCCCCCCCCCCCCCCCCCCCCCCCC,8.462627117452142,0.9100545471099031
O46,C=CCCCCCCCCCCCCCCCCCCCCCCCCCCCCCCCCCCCCCCCCCCCC,8.626150198570514,0.9375500869313499
O47,C=CCCCCCCCCCCCCCCCCCCCCCCCCCCCCCCCCCCCCCCCCCCCCC,8.78861963439218,0.9615428614528697
O48,C=CCCCCCCCCCCCCCCCCCCCCCCCCCCCCCCCCCCCCCCCCCCCCCC,8.948023177841632,0.9823981332468235
O49,C=CCCCCCCCCCCCCCCCCCCCCCCCCCCCCCCCCCCCCCCCCCCCCCCC,9.102683232787511,1.0004627716984513
O50,C=CCCCCCCCCCCCCCCCCCCCCCCCCCCCCCCCCCCCCCCCCCCCCCCCC,9.251204196704537,1.016061986340987
O51,C=CCCCCCCCCCCCCCCCCCCCCCCCCCCCCCCCCCCCCCCCCCCCCCCCCC,9.39250309282329,1.0294953938368891
O52,C=CCCCCCCCCCCCCCCCCCCCCCCCCCCCCCCCCCCCCCCCCCCCCCCCCCC,9.525752781415806,1.041036685074792
O53,C=CCCCCCCCCCCCCCCCCCCCCCCCCCCCCCCCCCCCCCCCCCCCCCCCCCCC,9.650397668320617,1.050932334886112
O54,C=CCCCCCCCCCCCCCCCCCCCCCCCCCCCCCCCCCCCCCCCCCCCCCCCCCCCC,9.766095155014956,1.059403001253259
O55,C=CCCCCCCCCCCCCCCCCCCCCCCCCCCCCCCCCCCCCCCCCCCCCCCCCCCCCC,9.872719588826692,1.0666438567994014
O56,C=CCCCCCCCCCCCCCCCCCCCCCCCCCCCCCCCCCCCCCCCCCCCCCCCCCCCCCC,9.970305955933926,1.0728268621852777
O57,C=CCCCCCCCCCCCCCCCCCCCCCCCCCCCCCCCCCCCCCCCCCCCCCCCCCCCCCCC,10.059046690719006,1.0781019657404187
O58,C=CCCCCCCCCCCCCCCCCCCCCCCCCCCCCCCCCCCCCCCCCCCCCCCCCCCCCCCCC,10.13924135921133,1.0825996489964285
O59,C=CCCCCCCCCCCCCCCCCCCCCCCCCCCCCCCCCCCCCCCCCCCCCCCCCCCCCCCCCC,10.211290604195574,1.086432462032397
O60,C=CCCCCCCCCCCCCCCCCCCCCCCCCCCCCCCCCCCCCCCCCCCCCCCCCCCCCCCCCCC,10.275654266853147,1.0896974535242443
O61,C=CCCCCCCCCCCCCCCCCCCCCCCCCCCCCCCCCCCCCCCCCCCCCCCCCCCCCCCCCCCC,10.33284551664381,1.092477701490285
O62,C=CCCCCCCCCCCCCCCCCCCCCCCCCCCCCCCCCCCCCCCCCCCCCCCCCCCCCCCCCCCCC,10.383398303353788,1.094844416982815
O63,C=CCCCCCCCCCCCCCCCCCCCCCCCCCCCCCCCCCCCCCCCCCCCCCCCCCCCCCCCCCCCCC,10.427863333925472,1.0968582864367185
O64,C=CCCCCCCCCCCCCCCCCCCCCCCCCCCCCCCCCCCCCCCCCCCCCCCCCCCCCCCCCCCCCCC,10.46678445210335,1.0985711708163903
O65,C=CCCCCCCCCCCCCCCCCCCCCCCCCCCCCCCCCCCCCCCCCCCCCCCCCCCCCCCCCCCCCCCC,10.500696997298917,1.1000271894791882
O66,C=CCCCCCCCCCCCCCCCCCCCCCCCCCCCCCCCCCCCCCCCCCCCCCCCCCCCCCCCCCCCCCCCC,10.53011188377008,1.1012640232621524
O67,C=CCCCCCCCCCCCCCCCCCCCCCCCCCCCCCCCCCCCCCCCCCCCCCCCCCCCCCCCCCCCCCCCCC,10.555516153221873,1.1023137409551158
O68,C=CCCCCCCCCCCCCCCCCCCCCCCCCCCCCCCCCCCCCCCCCCCCCCCCCCCCCCCCCCCCCCCCCCC,10.577363163684518,1.1032037610445877
O69,C=CCCCCCCCCCCCCCCCCCCCCCCCCCCCCCCCCCCCCCCCCCCCCCCCCCCCCCCCCCCCCCCCCCCC,10.596074794107661,1.103957457921877
O70,C=CCCCCCCCCCCCCCCCCCCCCCCCCCCCCCCCCCCCCCCCCCCCCCCCCCCCCCCCCCCCCCCCCCCCC,10.612036138769001,1.1045948532727272
O71,C=CCCCCCCCCCCCCCCCCCCCCCCCCCCCCCCCCCCCCCCCCCCCCCCCCCCCCCCCCCCCCCCCCCCCCC,10.625598735212781,1.105133050713224
O72,C=CCCCCCCCCCCCCCCCCCCCCCCCCCCCCCCCCCCCCCCCCCCCCCCCCCCCCCCCCCCCCCCCCCCCCCC,10.63707835125637,1.1055867255576797
O73,C=CCCCCCCCCCCCCCCCCCCCCCCCCCCCCCCCCCCCCCCCCCCCCCCCCCCCCCCCCCCCCCCCCCCCCCCC,10.646758674798743,1.1059684340277873
O74,C=CCCCCCCCCCCCCCCCCCCCCCCCCCCCCCCCCCCCCCCCCCCCCCCCCCCCCCCCCCCCCCCCCCCCCCCCC,10.654891061548993,1.1062889588963365
O75,C=CCCCCCCCCCCCCCCCCCCCCCCCCCCCCCCCCCCCCCCCCCCCCCCCCCCCCCCCCCCCCCCCCCCCCCCCCC,10.661698258394505,1.1065575306800548
O76,C=CCCCCCCCCCCCCCCCCCCCCCCCCCCCCCCCCCCCCCCCCCCCCCCCCCCCCCCCCCCCCCCCCCCCCCCCCCC,10.66737527147999,1.1067820729578952
O77,C=CCCCCCCCCCCCCCCCCCCCCCCCCCCCCCCCCCCCCCCCCCCCCCCCCCCCCCCCCCCCCCCCCCCCCCCCCCCC,10.672092838266153,1.106969363027445
O78,C=CCCCCCCCCCCCCCCCCCCCCCCCCCCCCCCCCCCCCCCCCCCCCCCCCCCCCCCCCCCCCCCCCCCCCCCCCCCCC,10.675998832957104,1.1071252081500011
O79,C=CCCCCCCCCCCCCCCCCCCCCCCCCCCCCCCCCCCCCCCCCCCCCCCCCCCCCCCCCCCCCCCCCCCCCCCCCCCCCC,10.679221327520024,1.1072545645387266
O80,C=CCCCCCCCCCCCCCCCCCCCCCCCCCCCCCCCCCCCCCCCCCCCCCCCCCCCCCCCCCCCCCCCCCCCCCCCCCCCCCC,10.681870158539361,1.1073616658568528
O81,C=CCCCCCCCCCCCCCCCCCCCCCCCCCCCCCCCCCCCCCCCCCCCCCCCCCCCCCCCCCCCCCCCCCCCCCCCCCCCCCCC,10.684039511312614,1.1074501129512972
O82,C=CCCCCCCCCCCCCCCCCCCCCCCCCCCCCCCCCCCCCCCCCCCCCCCCCCCCCCCCCCCCCCCCCCCCCCCCCCCCCCCCC,10.685809426241859,1.1075229687954609
O83,C=CCCCCCCCCCCCCCCCCCCCCCCCCCCCCCCCCCCCCCCCCCCCCCCCCCCCCCCCCCCCCCCCCCCCCCCCCCCCCCCCCC,10.687247905325995,1.1075828270040486
O84,C=CCCCCCCCCCCCCCCCCCCCCCCCCCCCCCCCCCCCCCCCCCCCCCCCCCCCCCCCCCCCCCCCCCCCCCCCCCCCCCCCCCC,10.688412243163997,1.107631882621809
O85,C=CCCCCCCCCCCCCCCCCCCCCCCCCCCCCCCCCCCCCCCCCCCCCCCCCCCCCCCCCCCCCCCCCCCCCCCCCCCCCCCCCCCC,10.68935069398416,1.1076719846962462
O86,C=CCCCCCCCCCCCCCCCCCCCCCCCCCCCCCCCCCCCCCCCCCCCCCCCCCCCCCCCCCCCCCCCCCCCCCCCCCCCCCCCCCCCC,10.690103582513169,1.107704689245375
O87,C=CCCCCCCCCCCCCCCCCCCCCCCCCCCCCCCCCCCCCCCCCCCCCCCCCCCCCCCCCCCCCCCCCCCCCCCCCCCCCCCCCCCCCC,10.690704589902577,1.1077312995103077
O88,C=CCCCCCCCCCCCCCCCCCCCCCCCCCCCCCCCCCCCCCCCCCCCCCCCCCCCCCCCCCCCCCCCCCCCCCCCCCCCCCCCCCCCCCC,10.691181641859677,1.1077529055159099
O89,C=CCCCCCCCCCCCCCCCCCCCCCCCCCCCCCCCCCCCCCCCCCCCCCCCCCCCCCCCCCCCCCCCCCCCCCCCCCCCCCCCCCCCCCCC,10.691557878060681,1.107770414649181
O90,C=CCCCCCCCCCCCCCCCCCCCCCCCCCCCCCCCCCCCCCCCCCCCCCCCCCCCCCCCCCCCCCCCCCCCCCCCCCCCCCCCCCCCCCCCC,10.691852338129609,1.1077845810204767
O91,C=CCCCCCCCCCCCCCCCCCCCCCCCCCCCCCCCCCCCCCCCCCCCCCCCCCCCCCCCCCCCCCCCCCCCCCCCCCCCCCCCCCCCCCCCCC,10.6920806774957,1.107796028418164
O92,C=CCCCCCCCCCCCCCCCCCCCCCCCCCCCCCCCCCCCCCCCCCCCCCCCCCCCCCCCCCCCCCCCCCCCCCCCCCCCCCCCCCCCCCCCCCC,10.692255681882102,1.107805271891485
O93,C=CCCCCCCCCCCCCCCCCCCCCCCCCCCCCCCCCCCCCCCCCCCCCCCCCCCCCCCCCCCCCCCCCCCCCCCCCCCCCCCCCCCCCCCCCCCC,10.69238778592173,1.1078127347338687
O94,C=CCCCCCCCCCCCCCCCCCCCCCCCCCCCCCCCCCCCCCCCCCCCCCCCCCCCCCCCCCCCCCCCCCCCCCCCCCCCCCCCCCCCCCCCCCCCC,10.692485448923781,1.1078187641618222
O95,C=CCCCCCCCCCCCCCCCCCCCCCCCCCCCCCCCCCCCCCCCCCCCCCCCCCCCCCCCCCCCCCCCCCCCCCCCCCCCCCCCCCCCCCCCCCCCCC,10.692555524279493,1.1078236436795434
O96,C=CCCCCCCCCCCCCCCCCCCCCCCCCCCCCCCCCCCCCCCCCCCCCCCCCCCCCCCCCCCCCCCCCCCCCCCCCCCCCCCCCCCCCCCCCCCCCCC,10.692603527336594,1.107827604320711
O97,C=CCCCCCCCCCCCCCCCCCCCCCCCCCCCCCCCCCCCCCCCCCCCCCCCCCCCCCCCCCCCCCCCCCCCCCCCCCCCCCCCCCCCCCCCCCCCCCCC,10.692633894112836,1.10783083349832
O98,C=CCCCCCCCCCCCCCCCCCCCCCCCCCCCCCCCCCCCCCCCCCCCCCCCCCCCCCCCCCCCCCCCCCCCCCCCCCCCCCCCCCCCCCCCCCCCCCCCC,10.692650168383562,1.107833482955903
O99,C=CCCCCCCCCCCCCCCCCCCCCCCCCCCCCCCCCCCCCCCCCCCCCCCCCCCCCCCCCCCCCCCCCCCCCCCCCCCCCCCCCCCCCCCCCCCCCCCCCC,10.692655179813924,1.10783567499073
O100,C=CCCCCCCCCCCCCCCCCCCCCCCCCCCCCCCCCCCCCCCCCCCCCCCCCCCCCCCCCCCCCCCCCCCCCCCCCCCCCCCCCCCCCCCCCCCCCCCCCCC,10.692651171743462,1.1078375080017113
O101,C=CCCCCCCCCCCCCCCCCCCCCCCCCCCCCCCCCCCCCCCCCCCCCCCCCCCCCCCCCCCCCCCCCCCCCCCCCCCCCCCCCCCCCCCCCCCCCCCCCCCC,10.692639922537063,1.107839060786461
O102,C=CCCCCCCCCCCCCCCCCCCCCCCCCCCCCCCCCCCCCCCCCCCCCCCCCCCCCCCCCCCCCCCCCCCCCCCCCCCCCCCCCCCCCCCCCCCCCCCCCCCCC,10.692622830585085,1.1078403963621513
O103,C=CCCCCCCCCCCCCCCCCCCCCCCCCCCCCCCCCCCCCCCCCCCCCCCCCCCCCCCCCCCCCCCCCCCCCCCCCCCCCCCCCCCCCCCCCCCCCCCCCCCCCC,10.692600996250205,1.1078415648766733
O104,C=CCCCCCCCCCCCCCCCCCCCCCCCCCCCCCCCCCCCCCCCCCCCCCCCCCCCCCCCCCCCCCCCCCCCCCCCCCCCCCCCCCCCCCCCCCCCCCCCCCCCCCC,10.692575276899003,1.1078426062090039
O105,C=CCCCCCCCCCCCCCCCCCCCCCCCCCCCCCCCCCCCCCCCCCCCCCCCCCCCCCCCCCCCCCCCCCCCCCCCCCCCCCCCCCCCCCCCCCCCCCCCCCCCCCCC,10.692546341864814,1.107843551901544
O106,C=CCCCCCCCCCCCCCCCCCCCCCCCCCCCCCCCCCCCCCCCCCCCCCCCCCCCCCCCCCCCCCCCCCCCCCCCCCCCCCCCCCCCCCCCCCCCCCCCCCCCCCCCC,10.692514707057532,1.107844426912311
O107,C=CCCCCCCCCCCCCCCCCCCCCCCCCCCCCCCCCCCCCCCCCCCCCCCCCCCCCCCCCCCCCCCCCCCCCCCCCCCCCCCCCCCCCCCCCCCCCCCCCCCCCCCCCC,10.692480771617431,1.1078452508684196
O108,C=CCCCCCCCCCCCCCCCCCCCCCCCCCCCCCCCCCCCCCCCCCCCCCCCCCCCCCCCCCCCCCCCCCCCCCCCCCCCCCCCCCCCCCCCCCCCCCCCCCCCCCCCCCC,10.69244483883298,1.1078460392385914
O109,C=CCCCCCCCCCCCCCCCCCCCCCCCCCCCCCCCCCCCCCCCCCCCCCCCCCCCCCCCCCCCCCCCCCCCCCCCCCCCCCCCCCCCCCCCCCCCCCCCCCCCCCCCCCCC,10.692407140846704,1.1078468041240042
O110,C=CCCCCCCCCCCCCCCCCCCCCCCCCCCCCCCCCCCCCCCCCCCCCCCCCCCCCCCCCCCCCCCCCCCCCCCCCCCCCCCCCCCCCCCCCCCCCCCCCCCCCCCCCCCCC,10.692367850426294,1.1078475550409521
O111,C=CCCCCCCCCCCCCCCCCCCCCCCCCCCCCCCCCCCCCCCCCCCCCCCCCCCCCCCCCCCCCCCCCCCCCCCCCCCCCCCCCCCCCCCCCCCCCCCCCCCCCCCCCCCCCC,10.692327097832116,1.1078482994019674
O112,C=CCCCCCCCCCCCCCCCCCCCCCCCCCCCCCCCCCCCCCCCCCCCCCCCCCCCCCCCCCCCCCCCCCCCCCCCCCCCCCCCCCCCCCCCCCCCCCCCCCCCCCCCCCCCCCC,10.692284976642005,1.1078490430404013
O113,C=CCCCCCCCCCCCCCCCCCCCCCCCCCCCCCCCCCCCCCCCCCCCCCCCCCCCCCCCCCCCCCCCCCCCCCCCCCCCCCCCCCCCCCCCCCCCCCCCCCCCCCCCCCCCCCCC,10.69224155578914,1.1078497904874667
O114,C=CCCCCCCCCCCCCCCCCCCCCCCCCCCCCCCCCCCCCCCCCCCCCCCCCCCCCCCCCCCCCCCCCCCCCCCCCCCCCCCCCCCCCCCCCCCCCCCCCCCCCCCCCCCCCCCCC,10.692196881439342,1.1078505453288137
O115,C=CCCCCCCCCCCCCCCCCCCCCCCCCCCCCCCCCCCCCCCCCCCCCCCCCCCCCCCCCCCCCCCCCCCCCCCCCCCCCCCCCCCCCCCCCCCCCCCCCCCCCCCCCCCCCCCCCC,10.692150986035372,1.1078513103491971
O116,C=CCCCCCCCCCCCCCCCCCCCCCCCCCCCCCCCCCCCCCCCCCCCCCCCCCCCCCCCCCCCCCCCCCCCCCCCCCCCCCCCCCCCCCCCCCCCCCCCCCCCCCCCCCCCCCCCCCC,10.69210388775195,1.1078520877813072
O117,C=CCCCCCCCCCCCCCCCCCCCCCCCCCCCCCCCCCCCCCCCCCCCCCCCCCCCCCCCCCCCCCCCCCCCCCCCCCCCCCCCCCCCCCCCCCCCCCCCCCCCCCCCCCCCCCCCCCCC,10.692055597490983,1.1078528793660192
O118,C=CCCCCCCCCCCCCCCCCCCCCCCCCCCCCCCCCCCCCCCCCCCCCCCCCCCCCCCCCCCCCCCCCCCCCCCCCCCCCCCCCCCCCCCCCCCCCCCCCCCCCCCCCCCCCCCCCCCCC,10.692006117027812,1.107853686533084
O119,C=CCCCCCCCCCCCCCCCCCCCCCCCCCCCCCCCCCCCCCCCCCCCCCCCCCCCCCCCCCCCCCCCCCCCCCCCCCCCCCCCCCCCCCCCCCCCCCCCCCCCCCCCCCCCCCCCCCCCCC,10.69195544471534,1.1078545104084032
O120,C=CCCCCCCCCCCCCCCCCCCCCCCCCCCCCCCCCCCCCCCCCCCCCCCCCCCCCCCCCCCCCCCCCCCCCCCCCCCCCCCCCCCCCCCCCCCCCCCCCCCCCCCCCCCCCCCCCCCCCCC,10.691903572838225,1.1078553519522383
O121,C=CCCCCCCCCCCCCCCCCCCCCCCCCCCCCCCCCCCCCCCCCCCCCCCCCCCCCCCCCCCCCCCCCCCCCCCCCCCCCCCCCCCCCCCCCCCCCCCCCCCCCCCCCCCCCCCCCCCCCCCC,10.691850492440832,1.1078562119337232
O122,C=CCCCCCCCCCCCCCCCCCCCCCCCCCCCCCCCCCCCCCCCCCCCCCCCCCCCCCCCCCCCCCCCCCCCCCCCCCCCCCCCCCCCCCCCCCCCCCCCCCCCCCCCCCCCCCCCCCCCCCCCC,10.69179619017872,1.107857091043043
O123,C=CCCCCCCCCCCCCCCCCCCCCCCCCCCCCCCCCCCCCCCCCCCCCCCCCCCCCCCCCCCCCCCCCCCCCCCCCCCCCCCCCCCCCCCCCCCCCCCCCCCCCCCCCCCCCCCCCCCCCCCCCC,10.691740652972173,1.1078579898459546
O124,C=CCCCCCCCCCCCCCCCCCCCCCCCCCCCCCCCCCCCCCCCCCCCCCCCCCCCCCCCCCCCCCCCCCCCCCCCCCCCCCCCCCCCCCCCCCCCCCCCCCCCCCCCCCCCCCCCCCCCCCCCCCC,10.691683864297888,1.107858908880161
O125,C=CCCCCCCCCCCCCCCCCCCCCCCCCCCCCCCCCCCCCCCCCCCCCCCCCCCCCCCCCCCCCCCCCCCCCCCCCCCCCCCCCCCCCCCCCCCCCCCCCCCCCCCCCCCCCCCCCCCCCCCCCCCC,10.691625808509853,1.1078598485979154
O126,C=CCCCCCCCCCCCCCCCCCCCCCCCCCCCCCCCCCCCCCCCCCCCCCCCCCCCCCCCCCCCCCCCCCCCCCCCCCCCCCCCCCCCCCCCCCCCCCCCCCCCCCCCCCCCCCCCCCCCCCCCCCCCC,10.691566467177063,1.10786080945293
O127,C=CCCCCCCCCCCCCCCCCCCCCCCCCCCCCCCCCCCCCCCCCCCCCCCCCCCCCCCCCCCCCCCCCCCCCCCCCCCCCCCCCCCCCCCCCCCCCCCCCCCCCCCCCCCCCCCCCCCCCCCCCCCCCC,10.691505823235854,1.107861791835893
O128,C=CCCCCCCCCCCCCCCCCCCCCCCCCCCCCCCCCCCCCCCCCCCCCCCCCCCCCCCCCCCCCCCCCCCCCCCCCCCCCCCCCCCCCCCCCCCCCCCCCCCCCCCCCCCCCCCCCCCCCCCCCCCCCCC,10.69144385703918,1.1078627961558327
O129,C=CCCCCCCCCCCCCCCCCCCCCCCCCCCCCCCCCCCCCCCCCCCCCCCCCCCCCCCCCCCCCCCCCCCCCCCCCCCCCCCCCCCCCCCCCCCCCCCCCCCCCCCCCCCCCCCCCCCCCCCCCCCCCCCC,10.691380550492918,1.1078638227715405
O130,C=CCCCCCCCCCCCCCCCCCCCCCCCCCCCCCCCCCCCCCCCCCCCCCCCCCCCCCCCCCCCCCCCCCCCCCCCCCCCCCCCCCCCCCCCCCCCCCCCCCCCCCCCCCCCCCCCCCCCCCCCCCCCCCCCC,10.691315883271274,1.1078648720696351
O131,C=CCCCCCCCCCCCCCCCCCCCCCCCCCCCCCCCCCCCCCCCCCCCCCCCCCCCCCCCCCCCCCCCCCCCCCCCCCCCCCCCCCCCCCCCCCCCCCCCCCCCCCCCCCCCCCCCCCCCCCCCCCCCCCCCCC,10.691249836705522,1.1078659443936902
O132,C=CCCCCCCCCCCCCCCCCCCCCCCCCCCCCCCCCCCCCCCCCCCCCCCCCCCCCCCCCCCCCCCCCCCCCCCCCCCCCCCCCCCCCCCCCCCCCCCCCCCCCCCCCCCCCCCCCCCCCCCCCCCCCCCCCCC,10.691182389770432,1.1078670401203903
O133,C=CCCCCCCCCCCCCCCCCCCCCCCCCCCCCCCCCCCCCCCCCCCCCCCCCCCCCCCCCCCCCCCCCCCCCCCCCCCCCCCCCCCCCCCCCCCCCCCCCCCCCCCCCCCCCCCCCCCCCCCCCCCCCCCCCCCC,10.691113523413295,1.1078681595873434
O134,C=CCCCCCCCCCCCCCCCCCCCCCCCCCCCCCCCCCCCCCCCCCCCCCCCCCCCCCCCCCCCCCCCCCCCCCCCCCCCCCCCCCCCCCCCCCCCCCCCCCCCCCCCCCCCCCCCCCCCCCCCCCCCCCCCCCCCC,10.691043216219214,1.10786930316819
O135,C=CCCCCCCCCCCCCCCCCCCCCCCCCCCCCCCCCCCCCCCCCCCCCCCCCCCCCCCCCCCCCCCCCCCCCCCCCCCCCCCCCCCCCCCCCCCCCCCCCCCCCCCCCCCCCCCCCCCCCCCCCCCCCCCCCCCCCC,10.690971448642317,1.1078704711996632
O136,C=CCCCCCCCCCCCCCCCCCCCCCCCCCCCCCCCCCCCCCCCCCCCCCCCCCCCCCCCCCCCCCCCCCCCCCCCCCCCCCCCCCCCCCCCCCCCCCCCCCCCCCCCCCCCCCCCCCCCCCCCCCCCCCCCCCCCCCC,10.69089819899213,1.10787166405606
O137,C=CCCCCCCCCCCCCCCCCCCCCCCCCCCCCCCCCCCCCCCCCCCCCCCCCCCCCCCCCCCCCCCCCCCCCCCCCCCCCCCCCCCCCCCCCCCCCCCCCCCCCCCCCCCCCCCCCCCCCCCCCCCCCCCCCCCCCCCC,10.690823447362186,1.107872882076014
O138,C=CCCCCCCCCCCCCCCCCCCCCCCCCCCCCCCCCCCCCCCCCCCCCCCCCCCCCCCCCCCCCCCCCCCCCCCCCCCCCCCCCCCCCCCCCCCCCCCCCCCCCCCCCCCCCCCCCCCCCCCCCCCCCCCCCCCCCCCCC,10.690747171665564,1.1078741256365094
O139,C=CCCCCCCCCCCCCCCCCCCCCCCCCCCCCCCCCCCCCCCCCCCCCCCCCCCCCCCCCCCCCCCCCCCCCCCCCCCCCCCCCCCCCCCCCCCCCCCCCCCCCCCCCCCCCCCCCCCCCCCCCCCCCCCCCCCCCCCCCC,10.6906693518504,1.1078753950794877
O140,C=CCCCCCCCCCCCCCCCCCCCCCCCCCCCCCCCCCCCCCCCCCCCCCCCCCCCCCCCCCCCCCCCCCCCCCCCCCCCCCCCCCCCCCCCCCCCCCCCCCCCCCCCCCCCCCCCCCCCCCCCCCCCCCCCCCCCCCCCCCC,10.690589965416095,1.107876690785692
O141,C=CCCCCCCCCCCCCCCCCCCCCCCCCCCCCCCCCCCCCCCCCCCCCCCCCCCCCCCCCCCCCCCCCCCCCCCCCCCCCCCCCCCCCCCCCCCCCCCCCCCCCCCCCCCCCCCCCCCCCCCCCCCCCCCCCCCCCCCCCCCC,10.690508991931045,1.107878013101167
O142,C=CCCCCCCCCCCCCCCCCCCCCCCCCCCCCCCCCCCCCCCCCCCCCCCCCCCCCCCCCCCCCCCCCCCCCCCCCCCCCCCCCCCCCCCCCCCCCCCCCCCCCCCCCCCCCCCCCCCCCCCCCCCCCCCCCCCCCCCCCCCCC,10.690426408728845,1.1078793624109264
O143,C=CCCCCCCCCCCCCCCCCCCCCCCCCCCCCCCCCCCCCCCCCCCCCCCCCCCCCCCCCCCCCCCCCCCCCCCCCCCCCCCCCCCCCCCCCCCCCCCCCCCCCCCCCCCCCCCCCCCCCCCCCCCCCCCCCCCCCCCCCCCCCC,10.690342194993805,1.1078807390655006
O144,C=CCCCCCCCCCCCCCCCCCCCCCCCCCCCCCCCCCCCCCCCCCCCCCCCCCCCCCCCCCCCCCCCCCCCCCCCCCCCCCCCCCCCCCCCCCCCCCCCCCCCCCCCCCCCCCCCCCCCCCCCCCCCCCCCCCCCCCCCCCCCCCC,10.690256327866967,1.1078821434544783
O145,C=CCCCCCCCCCCCCCCCCCCCCCCCCCCCCCCCCCCCCCCCCCCCCCCCCCCCCCCCCCCCCCCCCCCCCCCCCCCCCCCCCCCCCCCCCCCCCCCCCCCCCCCCCCCCCCCCCCCCCCCCCCCCCCCCCCCCCCCCCCCCCCCC,10.690168786172613,1.1078835759330707
O146,C=CCCCCCCCCCCCCCCCCCCCCCCCCCCCCCCCCCCCCCCCCCCCCCCCCCCCCCCCCCCCCCCCCCCCCCCCCCCCCCCCCCCCCCCCCCCCCCCCCCCCCCCCCCCCCCCCCCCCCCCCCCCCCCCCCCCCCCCCCCCCCCCCC,10.690079546730978,1.1078850368955449
O147,C=CCCCCCCCCCCCCCCCCCCCCCCCCCCCCCCCCCCCCCCCCCCCCCCCCCCCCCCCCCCCCCCCCCCCCCCCCCCCCCCCCCCCCCCCCCCCCCCCCCCCCCCCCCCCCCCCCCCCCCCCCCCCCCCCCCCCCCCCCCCCCCCCCC,10.689988588191145,1.1078865267018565
O148,C=CCCCCCCCCCCCCCCCCCCCCCCCCCCCCCCCCCCCCCCCCCCCCCCCCCCCCCCCCCCCCCCCCCCCCCCCCCCCCCCCCCCCCCCCCCCCCCCCCCCCCCCCCCCCCCCCCCCCCCCCCCCCCCCCCCCCCCCCCCCCCCCCCCC,10.68989588695243,1.1078880457510512
O149,C=CCCCCCCCCCCCCCCCCCCCCCCCCCCCCCCCCCCCCCCCCCCCCCCCCCCCCCCCCCCCCCCCCCCCCCCCCCCCCCCCCCCCCCCCCCCCCCCCCCCCCCCCCCCCCCCCCCCCCCCCCCCCCCCCCCCCCCCCCCCCCCCCCCCC,10.689801421480057,1.107889594407879
O150,C=CCCCCCCCCCCCCCCCCCCCCCCCCCCCCCCCCCCCCCCCCCCCCCCCCCCCCCCCCCCCCCCCCCCCCCCCCCCCCCCCCCCCCCCCCCCCCCCCCCCCCCCCCCCCCCCCCCCCCCCCCCCCCCCCCCCCCCCCCCCCCCCCCCCCC,10.689705167921327,1.1078911730761332
N6,C1CCCCC1,40.81308481568989,0.03865710843624886
N7,C1CCCCC1C,34.944073649809255,0.03771924774223559
N8,C1CCCCC1CC,31.097169879107522,0.03779754361776558
N9,C1CCCCC1CCC,28.23869330712948,0.03788649593756901
N10,C1CCCCC1CCCC,25.60088955659837,0.03854486163844988
N11,C1CCCCC1CCCCC,23.01904726527341,0.03876813038893422
N12,C1CCCCC1CCCCCC,20.451535317526755,0.04108703046090969
N13,C1CCCCC1CCCCCCC,18.52212778614478,0.043181008333413054
N14,C1CCCCC1CCCCCCCC,17.15038714950476,0.04639824927530241
N15,C1CCCCC1CCCCCCCCC,16.17520679223491,0.04375239619382023
N16,C1CCCCC1CCCCCCCCCC,15.32471218580225,0.041498191681777465
N17,C1CCCCC1CCCCCCCCCCC,13.805298893162098,0.04380461186262958
N18,C1CCCCC1CCCCCCCCCCCC,12.43100874850292,0.04749622559371165
N19,C1CCCCC1CCCCCCCCCCCCC,11.347475945640129,0.04424459099465473
N20,C1CCCCC1CCCCCCCCCCCCCC,10.444101023242988,0.041782346037228024
N21,C1CCCCC1CCCCCCCCCCCCCCC,9.859949943692369,0.04513185133464801
N22,C1CCCCC1CCCCCCCCCCCCCCCC,9.495278512613803,0.06129153375344565
N23,C1CCCCC1CCCCCCCCCCCCCCCCC,9.193315906409365,0.0864416889789497
N24,C1CCCCC1CCCCCCCCCCCCCCCCCC,8.892798209038041,0.10994895274012093
N25,C1CCCCC1CCCCCCCCCCCCCCCCCCC,8.600115139669647,0.1290629319482882
N26,C1CCCCC1CCCCCCCCCCCCCCCCCCCC,8.331234671500455,0.14414101646636776
N27,C1CCCCC1CCCCCCCCCCCCCCCCCCCCC,8.086623379037897,0.15626304743130506
N28,C1CCCCC1CCCCCCCCCCCCCCCCCCCCCC,7.859360337372557,0.16634684051045207
N29,C1CCCCC1CCCCCCCCCCCCCCCCCCCCCCC,7.646293706572491,0.17514742273192407
N30,C1CCCCC1CCCCCCCCCCCCCCCCCCCCCCCC,7.452701911821234,0.18390765595098726
N31,C1CCCCC1CCCCCCCCCCCCCCCCCCCCCCCCC,7.288988258935418,0.19787427184461093
N32,C1CCCCC1CCCCCCCCCCCCCCCCCCCCCCCCCC,7.167720024565785,0.22648932930695242
N33,C1CCCCC1CCCCCCCCCCCCCCCCCCCCCCCCCCC,7.093942071148549,0.2730685011262992
N34,C1CCCCC1CCCCCCCCCCCCCCCCCCCCCCCCCCCC,7.064675691792162,0.3326110516088908
N35,C1CCCCC1CCCCCCCCCCCCCCCCCCCCCCCCCCCCC,7.074702760025858,0.3985852835838172
N36,C1CCCCC1CCCCCCCCCCCCCCCCCCCCCCCCCCCCCC,7.118830900139286,0.4661981500635876
N37,C1CCCCC1CCCCCCCCCCCCCCCCCCCCCCCCCCCCCCC,7.192283627940122,0.5324396727426636
N38,C1CCCCC1CCCCCCCCCCCCCCCCCCCCCCCCCCCCCCCC,7.290696821292548,0.595521303643561
N39,C1CCCCC1CCCCCCCCCCCCCCCCCCCCCCCCCCCCCCCCC,7.410063304437162,0.6544313324305303
N40,C1CCCCC1CCCCCCCCCCCCCCCCCCCCCCCCCCCCCCCCCC,7.5466524309637215,0.7086568406651155
N41,C1CCCCC1CCCCCCCCCCCCCCCCCCCCCCCCCCCCCCCCCCC,7.696991010226612,0.7580079972970554
N42,C1CCCCC1CCCCCCCCCCCCCCCCCCCCCCCCCCCCCCCCCCCC,7.8578106691835705,0.8025088743686912
N43,C1CCCCC1CCCCCCCCCCCCCCCCCCCCCCCCCCCCCCCCCCCCC,8.026073377791786,0.842322307389146
N44,C1CCCCC1CCCCCCCCCCCCCCCCCCCCCCCCCCCCCCCCCCCCCC,8.198942253134284,0.877701245945029
N45,C1CCCCC1CCCCCCCCCCCCCCCCCCCCCCCCCCCCCCCCCCCCCCC,8.373830558343904,0.9089519411392036
N46,C1CCCCC1CCCCCCCCCCCCCCCCCCCCCCCCCCCCCCCCCCCCCCCC,8.54838047820367,0.9364102039042631
N47,C1CCCCC1CCCCCCCCCCCCCCCCCCCCCCCCCCCCCCCCCCCCCCCCC,8.720514709733086,0.9604219123227286
N48,C1CCCCC1CCCCCCCCCCCCCCCCCCCCCCCCCCCCCCCCCCCCCCCCCC,8.88841120423476,0.9813312934824658
N49,C1CCCCC1CCCCCCCCCCCCCCCCCCCCCCCCCCCCCCCCCCCCCCCCCCC,9.050544309686801,0.9994705436206284
N50,C1CCCCC1CCCCCCCCCCCCCCCCCCCCCCCCCCCCCCCCCCCCCCCCCCCC,9.205650289663039,1.0151546583298476
N51,C1CCCCC1CCCCCCCCCCCCCCCCCCCCCCCCCCCCCCCCCCCCCCCCCCCCC,9.352752856713805,1.0286763694052707
N52,C1CCCCC1CCCCCCCCCCCCCCCCCCCCCCCCCCCCCCCCCCCCCCCCCCCCCC,9.49111978488417,1.0403047677069288
N53,C1CCCCC1CCCCCCCCCCCCCCCCCCCCCCCCCCCCCCCCCCCCCCCCCCCCCCC,9.620273379193838,1.0502834703245152
N54,C1CCCCC1CCCCCCCCCCCCCCCCCCCCCCCCCCCCCCCCCCCCCCCCCCCCCCCC,9.739941852015908,1.0588314161755306
N55,C1CCCCC1CCCCCCCCCCCCCCCCCCCCCCCCCCCCCCCCCCCCCCCCCCCCCCCCC,9.85005854588034,1.066142943487418
N56,C1CCCCC1CCCCCCCCCCCCCCCCCCCCCCCCCCCCCCCCCCCCCCCCCCCCCCCCCC,9.950712957080546,1.0723897040517434
N57,C1CCCCC1CCCCCCCCCCCCCCCCCCCCCCCCCCCCCCCCCCCCCCCCCCCCCCCCCCC,10.0421435766606,1.0777217547717102
N58,C1CCCCC1CCCCCCCCCCCCCCCCCCCCCCCCCCCCCCCCCCCCCCCCCCCCCCCCCCCC,10.124692950949147,1.08226988812432
N59,C1CCCCC1CCCCCCCCCCCCCCCCCCCCCCCCCCCCCCCCCCCCCCCCCCCCCCCCCCCCC,10.198798458456716,1.0861471334496007
N60,C1CCCCC1CCCCCCCCCCCCCCCCCCCCCCCCCCCCCCCCCCCCCCCCCCCCCCCCCCCCCC,10.264954346744826,1.0894510597217066
N61,C1CCCCC1CCCCCCCCCCCCCCCCCCCCCCCCCCCCCCCCCCCCCCCCCCCCCCCCCCCCCCC,10.323703433602674,1.092265308192208
N62,C1CCCCC1CCCCCCCCCCCCCCCCCCCCCCCCCCCCCCCCCCCCCCCCCCCCCCCCCCCCCCCC,10.375607392262783,1.0946616225632197
N63,C1CCCCC1CCCCCCCCCCCCCCCCCCCCCCCCCCCCCCCCCCCCCCCCCCCCCCCCCCCCCCCCC,10.421240933270221,1.0967012084703278
N64,C1CCCCC1CCCCCCCCCCCCCCCCCCCCCCCCCCCCCCCCCCCCCCCCCCCCCCCCCCCCCCCCCC,10.46117022492355,1.0984363914383408
N65,C1CCCCC1CCCCCCCCCCCCCCCCCCCCCCCCCCCCCCCCCCCCCCCCCCCCCCCCCCCCCCCCCCC,10.495949971475312,1.0999117220167096
N66,C1CCCCC1CCCCCCCCCCCCCCCCCCCCCCCCCCCCCCCCCCCCCCCCCCCCCCCCCCCCCCCCCCCC,10.526108958331832,1.1011652564840515
N67,C1CCCCC1CCCCCCCCCCCCCCCCCCCCCCCCCCCCCCCCCCCCCCCCCCCCCCCCCCCCCCCCCCCCC,10.552149722475798,1.1022294032483981
N68,C1CCCCC1CCCCCCCCCCCCCCCCCCCCCCCCCCCCCCCCCCCCCCCCCCCCCCCCCCCCCCCCCCCCCC,10.57453979328162,1.1031318727266928
N69,C1CCCCC1CCCCCCCCCCCCCCCCCCCCCCCCCCCCCCCCCCCCCCCCCCCCCCCCCCCCCCCCCCCCCCC,10.593713311644935,1.1038962999346265
N70,C1CCCCC1CCCCCCCCCCCCCCCCCCCCCCCCCCCCCCCCCCCCCCCCCCCCCCCCCCCCCCCCCCCCCCCC,10.61006647904345,1.1045429296723328
N71,C1CCCCC1CCCCCCCCCCCCCCCCCCCCCCCCCCCCCCCCCCCCCCCCCCCCCCCCCCCCCCCCCCCCCCCCC,10.623960412651616,1.1050890635984727
N72,C1CCCCC1CCCCCCCCCCCCCCCCCCCCCCCCCCCCCCCCCCCCCCCCCCCCCCCCCCCCCCCCCCCCCCCCCC,10.635719473948383,1.1055495467590704
N73,C1CCCCC1CCCCCCCCCCCCCCCCCCCCCCCCCCCCCCCCCCCCCCCCCCCCCCCCCCCCCCCCCCCCCCCCCCC,10.645634732922604,1.1059370857530306
N74,C1CCCCC1CCCCCCCCCCCCCCCCCCCCCCCCCCCCCCCCCCCCCCCCCCCCCCCCCCCCCCCCCCCCCCCCCCCC,10.653964104374495,1.1062625926842242
N75,C1CCCCC1CCCCCCCCCCCCCCCCCCCCCCCCCCCCCCCCCCCCCCCCCCCCCCCCCCCCCCCCCCCCCCCCCCCCC,10.660935944109955,1.1065354125847058
N76,C1CCCCC1CCCCCCCCCCCCCCCCCCCCCCCCCCCCCCCCCCCCCCCCCCCCCCCCCCCCCCCCCCCCCCCCCCCCCC,10.666750195405374,1.1067635678741785
N77,C1CCCCC1CCCCCCCCCCCCCCCCCCCCCCCCCCCCCCCCCCCCCCCCCCCCCCCCCCCCCCCCCCCCCCCCCCCCCCC,10.67158179676587,1.106953923270524
N78,C1CCCCC1CCCCCCCCCCCCCCCCCCCCCCCCCCCCCCCCCCCCCCCCCCCCCCCCCCCCCCCCCCCCCCCCCCCCCCCC,10.675582287264064,1.1071123616519842
N79,C1CCCCC1CCCCCCCCCCCCCCCCCCCCCCCCCCCCCCCCCCCCCCCCCCCCCCCCCCCCCCCCCCCCCCCCCCCCCCCCC,10.678882840854099,1.1072439059391166
N80,C1CCCCC1CCCCCCCCCCCCCCCCCCCCCCCCCCCCCCCCCCCCCCCCCCCCCCCCCCCCCCCCCCCCCCCCCCCCCCCCCC,10.681595976663328,1.1073528474984125
N81,C1CCCCC1CCCCCCCCCCCCCCCCCCCCCCCCCCCCCCCCCCCCCCCCCCCCCCCCCCCCCCCCCCCCCCCCCCCCCCCCCCC,10.683818138156617,1.1074428378631214
N82,C1CCCCC1CCCCCCCCCCCCCCCCCCCCCCCCCCCCCCCCCCCCCCCCCCCCCCCCCCCCCCCCCCCCCCCCCCCCCCCCCCCC,10.68563130222319,1.1075169837588144
N83,C1CCCCC1CCCCCCCCCCCCCCCCCCCCCCCCCCCCCCCCCCCCCCCCCCCCCCCCCCCCCCCCCCCCCCCCCCCCCCCCCCCCC,10.68710509175622,1.1075779170091988
N84,C1CCCCC1CCCCCCCCCCCCCCCCCCCCCCCCCCCCCCCCCCCCCCCCCCCCCCCCCCCCCCCCCCCCCCCCCCCCCCCCCCCCCC,10.68829817990176,1.107627865510482
N85,C1CCCCC1CCCCCCCCCCCCCCCCCCCCCCCCCCCCCCCCCCCCCCCCCCCCCCCCCCCCCCCCCCCCCCCCCCCCCCCCCCCCCCC,10.689259968184086,1.1076687068005655
N86,C1CCCCC1CCCCCCCCCCCCCCCCCCCCCCCCCCCCCCCCCCCCCCCCCCCCCCCCCCCCCCCCCCCCCCCCCCCCCCCCCCCCCCCC,10.690031749417486,1.107702021261948
N87,C1CCCCC1CCCCCCCCCCCCCCCCCCCCCCCCCCCCCCCCCCCCCCCCCCCCCCCCCCCCCCCCCCCCCCCCCCCCCCCCCCCCCCCCC,10.690648005530093,1.107729133103553
N88,C1CCCCC1CCCCCCCCCCCCCCCCCCCCCCCCCCCCCCCCCCCCCCCCCCCCCCCCCCCCCCCCCCCCCCCCCCCCCCCCCCCCCCCCCC,10.691137332727337,1.1077511501679707
N89,C1CCCCC1CCCCCCCCCCCCCCCCCCCCCCCCCCCCCCCCCCCCCCCCCCCCCCCCCCCCCCCCCCCCCCCCCCCCCCCCCCCCCCCCCCC,10.691523421985648,1.1077689950519176
N90,C1CCCCC1CCCCCCCCCCCCCCCCCCCCCCCCCCCCCCCCCCCCCCCCCCCCCCCCCCCCCCCCCCCCCCCCCCCCCCCCCCCCCCCCCCCC,10.691825771139474,1.1077834347003859
N91,C1CCCCC1CCCCCCCCCCCCCCCCCCCCCCCCCCCCCCCCCCCCCCCCCCCCCCCCCCCCCCCCCCCCCCCCCCCCCCCCCCCCCCCCCCCCC,10.69206040989026,1.1077951037673732
N92,C1CCCCC1CCCCCCCCCCCCCCCCCCCCCCCCCCCCCCCCCCCCCCCCCCCCCCCCCCCCCCCCCCCCCCCCCCCCCCCCCCCCCCCCCCCCCC,10.692240432867258,1.1078045264035876
N93,C1CCCCC1CCCCCCCCCCCCCCCCCCCCCCCCCCCCCCCCCCCCCCCCCCCCCCCCCCCCCCCCCCCCCCCCCCCCCCCCCCCCCCCCCCCCCCC,10.69237652534612,1.1078121335442475
N94,C1CCCCC1CCCCCCCCCCCCCCCCCCCCCCCCCCCCCCCCCCCCCCCCCCCCCCCCCCCCCCCCCCCCCCCCCCCCCCCCCCCCCCCCCCCCCCCC,10.692477352117935,1.1078182787584554
N95,C1CCCCC1CCCCCCCCCCCCCCCCCCCCCCCCCCCCCCCCCCCCCCCCCCCCCCCCCCCCCCCCCCCCCCCCCCCCCCCCCCCCCCCCCCCCCCCCC,10.692549932120489,1.1078232508410233
N96,C1CCCCC1CCCCCCCCCCCCCCCCCCCCCCCCCCCCCCCCCCCCCCCCCCCCCCCCCCCCCCCCCCCCCCCCCCCCCCCCCCCCCCCCCCCCCCCCCC,10.692599915654032,1.1078272851898885
N97,C1CCCCC1CCCCCCCCCCCCCCCCCCCCCCCCCCCCCCCCCCCCCCCCCCCCCCCCCCCCCCCCCCCCCCCCCCCCCCCCCCCCCCCCCCCCCCCCCCC,10.692631846620618,1.1078305728241395
N98,C1CCCCC1CCCCCCCCCCCCCCCCCCCCCCCCCCCCCCCCCCCCCCCCCCCCCCCCCCCCCCCCCCCCCCCCCCCCCCCCCCCCCCCCCCCCCCCCCCCC,10.692649356115629,1.1078332684388736
N99,C1CCCCC1CCCCCCCCCCCCCCCCCCCCCCCCCCCCCCCCCCCCCCCCCCCCCCCCCCCCCCCCCCCCCCCCCCCCCCCCCCCCCCCCCCCCCCCCCCCCC,10.692655343242173,1.1078354967517863
N100,C1CCCCC1CCCCCCCCCCCCCCCCCCCCCCCCCCCCCCCCCCCCCCCCCCCCCCCCCCCCCCCCCCCCCCCCCCCCCCCCCCCCCCCCCCCCCCCCCCCCCC,10.692652107106392,1.107837358127249
N101,C1CCCCC1CCCCCCCCCCCCCCCCCCCCCCCCCCCCCCCCCCCCCCCCCCCCCCCCCCCCCCCCCCCCCCCCCCCCCCCCCCCCCCCCCCCCCCCCCCCCCCC,10.692641470150347,1.1078389329631084
N102,C1CCCCC1CCCCCCCCCCCCCCCCCCCCCCCCCCCCCCCCCCCCCCCCCCCCCCCCCCCCCCCCCCCCCCCCCCCCCCCCCCCCCCCCCCCCCCCCCCCCCCCC,10.692624865956393,1.107840285565552
N103,C1CCCCC1CCCCCCCCCCCCCCCCCCCCCCCCCCCCCCCCCCCCCCCCCCCCCCCCCCCCCCCCCCCCCCCCCCCCCCCCCCCCCCCCCCCCCCCCCCCCCCCCC,10.692603422407185,1.1078414671249597
N104,C1CCCCC1CCCCCCCCCCCCCCCCCCCCCCCCCCCCCCCCCCCCCCCCCCCCCCCCCCCCCCCCCCCCCCCCCCCCCCCCCCCCCCCCCCCCCCCCCCCCCCCCCC,10.692578018896954,1.1078425183530087
N105,C1CCCCC1CCCCCCCCCCCCCCCCCCCCCCCCCCCCCCCCCCCCCCCCCCCCCCCCCCCCCCCCCCCCCCCCCCCCCCCCCCCCCCCCCCCCCCCCCCCCCCCCCCC,10.692549341738781,1.1078434714615615
N106,C1CCCCC1CCCCCCCCCCCCCCCCCCCCCCCCCCCCCCCCCCCCCCCCCCCCCCCCCCCCCCCCCCCCCCCCCCCCCCCCCCCCCCCCCCCCCCCCCCCCCCCCCCCC,10.692517920286816,1.107844351938592
N107,C1CCCCC1CCCCCCCCCCCCCCCCCCCCCCCCCCCCCCCCCCCCCCCCCCCCCCCCCCCCCCCCCCCCCCCCCCCCCCCCCCCCCCCCCCCCCCCCCCCCCCCCCCCCC,10.692484164095214,1.107845179835195
N108,C1CCCCC1CCCCCCCCCCCCCCCCCCCCCCCCCCCCCCCCCCCCCCCCCCCCCCCCCCCCCCCCCCCCCCCCCCCCCCCCCCCCCCCCCCCCCCCCCCCCCCCCCCCCCC,10.692448384665058,1.1078459709523303
N109,C1CCCCC1CCCCCCCCCCCCCCCCCCCCCCCCCCCCCCCCCCCCCCCCCCCCCCCCCCCCCCCCCCCCCCCCCCCCCCCCCCCCCCCCCCCCCCCCCCCCCCCCCCCCCCC,10.692410820303934,1.1078467376561543
N110,C1CCCCC1CCCCCCCCCCCCCCCCCCCCCCCCCCCCCCCCCCCCCCCCCCCCCCCCCCCCCCCCCCCCCCCCCCCCCCCCCCCCCCCCCCCCCCCCCCCCCCCCCCCCCCCC,10.692371648714827,1.1078474896681325
N111,C1CCCCC1CCCCCCCCCCCCCCCCCCCCCCCCCCCCCCCCCCCCCCCCCCCCCCCCCCCCCCCCCCCCCCCCCCCCCCCCCCCCCCCCCCCCCCCCCCCCCCCCCCCCCCCCC,10.692331003878,1.1078482345643001
N112,C1CCCCC1CCCCCCCCCCCCCCCCCCCCCCCCCCCCCCCCCCCCCCCCCCCCCCCCCCCCCCCCCCCCCCCCCCCCCCCCCCCCCCCCCCCCCCCCCCCCCCCCCCCCCCCCCC,10.69228898229437,1.1078489783027585
N113,C1CCCCC1CCCCCCCCCCCCCCCCCCCCCCCCCCCCCCCCCCCCCCCCCCCCCCCCCCCCCCCCCCCCCCCCCCCCCCCCCCCCCCCCCCCCCCCCCCCCCCCCCCCCCCCCCCC,10.692245654945689,1.1078497255144726
N114,C1CCCCC1CCCCCCCCCCCCCCCCCCCCCCCCCCCCCCCCCCCCCCCCCCCCCCCCCCCCCCCCCCCCCCCCCCCCCCCCCCCCCCCCCCCCCCCCCCCCCCCCCCCCCCCCCCCC,10.69220106988956,1.1078504798596573
N115,C1CCCCC1CCCCCCCCCCCCCCCCCCCCCCCCCCCCCCCCCCCCCCCCCCCCCCCCCCCCCCCCCCCCCCCCCCCCCCCCCCCCCCCCCCCCCCCCCCCCCCCCCCCCCCCCCCCCC,10.692155260639193,1.107851244183357
N116,C1CCCCC1CCCCCCCCCCCCCCCCCCCCCCCCCCCCCCCCCCCCCCCCCCCCCCCCCCCCCCCCCCCCCCCCCCCCCCCCCCCCCCCCCCCCCCCCCCCCCCCCCCCCCCCCCCCCCC,10.692108246461132,1.107852020761991
N117,C1CCCCC1CCCCCCCCCCCCCCCCCCCCCCCCCCCCCCCCCCCCCCCCCCCCCCCCCCCCCCCCCCCCCCCCCCCCCCCCCCCCCCCCCCCCCCCCCCCCCCCCCCCCCCCCCCCCCCC,10.692060038924646,1.1078528113726327
N118,C1CCCCC1CCCCCCCCCCCCCCCCCCCCCCCCCCCCCCCCCCCCCCCCCCCCCCCCCCCCCCCCCCCCCCCCCCCCCCCCCCCCCCCCCCCCCCCCCCCCCCCCCCCCCCCCCCCCCCCC,10.692010640393184,1.1078536174700826
N119,C1CCCCC1CCCCCCCCCCCCCCCCCCCCCCCCCCCCCCCCCCCCCCCCCCCCCCCCCCCCCCCCCCCCCCCCCCCCCCCCCCCCCCCCCCCCCCCCCCCCCCCCCCCCCCCCCCCCCCCCC,10.691960049586827,1.1078544402019315
N120,C1CCCCC1CCCCCCCCCCCCCCCCCCCCCCCCCCCCCCCCCCCCCCCCCCCCCCCCCCCCCCCCCCCCCCCCCCCCCCCCCCCCCCCCCCCCCCCCCCCCCCCCCCCCCCCCCCCCCCCCCC,10.691908259131003,1.1078552805423392
N121,C1CCCCC1CCCCCCCCCCCCCCCCCCCCCCCCCCCCCCCCCCCCCCCCCCCCCCCCCCCCCCCCCCCCCCCCCCCCCCCCCCCCCCCCCCCCCCCCCCCCCCCCCCCCCCCCCCCCCCCCCCC,10.691855260225115,1.1078561392735349
N122,C1CCCCC1CCCCCCCCCCCCCCCCCCCCCCCCCCCCCCCCCCCCCCCCCCCCCCCCCCCCCCCCCCCCCCCCCCCCCCCCCCCCCCCCCCCCCCCCCCCCCCCCCCCCCCCCCCCCCCCCCCCC,10.691801039855655,1.1078570170930333
N123,C1CCCCC1CCCCCCCCCCCCCCCCCCCCCCCCCCCCCCCCCCCCCCCCCCCCCCCCCCCCCCCCCCCCCCCCCCCCCCCCCCCCCCCCCCCCCCCCCCCCCCCCCCCCCCCCCCCCCCCCCCCCC,10.691745584914905,1.1078579145745961
N124,C1CCCCC1CCCCCCCCCCCCCCCCCCCCCCCCCCCCCCCCCCCCCCCCCCCCCCCCCCCCCCCCCCCCCCCCCCCCCCCCCCCCCCCCCCCCCCCCCCCCCCCCCCCCCCCCCCCCCCCCCCCCCC,10.69168887902542,1.1078588322595115
N125,C1CCCCC1CCCCCCCCCCCCCCCCCCCCCCCCCCCCCCCCCCCCCCCCCCCCCCCCCCCCCCCCCCCCCCCCCCCCCCCCCCCCCCCCCCCCCCCCCCCCCCCCCCCCCCCCCCCCCCCCCCCCCCC,10.691630906626498,1.107859770605105
N126,C1CCCCC1CCCCCCCCCCCCCCCCCCCCCCCCCCCCCCCCCCCCCCCCCCCCCCCCCCCCCCCCCCCCCCCCCCCCCCCCCCCCCCCCCCCCCCCCCCCCCCCCCCCCCCCCCCCCCCCCCCCCCCCC,10.691571649350436,1.1078607300664802
N127,C1CCCCC1CCCCCCCCCCCCCCCCCCCCCCCCCCCCCCCCCCCCCCCCCCCCCCCCCCCCCCCCCCCCCCCCCCCCCCCCCCCCCCCCCCCCCCCCCCCCCCCCCCCCCCCCCCCCCCCCCCCCCCCCC,10.691511090068213,1.1078617110377258
N128,C1CCCCC1CCCCCCCCCCCCCCCCCCCCCCCCCCCCCCCCCCCCCCCCCCCCCCCCCCCCCCCCCCCCCCCCCCCCCCCCCCCCCCCCCCCCCCCCCCCCCCCCCCCCCCCCCCCCCCCCCCCCCCCCCC,10.691449209284018,1.10786271392806
N129,C1CCCCC1CCCCCCCCCCCCCCCCCCCCCCCCCCCCCCCCCCCCCCCCCCCCCCCCCCCCCCCCCCCCCCCCCCCCCCCCCCCCCCCCCCCCCCCCCCCCCCCCCCCCCCCCCCCCCCCCCCCCCCCCCCC,10.69138598884945,1.107863739098712
N130,C1CCCCC1CCCCCCCCCCCCCCCCCCCCCCCCCCCCCCCCCCCCCCCCCCCCCCCCCCCCCCCCCCCCCCCCCCCCCCCCCCCCCCCCCCCCCCCCCCCCCCCCCCCCCCCCCCCCCCCCCCCCCCCCCCCC,10.691321408512904,1.10786478693582
N131,C1CCCCC1CCCCCCCCCCCCCCCCCCCCCCCCCCCCCCCCCCCCCCCCCCCCCCCCCCCCCCCCCCCCCCCCCCCCCCCCCCCCCCCCCCCCCCCCCCCCCCCCCCCCCCCCCCCCCCCCCCCCCCCCCCCCC,10.691255449520945,1.1078658577848763
N132,C1CCCCC1CCCCCCCCCCCCCCCCCCCCCCCCCCCCCCCCCCCCCCCCCCCCCCCCCCCCCCCCCCCCCCCCCCCCCCCCCCCCCCCCCCCCCCCCCCCCCCCCCCCCCCCCCCCCCCCCCCCCCCCCCCCCCC,10.691188090998665,1.1078669520216944
N133,C1CCCCC1CCCCCCCCCCCCCCCCCCCCCCCCCCCCCCCCCCCCCCCCCCCCCCCCCCCCCCCCCCCCCCCCCCCCCCCCCCCCCCCCCCCCCCCCCCCCCCCCCCCCCCCCCCCCCCCCCCCCCCCCCCCCCCC,10.691119313765364,1.10786806998552
N134,C1CCCCC1CCCCCCCCCCCCCCCCCCCCCCCCCCCCCCCCCCCCCCCCCCCCCCCCCCCCCCCCCCCCCCCCCCCCCCCCCCCCCCCCCCCCCCCCCCCCCCCCCCCCCCCCCCCCCCCCCCCCCCCCCCCCCCCC,10.691049096457519,1.1078692120489284
N135,C1CCCCC1CCCCCCCCCCCCCCCCCCCCCCCCCCCCCCCCCCCCCCCCCCCCCCCCCCCCCCCCCCCCCCCCCCCCCCCCCCCCCCCCCCCCCCCCCCCCCCCCCCCCCCCCCCCCCCCCCCCCCCCCCCCCCCCCC,10.690977419528846,1.1078703785501223
N136,C1CCCCC1CCCCCCCCCCCCCCCCCCCCCCCCCCCCCCCCCCCCCCCCCCCCCCCCCCCCCCCCCCCCCCCCCCCCCCCCCCCCCCCCCCCCCCCCCCCCCCCCCCCCCCCCCCCCCCCCCCCCCCCCCCCCCCCCCC,10.690904261319174,1.1078715698622612
N137,C1CCCCC1CCCCCCCCCCCCCCCCCCCCCCCCCCCCCCCCCCCCCCCCCCCCCCCCCCCCCCCCCCCCCCCCCCCCCCCCCCCCCCCCCCCCCCCCCCCCCCCCCCCCCCCCCCCCCCCCCCCCCCCCCCCCCCCCCCC,10.690829601863504,1.1078727863253088
N138,C1CCCCC1CCCCCCCCCCCCCCCCCCCCCCCCCCCCCCCCCCCCCCCCCCCCCCCCCCCCCCCCCCCCCCCCCCCCCCCCCCCCCCCCCCCCCCCCCCCCCCCCCCCCCCCCCCCCCCCCCCCCCCCCCCCCCCCCCCCC,10.69075341918428,1.1078740283150763
N139,C1CCCCC1CCCCCCCCCCCCCCCCCCCCCCCCCCCCCCCCCCCCCCCCCCCCCCCCCCCCCCCCCCCCCCCCCCCCCCCCCCCCCCCCCCCCCCCCCCCCCCCCCCCCCCCCCCCCCCCCCCCCCCCCCCCCCCCCCCCCC,10.690675693035969,1.1078752961748115
N140,C1CCCCC1CCCCCCCCCCCCCCCCCCCCCCCCCCCCCCCCCCCCCCCCCCCCCCCCCCCCCCCCCCCCCCCCCCCCCCCCCCCCCCCCCCCCCCCCCCCCCCCCCCCCCCCCCCCCCCCCCCCCCCCCCCCCCCCCCCCCCC,10.690596401118457,1.107876590284054
N141,C1CCCCC1CCCCCCCCCCCCCCCCCCCCCCCCCCCCCCCCCCCCCCCCCCCCCCCCCCCCCCCCCCCCCCCCCCCCCCCCCCCCCCCCCCCCCCCCCCCCCCCCCCCCCCCCCCCCCCCCCCCCCCCCCCCCCCCCCCCCCCC,10.690515522868662,1.1078779109900894
N142,C1CCCCC1CCCCCCCCCCCCCCCCCCCCCCCCCCCCCCCCCCCCCCCCCCCCCCCCCCCCCCCCCCCCCCCCCCCCCCCCCCCCCCCCCCCCCCCCCCCCCCCCCCCCCCCCCCCCCCCCCCCCCCCCCCCCCCCCCCCCCCCC,10.690433035745027,1.107879258676763
N143,C1CCCCC1CCCCCCCCCCCCCCCCCCCCCCCCCCCCCCCCCCCCCCCCCCCCCCCCCCCCCCCCCCCCCCCCCCCCCCCCCCCCCCCCCCCCCCCCCCCCCCCCCCCCCCCCCCCCCCCCCCCCCCCCCCCCCCCCCCCCCCCCC,10.690348918790932,1.107880633695814
N144,C1CCCCC1CCCCCCCCCCCCCCCCCCCCCCCCCCCCCCCCCCCCCCCCCCCCCCCCCCCCCCCCCCCCCCCCCCCCCCCCCCCCCCCCCCCCCCCCCCCCCCCCCCCCCCCCCCCCCCCCCCCCCCCCCCCCCCCCCCCCCCCCCC,10.690263149211484,1.107882036435661
N145,C1CCCCC1CCCCCCCCCCCCCCCCCCCCCCCCCCCCCCCCCCCCCCCCCCCCCCCCCCCCCCCCCCCCCCCCCCCCCCCCCCCCCCCCCCCCCCCCCCCCCCCCCCCCCCCCCCCCCCCCCCCCCCCCCCCCCCCCCCCCCCCCCCC,10.690175705829676,1.1078834672526914
N146,C1CCCCC1CCCCCCCCCCCCCCCCCCCCCCCCCCCCCCCCCCCCCCCCCCCCCCCCCCCCCCCCCCCCCCCCCCCCCCCCCCCCCCCCCCCCCCCCCCCCCCCCCCCCCCCCCCCCCCCCCCCCCCCCCCCCCCCCCCCCCCCCCCCC,10.690086565504759,1.107884926540029
N147,C1CCCCC1CCCCCCCCCCCCCCCCCCCCCCCCCCCCCCCCCCCCCCCCCCCCCCCCCCCCCCCCCCCCCCCCCCCCCCCCCCCCCCCCCCCCCCCCCCCCCCCCCCCCCCCCCCCCCCCCCCCCCCCCCCCCCCCCCCCCCCCCCCCCC,10.6899957068195,1.1078864146588208
N148,C1CCCCC1CCCCCCCCCCCCCCCCCCCCCCCCCCCCCCCCCCCCCCCCCCCCCCCCCCCCCCCCCCCCCCCCCCCCCCCCCCCCCCCCCCCCCCCCCCCCCCCCCCCCCCCCCCCCCCCCCCCCCCCCCCCCCCCCCCCCCCCCCCCCCC,10.689903106227408,1.1078879320069361
N149,C1CCCCC1CCCCCCCCCCCCCCCCCCCCCCCCCCCCCCCCCCCCCCCCCCCCCCCCCCCCCCCCCCCCCCCCCCCCCCCCCCCCCCCCCCCCCCCCCCCCCCCCCCCCCCCCCCCCCCCCCCCCCCCCCCCCCCCCCCCCCCCCCCCCCCC,10.689808742138338,1.1078894789503004
N150,C1CCCCC1CCCCCCCCCCCCCCCCCCCCCCCCCCCCCCCCCCCCCCCCCCCCCCCCCCCCCCCCCCCCCCCCCCCCCCCCCCCCCCCCCCCCCCCCCCCCCCCCCCCCCCCCCCCCCCCCCCCCCCCCCCCCCCCCCCCCCCCCCCCCCCCC,10.689712590772048,1.1078910558915616
A6,c1ccccc1,50.44900933865185,0.054969691332086186
A7,c1ccccc1C,41.461015141606396,0.040611518927908666
A8,c1ccccc1CC,36.520356958164626,0.03871865211461297
A9,c1ccccc1CCC,32.30603940166351,0.0380165723579791
A10,c1ccccc1CCCC,28.962533732382795,0.03847633988684909
A11,c1ccccc1CCCCC,26.19534775448343,0.039104137364529015
A12,c1ccccc1CCCCCC,23.820314705078694,0.0396139438290828
A13,c1ccccc1CCCCCCC,21.844768746117715,0.039953267377780606
A14,c1ccccc1CCCCCCCC,20.19757351342496,0.04013272233934064
A15,c1ccccc1CCCCCCCCC,18.798372632023618,0.04165458782311454
A16,c1ccccc1CCCCCCCCCC,17.590231003376964,0.04491609705242684
A17,c1ccccc1CCCCCCCCCCC,16.600650430340902,0.04163752385355739
A18,c1ccccc1CCCCCCCCCCCC,15.629345095569112,0.04054521594118096
A19,c1ccccc1CCCCCCCCCCCCC,14.710031633702922,0.04068154138918536
A20,c1ccccc1CCCCCCCCCCCCCC,13.935227518880337,0.040855123540375446
A21,c1ccccc1CCCCCCCCCCCCCCC,13.239580802704973,0.040944562629501594
A22,c1ccccc1CCCCCCCCCCCCCCCC,12.608669151252972,0.04111261799290228
A23,c1ccccc1CCCCCCCCCCCCCCCCC,12.025035228258286,0.04424870942194177
A24,c1ccccc1CCCCCCCCCCCCCCCCCC,11.442035777330249,0.06705725209847578
A25,c1ccccc1CCCCCCCCCCCCCCCCCCC,10.884639897345854,0.0962518301195975
A26,c1ccccc1CCCCCCCCCCCCCCCCCCCC,10.39023694632497,0.12068712387737122
A27,c1ccccc1CCCCCCCCCCCCCCCCCCCCC,9.982918530786,0.13968443343613457
A28,c1ccccc1CCCCCCCCCCCCCCCCCCCCCC,9.652804158005155,0.15465033640670484
A29,c1ccccc1CCCCCCCCCCCCCCCCCCCCCCC,9.367157746835026,0.16700381953542107
A30,c1ccccc1CCCCCCCCCCCCCCCCCCCCCCCC,9.096843630568861,0.17801713127115992
A31,c1ccccc1CCCCCCCCCCCCCCCCCCCCCCCCC,8.827925631559296,0.18945340602866742
A32,c1ccccc1CCCCCCCCCCCCCCCCCCCCCCCCCC,8.56313743350248,0.20651148713638556
A33,c1ccccc1CCCCCCCCCCCCCCCCCCCCCCCCCCC,8.32328883344801,0.2373729338449299
A34,c1ccccc1CCCCCCCCCCCCCCCCCCCCCCCCCCCC,8.130050925758397,0.28481479858336645
A35,c1ccccc1CCCCCCCCCCCCCCCCCCCCCCCCCCCCC,7.990680654510666,0.3445038010708498
A36,c1ccccc1CCCCCCCCCCCCCCCCCCCCCCCCCCCCCC,7.903007380571559,0.4104288392760589
A37,c1ccccc1CCCCCCCCCCCCCCCCCCCCCCCCCCCCCCC,7.861564209099315,0.47794589799118803
A38,c1ccccc1CCCCCCCCCCCCCCCCCCCCCCCCCCCCCCCC,7.860228860343825,0.5440471113860764
A39,c1ccccc1CCCCCCCCCCCCCCCCCCCCCCCCCCCCCCCCC,7.893096682594802,0.6069163677546848
A40,c1ccccc1CCCCCCCCCCCCCCCCCCCCCCCCCCCCCCCCCC,7.954708300530499,0.6655252221390495
A41,c1ccccc1CCCCCCCCCCCCCCCCCCCCCCCCCCCCCCCCCCC,8.040095992612097,0.7193561345450062
A42,c1ccccc1CCCCCCCCCCCCCCCCCCCCCCCCCCCCCCCCCCCC,8.144724961083753,0.7682274421696278
A43,c1ccccc1CCCCCCCCCCCCCCCCCCCCCCCCCCCCCCCCCCCCC,8.264483087204,0.8121765077474661
A44,c1ccccc1CCCCCCCCCCCCCCCCCCCCCCCCCCCCCCCCCCCCCC,8.395615580498745,0.8513845115787384
A45,c1ccccc1CCCCCCCCCCCCCCCCCCCCCCCCCCCCCCCCCCCCCCC,8.534741153370899,0.8861220951492479
A46,c1ccccc1CCCCCCCCCCCCCCCCCCCCCCCCCCCCCCCCCCCCCCCC,8.678803832691814,0.9167139463495965
A47,c1ccccc1CCCCCCCCCCCCCCCCCCCCCCCCCCCCCCCCCCCCCCCCC,8.825105610633816,0.9435111171945653
A48,c1ccccc1CCCCCCCCCCCCCCCCCCCCCCCCCCCCCCCCCCCCCCCCCC,8.971265311903304,0.9668736985170394
A49,c1ccccc1CCCCCCCCCCCCCCCCCCCCCCCCCCCCCCCCCCCCCCCCCCC,9.11525138231671,0.9871562991386076
A50,c1ccccc1CCCCCCCCCCCCCCCCCCCCCCCCCCCCCCCCCCCCCCCCCCCC,9.25533894023874,1.0047000542489226
A51,c1ccccc1CCCCCCCCCCCCCCCCCCCCCCCCCCCCCCCCCCCCCCCCCCCCC,9.390132942753999,1.0198253987265724
A52,c1ccccc1CCCCCCCCCCCCCCCCCCCCCCCCCCCCCCCCCCCCCCCCCCCCCC,9.518520125093175,1.032829294496726
A53,c1ccccc1CCCCCCCCCCCCCCCCCCCCCCCCCCCCCCCCCCCCCCCCCCCCCCC,9.639679562945272,1.0439823032733007
A54,c1ccccc1CCCCCCCCCCCCCCCCCCCCCCCCCCCCCCCCCCCCCCCCCCCCCCCC,9.75303072217304,1.053528775582395
A55,c1ccccc1CCCCCCCCCCCCCCCCCCCCCCCCCCCCCCCCCCCCCCCCCCCCCCCCC,9.858233127117224,1.0616864480413049
A56,c1ccccc1CCCCCCCCCCCCCCCCCCCCCCCCCCCCCCCCCCCCCCCCCCCCCCCCCC,9.955134157207693,1.0686481981626195
A57,c1ccccc1CCCCCCCCCCCCCCCCCCCCCCCCCCCCCCCCCCCCCCCCCCCCCCCCCCC,10.04376176446946,1.0745830093846205
A58,c1ccccc1CCCCCCCCCCCCCCCCCCCCCCCCCCCCCCCCCCCCCCCCCCCCCCCCCCCC,10.124276042903654,1.0796383837281254
A59,c1ccccc1CCCCCCCCCCCCCCCCCCCCCCCCCCCCCCCCCCCCCCCCCCCCCCCCCCCCC,10.196959161034364,1.0839419063458766
A60,c1ccccc1CCCCCCCCCCCCCCCCCCCCCCCCCCCCCCCCCCCCCCCCCCCCCCCCCCCCCC,10.262173762497126,1.0876037417550928
A61,c1ccccc1CCCCCCCCCCCCCCCCCCCCCCCCCCCCCCCCCCCCCCCCCCCCCCCCCCCCCCC,10.320353323440218,1.0907183141340056
A62,c1ccccc1CCCCCCCCCCCCCCCCCCCCCCCCCCCCCCCCCCCCCCCCCCCCCCCCCCCCCCCC,10.371968936761016,1.0933665613491927
A63,c1ccccc1CCCCCCCCCCCCCCCCCCCCCCCCCCCCCCCCCCCCCCCCCCCCCCCCCCCCCCCCC,10.417521963179063,1.095617462186121
A64,c1ccccc1CCCCCCCCCCCCCCCCCCCCCCCCCCCCCCCCCCCCCCCCCCCCCCCCCCCCCCCCCC,10.45751933681309,1.0975299031943027
A65,c1ccccc1CCCCCCCCCCCCCCCCCCCCCCCCCCCCCCCCCCCCCCCCCCCCCCCCCCCCCCCCCCC,10.492469181324742,1.0991539371226329
A66,c1ccccc1CCCCCCCCCCCCCCCCCCCCCCCCCCCCCCCCCCCCCCCCCCCCCCCCCCCCCCCCCCCC,10.52286377057547,1.1005322370690371
A67,c1ccccc1CCCCCCCCCCCCCCCCCCCCCCCCCCCCCCCCCCCCCCCCCCCCCCCCCCCCCCCCCCCCC,10.54917795764179,1.1017010674521424
A68,c1ccccc1CCCCCCCCCCCCCCCCCCCCCCCCCCCCCCCCCCCCCCCCCCCCCCCCCCCCCCCCCCCCCC,10.571858397161709,1.1026913672084104
A69,c1ccccc1CCCCCCCCCCCCCCCCCCCCCCCCCCCCCCCCCCCCCCCCCCCCCCCCCCCCCCCCCCCCCCC,10.591324200798745,1.103529466157193
A70,c1ccccc1CCCCCCCCCCCCCCCCCCCCCCCCCCCCCCCCCCCCCCCCCCCCCCCCCCCCCCCCCCCCCCCC,10.607960891636063,1.104237867215343
A71,c1ccccc1CCCCCCCCCCCCCCCCCCCCCCCCCCCCCCCCCCCCCCCCCCCCCCCCCCCCCCCCCCCCCCCCC,10.622122565839886,1.1048357604660803
A72,c1ccccc1CCCCCCCCCCCCCCCCCCCCCCCCCCCCCCCCCCCCCCCCCCCCCCCCCCCCCCCCCCCCCCCCCC,10.634129166595692,1.1053395776716317
A73,c1ccccc1CCCCCCCCCCCCCCCCCCCCCCCCCCCCCCCCCCCCCCCCCCCCCCCCCCCCCCCCCCCCCCCCCCC,10.644269483466735,1.1057633567120513
A74,c1ccccc1CCCCCCCCCCCCCCCCCCCCCCCCCCCCCCCCCCCCCCCCCCCCCCCCCCCCCCCCCCCCCCCCCCCC,10.652800578093892,1.1061191320613133
A75,c1ccccc1CCCCCCCCCCCCCCCCCCCCCCCCCCCCCCCCCCCCCCCCCCCCCCCCCCCCCCCCCCCCCCCCCCCCC,10.65995109094699,1.1064171936327034
A76,c1ccccc1CCCCCCCCCCCCCCCCCCCCCCCCCCCCCCCCCCCCCCCCCCCCCCCCCCCCCCCCCCCCCCCCCCCCCC,10.66592193080796,1.1066663627597288
A77,c1ccccc1CCCCCCCCCCCCCCCCCCCCCCCCCCCCCCCCCCCCCCCCCCCCCCCCCCCCCCCCCCCCCCCCCCCCCCC,10.67088951846091,1.1068741784169351
A78,c1ccccc1CCCCCCCCCCCCCCCCCCCCCCCCCCCCCCCCCCCCCCCCCCCCCCCCCCCCCCCCCCCCCCCCCCCCCCCC,10.675007112178616,1.10704709448899
A79,c1ccccc1CCCCCCCCCCCCCCCCCCCCCCCCCCCCCCCCCCCCCCCCCCCCCCCCCCCCCCCCCCCCCCCCCCCCCCCCC,10.678407761324658,1.1071906162819478
A80,c1ccccc1CCCCCCCCCCCCCCCCCCCCCCCCCCCCCCCCCCCCCCCCCCCCCCCCCCCCCCCCCCCCCCCCCCCCCCCCCC,10.68120585552373,1.1073094436411963
A81,c1ccccc1CCCCCCCCCCCCCCCCCCCCCCCCCCCCCCCCCCCCCCCCCCCCCCCCCCCCCCCCCCCCCCCCCCCCCCCCCCC,10.683499674504608,1.1074075729275055
A82,c1ccccc1CCCCCCCCCCCCCCCCCCCCCCCCCCCCCCCCCCCCCCCCCCCCCCCCCCCCCCCCCCCCCCCCCCCCCCCCCCCC,10.685372911656973,1.1074884023354479
A83,c1ccccc1CCCCCCCCCCCCCCCCCCCCCCCCCCCCCCCCCCCCCCCCCCCCCCCCCCCCCCCCCCCCCCCCCCCCCCCCCCCCC,10.686896786325754,1.1075548091571683
A84,c1ccccc1CCCCCCCCCCCCCCCCCCCCCCCCCCCCCCCCCCCCCCCCCCCCCCCCCCCCCCCCCCCCCCCCCCCCCCCCCCCCCC,10.688131408766349,1.107609228087236
A85,c1ccccc1CCCCCCCCCCCCCCCCCCCCCCCCCCCCCCCCCCCCCCCCCCCCCCCCCCCCCCCCCCCCCCCCCCCCCCCCCCCCCCC,10.689127471977171,1.1076537101748054
A86,c1ccccc1CCCCCCCCCCCCCCCCCCCCCCCCCCCCCCCCCCCCCCCCCCCCCCCCCCCCCCCCCCCCCCCCCCCCCCCCCCCCCCCC,10.689927401607799,1.107689981321575
A87,c1ccccc1CCCCCCCCCCCCCCCCCCCCCCCCCCCCCCCCCCCCCCCCCCCCCCCCCCCCCCCCCCCCCCCCCCCCCCCCCCCCCCCCC,10.690566672982566,1.1077194872492513
A88,c1ccccc1CCCCCCCCCCCCCCCCCCCCCCCCCCCCCCCCCCCCCCCCCCCCCCCCCCCCCCCCCCCCCCCCCCCCCCCCCCCCCCCCCC,10.691074736704408,1.1077434371622188
A89,c1ccccc1CCCCCCCCCCCCCCCCCCCCCCCCCCCCCCCCCCCCCCCCCCCCCCCCCCCCCCCCCCCCCCCCCCCCCCCCCCCCCCCCCCC,10.691476018828096,1.107762837829691
A90,c1ccccc1CCCCCCCCCCCCCCCCCCCCCCCCCCCCCCCCCCCCCCCCCCCCCCCCCCCCCCCCCCCCCCCCCCCCCCCCCCCCCCCCCCCC,10.691790639526406,1.1077785259910737
A91,c1ccccc1CCCCCCCCCCCCCCCCCCCCCCCCCCCCCCCCCCCCCCCCCCCCCCCCCCCCCCCCCCCCCCCCCCCCCCCCCCCCCCCCCCCCC,10.692035155504428,1.1077911939095362
A92,c1ccccc1CCCCCCCCCCCCCCCCCCCCCCCCCCCCCCCCCCCCCCCCCCCCCCCCCCCCCCCCCCCCCCCCCCCCCCCCCCCCCCCCCCCCCC,10.692223101714363,1.1078014132007823
A93,c1ccccc1CCCCCCCCCCCCCCCCCCCCCCCCCCCCCCCCCCCCCCCCCCCCCCCCCCCCCCCCCCCCCCCCCCCCCCCCCCCCCCCCCCCCCCC,10.692365531338586,1.1078096537298339
A94,c1ccccc1CCCCCCCCCCCCCCCCCCCCCCCCCCCCCCCCCCCCCCCCCCCCCCCCCCCCCCCCCCCCCCCCCCCCCCCCCCCCCCCCCCCCCCCC,10.692471412819136,1.1078163009296282
A95,c1ccccc1CCCCCCCCCCCCCCCCCCCCCCCCCCCCCCCCCCCCCCCCCCCCCCCCCCCCCCCCCCCCCCCCCCCCCCCCCCCCCCCCCCCCCCCCC,10.692548015885446,1.1078216695586787
A96,c1ccccc1CCCCCCCCCCCCCCCCCCCCCCCCCCCCCCCCCCCCCCCCCCCCCCCCCCCCCCCCCCCCCCCCCCCCCCCCCCCCCCCCCCCCCCCCCC,10.69260119565822,1.1078260161239708
A97,c1ccccc1CCCCCCCCCCCCCCCCCCCCCCCCCCCCCCCCCCCCCCCCCCCCCCCCCCCCCCCCCCCCCCCCCCCCCCCCCCCCCCCCCCCCCCCCCCC,10.692635663450526,1.1078295487313559
A98,c1ccccc1CCCCCCCCCCCCCCCCCCCCCCCCCCCCCCCCCCCCCCCCCCCCCCCCCCCCCCCCCCCCCCCCCCCCCCCCCCCCCCCCCCCCCCCCCCCC,10.692655185622604,1.1078324358743878
A99,c1ccccc1CCCCCCCCCCCCCCCCCCCCCCCCCCCCCCCCCCCCCCCCCCCCCCCCCCCCCCCCCCCCCCCCCCCCCCCCCCCCCCCCCCCCCCCCCCCCC,10.692662770820688,1.1078348133659577
A100,c1ccccc1CCCCCCCCCCCCCCCCCCCCCCCCCCCCCCCCCCCCCCCCCCCCCCCCCCCCCCCCCCCCCCCCCCCCCCCCCCCCCCCCCCCCCCCCCCCCCC,10.692660805893937,1.1078367904702093
A101,c1ccccc1CCCCCCCCCCCCCCCCCCCCCCCCCCCCCCCCCCCCCCCCCCCCCCCCCCCCCCCCCCCCCCCCCCCCCCCCCCCCCCCCCCCCCCCCCCCCCCC,10.692651183614064,1.1078384546938815
A102,c1ccccc1CCCCCCCCCCCCCCCCCCCCCCCCCCCCCCCCCCCCCCCCCCCCCCCCCCCCCCCCCCCCCCCCCCCCCCCCCCCCCCCCCCCCCCCCCCCCCCCC,10.692635393400664,1.1078398760073211
A103,c1ccccc1CCCCCCCCCCCCCCCCCCCCCCCCCCCCCCCCCCCCCCCCCCCCCCCCCCCCCCCCCCCCCCCCCCCCCCCCCCCCCCCCCCCCCCCCCCCCCCCCC,10.692614607629755,1.1078411100955794
A104,c1ccccc1CCCCCCCCCCCCCCCCCCCCCCCCCCCCCCCCCCCCCCCCCCCCCCCCCCCCCCCCCCCCCCCCCCCCCCCCCCCCCCCCCCCCCCCCCCCCCCCCCC,10.692589740600486,1.1078422012277809
A105,c1ccccc1CCCCCCCCCCCCCCCCCCCCCCCCCCCCCCCCCCCCCCCCCCCCCCCCCCCCCCCCCCCCCCCCCCCCCCCCCCCCCCCCCCCCCCCCCCCCCCCCCCC,10.692561506154004,1.1078431844203305
A106,c1ccccc1CCCCCCCCCCCCCCCCCCCCCCCCCCCCCCCCCCCCCCCCCCCCCCCCCCCCCCCCCCCCCCCCCCCCCCCCCCCCCCCCCCCCCCCCCCCCCCCCCCCC,10.692530455322945,1.1078440873663682
A107,c1ccccc1CCCCCCCCCCCCCCCCCCCCCCCCCCCCCCCCCCCCCCCCCCCCCCCCCCCCCCCCCCCCCCCCCCCCCCCCCCCCCCCCCCCCCCCCCCCCCCCCCCCCC,10.692497014399637,1.1078449318442065
A108,c1ccccc1CCCCCCCCCCCCCCCCCCCCCCCCCCCCCCCCCCCCCCCCCCCCCCCCCCCCCCCCCCCCCCCCCCCCCCCCCCCCCCCCCCCCCCCCCCCCCCCCCCCCCC,10.692461507991949,1.1078457350040465
A109,c1ccccc1CCCCCCCCCCCCCCCCCCCCCCCCCCCCCCCCCCCCCCCCCCCCCCCCCCCCCCCCCCCCCCCCCCCCCCCCCCCCCCCCCCCCCCCCCCCCCCCCCCCCCCC,10.6924241845961,1.1078465102620618
A110,c1ccccc1CCCCCCCCCCCCCCCCCCCCCCCCCCCCCCCCCCCCCCCCCCCCCCCCCCCCCCCCCCCCCCCCCCCCCCCCCCCCCCCCCCCCCCCCCCCCCCCCCCCCCCCC,10.692385229648906,1.1078472681547156
A111,c1ccccc1CCCCCCCCCCCCCCCCCCCCCCCCCCCCCCCCCCCCCCCCCCCCCCCCCCCCCCCCCCCCCCCCCCCCCCCCCCCCCCCCCCCCCCCCCCCCCCCCCCCCCCCCC,10.692344783110823,1.1078480168882472
A112,c1ccccc1CCCCCCCCCCCCCCCCCCCCCCCCCCCCCCCCCCCCCCCCCCCCCCCCCCCCCCCCCCCCCCCCCCCCCCCCCCCCCCCCCCCCCCCCCCCCCCCCCCCCCCCCCC,10.692302946147104,1.1078487629067477
A113,c1ccccc1CCCCCCCCCCCCCCCCCCCCCCCCCCCCCCCCCCCCCCCCCCCCCCCCCCCCCCCCCCCCCCCCCCCCCCCCCCCCCCCCCCCCCCCCCCCCCCCCCCCCCCCCCCC,10.692259793212997,1.107849511214656
A114,c1ccccc1CCCCCCCCCCCCCCCCCCCCCCCCCCCCCCCCCCCCCCCCCCCCCCCCCCCCCCCCCCCCCCCCCCCCCCCCCCCCCCCCCCCCCCCCCCCCCCCCCCCCCCCCCCCC,10.692215375038916,1.1078502657583535
A115,c1ccccc1CCCCCCCCCCCCCCCCCCCCCCCCCCCCCCCCCCCCCCCCCCCCCCCCCCCCCCCCCCCCCCCCCCCCCCCCCCCCCCCCCCCCCCCCCCCCCCCCCCCCCCCCCCCCC,10.692169727159131,1.1078510296014263
A116,c1ccccc1CCCCCCCCCCCCCCCCCCCCCCCCCCCCCCCCCCCCCCCCCCCCCCCCCCCCCCCCCCCCCCCCCCCCCCCCCCCCCCCCCCCCCCCCCCCCCCCCCCCCCCCCCCCCCC,10.6921228703927,1.1078518051867035
A117,c1ccccc1CCCCCCCCCCCCCCCCCCCCCCCCCCCCCCCCCCCCCCCCCCCCCCCCCCCCCCCCCCCCCCCCCCCCCCCCCCCCCCCCCCCCCCCCCCCCCCCCCCCCCCCCCCCCCCC,10.692074817380064,1.107852594417535
A118,c1ccccc1CCCCCCCCCCCCCCCCCCCCCCCCCCCCCCCCCCCCCCCCCCCCCCCCCCCCCCCCCCCCCCCCCCCCCCCCCCCCCCCCCCCCCCCCCCCCCCCCCCCCCCCCCCCCCCCC,10.692025571396405,1.1078533988443031
A119,c1ccccc1CCCCCCCCCCCCCCCCCCCCCCCCCCCCCCCCCCCCCCCCCCCCCCCCCCCCCCCCCCCCCCCCCCCCCCCCCCCCCCCCCCCCCCCCCCCCCCCCCCCCCCCCCCCCCCCCC,10.691975131788286,1.1078542196866692
A120,c1ccccc1CCCCCCCCCCCCCCCCCCCCCCCCCCCCCCCCCCCCCCCCCCCCCCCCCCCCCCCCCCCCCCCCCCCCCCCCCCCCCCCCCCCCCCCCCCCCCCCCCCCCCCCCCCCCCCCCCC,10.691923491673005,1.107855057973018
A121,c1ccccc1CCCCCCCCCCCCCCCCCCCCCCCCCCCCCCCCCCCCCCCCCCCCCCCCCCCCCCCCCCCCCCCCCCCCCCCCCCCCCCCCCCCCCCCCCCCCCCCCCCCCCCCCCCCCCCCCCCC,10.691870642604925,1.1078559145261933
A122,c1ccccc1CCCCCCCCCCCCCCCCCCCCCCCCCCCCCCCCCCCCCCCCCCCCCCCCCCCCCCCCCCCCCCCCCCCCCCCCCCCCCCCCCCCCCCCCCCCCCCCCCCCCCCCCCCCCCCCCCCCC,10.691816571846946,1.1078567900741083
A123,c1ccccc1CCCCCCCCCCCCCCCCCCCCCCCCCCCCCCCCCCCCCCCCCCCCCCCCCCCCCCCCCCCCCCCCCCCCCCCCCCCCCCCCCCCCCCCCCCCCCCCCCCCCCCCCCCCCCCCCCCCCC,10.691761266397986,1.1078576852131672
A124,c1ccccc1CCCCCCCCCCCCCCCCCCCCCCCCCCCCCCCCCCCCCCCCCCCCCCCCCCCCCCCCCCCCCCCCCCCCCCCCCCCCCCCCCCCCCCCCCCCCCCCCCCCCCCCCCCCCCCCCCCCCCC,10.691704710128086,1.107858600501457
A125,c1ccccc1CCCCCCCCCCCCCCCCCCCCCCCCCCCCCCCCCCCCCCCCCCCCCCCCCCCCCCCCCCCCCCCCCCCCCCCCCCCCCCCCCCCCCCCCCCCCCCCCCCCCCCCCCCCCCCCCCCCCCCC,10.691646887514075,1.1078595364087693
A126,c1ccccc1CCCCCCCCCCCCCCCCCCCCCCCCCCCCCCCCCCCCCCCCCCCCCCCCCCCCCCCCCCCCCCCCCCCCCCCCCCCCCCCCCCCCCCCCCCCCCCCCCCCCCCCCCCCCCCCCCCCCCCCC,10.691587780238773,1.107860493399406
A127,c1ccccc1CCCCCCCCCCCCCCCCCCCCCCCCCCCCCCCCCCCCCCCCCCCCCCCCCCCCCCCCCCCCCCCCCCCCCCCCCCCCCCCCCCCCCCCCCCCCCCCCCCCCCCCCCCCCCCCCCCCCCCCCC,10.691527371319493,1.1078614718742494
A128,c1ccccc1CCCCCCCCCCCCCCCCCCCCCCCCCCCCCCCCCCCCCCCCCCCCCCCCCCCCCCCCCCCCCCCCCCCCCCCCCCCCCCCCCCCCCCCCCCCCCCCCCCCCCCCCCCCCCCCCCCCCCCCCCC,10.691465641241695,1.1078624722474726
A129,c1ccccc1CCCCCCCCCCCCCCCCCCCCCCCCCCCCCCCCCCCCCCCCCCCCCCCCCCCCCCCCCCCCCCCCCCCCCCCCCCCCCCCCCCCCCCCCCCCCCCCCCCCCCCCCCCCCCCCCCCCCCCCCCCC,10.691402571866163,1.1078634948839716
A130,c1ccccc1CCCCCCCCCCCCCCCCCCCCCCCCCCCCCCCCCCCCCCCCCCCCCCCCCCCCCCCCCCCCCCCCCCCCCCCCCCCCCCCCCCCCCCCCCCCCCCCCCCCCCCCCCCCCCCCCCCCCCCCCCCCC,10.691338143033697,1.107864540172538
A131,c1ccccc1CCCCCCCCCCCCCCCCCCCCCCCCCCCCCCCCCCCCCCCCCCCCCCCCCCCCCCCCCCCCCCCCCCCCCCCCCCCCCCCCCCCCCCCCCCCCCCCCCCCCCCCCCCCCCCCCCCCCCCCCCCCCC,10.691272335874926,1.107865608460604
A132,c1ccccc1CCCCCCCCCCCCCCCCCCCCCCCCCCCCCCCCCCCCCCCCCCCCCCCCCCCCCCCCCCCCCCCCCCCCCCCCCCCCCCCCCCCCCCCCCCCCCCCCCCCCCCCCCCCCCCCCCCCCCCCCCCCCCC,10.691205129671479,1.1078667001254148
A133,c1ccccc1CCCCCCCCCCCCCCCCCCCCCCCCCCCCCCCCCCCCCCCCCCCCCCCCCCCCCCCCCCCCCCCCCCCCCCCCCCCCCCCCCCCCCCCCCCCCCCCCCCCCCCCCCCCCCCCCCCCCCCCCCCCCCCC,10.691136505116608,1.1078678155072172
A134,c1ccccc1CCCCCCCCCCCCCCCCCCCCCCCCCCCCCCCCCCCCCCCCCCCCCCCCCCCCCCCCCCCCCCCCCCCCCCCCCCCCCCCCCCCCCCCCCCCCCCCCCCCCCCCCCCCCCCCCCCCCCCCCCCCCCCCC,10.691066441025715,1.1078689549793574
A135,c1ccccc1CCCCCCCCCCCCCCCCCCCCCCCCCCCCCCCCCCCCCCCCCCCCCCCCCCCCCCCCCCCCCCCCCCCCCCCCCCCCCCCCCCCCCCCCCCCCCCCCCCCCCCCCCCCCCCCCCCCCCCCCCCCCCCCCC,10.690994917685277,1.1078701188805473
A136,c1ccccc1CCCCCCCCCCCCCCCCCCCCCCCCCCCCCCCCCCCCCCCCCCCCCCCCCCCCCCCCCCCCCCCCCCCCCCCCCCCCCCCCCCCCCCCCCCCCCCCCCCCCCCCCCCCCCCCCCCCCCCCCCCCCCCCCCC,10.690921913516673,1.1078713075843636
A137,c1ccccc1CCCCCCCCCCCCCCCCCCCCCCCCCCCCCCCCCCCCCCCCCCCCCCCCCCCCCCCCCCCCCCCCCCCCCCCCCCCCCCCCCCCCCCCCCCCCCCCCCCCCCCCCCCCCCCCCCCCCCCCCCCCCCCCCCCC,10.690847408501948,1.1078725214310494
A138,c1ccccc1CCCCCCCCCCCCCCCCCCCCCCCCCCCCCCCCCCCCCCCCCCCCCCCCCCCCCCCCCCCCCCCCCCCCCCCCCCCCCCCCCCCCCCCCCCCCCCCCCCCCCCCCCCCCCCCCCCCCCCCCCCCCCCCCCCCC,10.690771380735217,1.107873760796632
A139,c1ccccc1CCCCCCCCCCCCCCCCCCCCCCCCCCCCCCCCCCCCCCCCCCCCCCCCCCCCCCCCCCCCCCCCCCCCCCCCCCCCCCCCCCCCCCCCCCCCCCCCCCCCCCCCCCCCCCCCCCCCCCCCCCCCCCCCCCCCC,10.690693809931549,1.107875026024483
A140,c1ccccc1CCCCCCCCCCCCCCCCCCCCCCCCCCCCCCCCCCCCCCCCCCCCCCCCCCCCCCCCCCCCCCCCCCCCCCCCCCCCCCCCCCCCCCCCCCCCCCCCCCCCCCCCCCCCCCCCCCCCCCCCCCCCCCCCCCCCCC,10.690614673773775,1.1078763174942894
A141,c1ccccc1CCCCCCCCCCCCCCCCCCCCCCCCCCCCCCCCCCCCCCCCCCCCCCCCCCCCCCCCCCCCCCCCCCCCCCCCCCCCCCCCCCCCCCCCCCCCCCCCCCCCCCCCCCCCCCCCCCCCCCCCCCCCCCCCCCCCCCC,10.69053395171985,1.1078776355534061
A142,c1ccccc1CCCCCCCCCCCCCCCCCCCCCCCCCCCCCCCCCCCCCCCCCCCCCCCCCCCCCCCCCCCCCCCCCCCCCCCCCCCCCCCCCCCCCCCCCCCCCCCCCCCCCCCCCCCCCCCCCCCCCCCCCCCCCCCCCCCCCCCC,10.69045162121559,1.1078789805857439
A143,c1ccccc1CCCCCCCCCCCCCCCCCCCCCCCCCCCCCCCCCCCCCCCCCCCCCCCCCCCCCCCCCCCCCCCCCCCCCCCCCCCCCCCCCCCCCCCCCCCCCCCCCCCCCCCCCCCCCCCCCCCCCCCCCCCCCCCCCCCCCCCCC,10.690367661347343,1.107880352943106
A144,c1ccccc1CCCCCCCCCCCCCCCCCCCCCCCCCCCCCCCCCCCCCCCCCCCCCCCCCCCCCCCCCCCCCCCCCCCCCCCCCCCCCCCCCCCCCCCCCCCCCCCCCCCCCCCCCCCCCCCCCCCCCCCCCCCCCCCCCCCCCCCCCC,10.690282049250971,1.1078817530139438
A145,c1ccccc1CCCCCCCCCCCCCCCCCCCCCCCCCCCCCCCCCCCCCCCCCCCCCCCCCCCCCCCCCCCCCCCCCCCCCCCCCCCCCCCCCCCCCCCCCCCCCCCCCCCCCCCCCCCCCCCCCCCCCCCCCCCCCCCCCCCCCCCCCCC,10.690194763812332,1.1078831811546839
A146,c1ccccc1CCCCCCCCCCCCCCCCCCCCCCCCCCCCCCCCCCCCCCCCCCCCCCCCCCCCCCCCCCCCCCCCCCCCCCCCCCCCCCCCCCCCCCCCCCCCCCCCCCCCCCCCCCCCCCCCCCCCCCCCCCCCCCCCCCCCCCCCCCCC,10.690105781845373,1.107884637758471
A147,c1ccccc1CCCCCCCCCCCCCCCCCCCCCCCCCCCCCCCCCCCCCCCCCCCCCCCCCCCCCCCCCCCCCCCCCCCCCCCCCCCCCCCCCCCCCCCCCCCCCCCCCCCCCCCCCCCCCCCCCCCCCCCCCCCCCCCCCCCCCCCCCCCCC,10.690015081904395,1.1078861231864845
A148,c1ccccc1CCCCCCCCCCCCCCCCCCCCCCCCCCCCCCCCCCCCCCCCCCCCCCCCCCCCCCCCCCCCCCCCCCCCCCCCCCCCCCCCCCCCCCCCCCCCCCCCCCCCCCCCCCCCCCCCCCCCCCCCCCCCCCCCCCCCCCCCCCCCCC,10.689922640546486,1.1078876378366243
A149,c1ccccc1CCCCCCCCCCCCCCCCCCCCCCCCCCCCCCCCCCCCCCCCCCCCCCCCCCCCCCCCCCCCCCCCCCCCCCCCCCCCCCCCCCCCCCCCCCCCCCCCCCCCCCCCCCCCCCCCCCCCCCCCCCCCCCCCCCCCCCCCCCCCCCC,10.68982843608018,1.1078891820748331
A150,c1ccccc1CCCCCCCCCCCCCCCCCCCCCCCCCCCCCCCCCCCCCCCCCCCCCCCCCCCCCCCCCCCCCCCCCCCCCCCCCCCCCCCCCCCCCCCCCCCCCCCCCCCCCCCCCCCCCCCCCCCCCCCCCCCCCCCCCCCCCCCCCCCCCCCC,10.68973244478752,1.1078907563037785
